meeting_date,item,resolution,title,result,adopted,mover,seconder,Halpin,Hubbard,Kern,Merrifield,Rothwell,Waski
"July 7, 2026",1,2026-633,Water District Capital Project #82301 Budget Adjustment,ADOPTED [UNANIMOUS],True,Kenneth Rothwell,Robert Kern,aye,,aye,aye,aye,aye
"July 7, 2026",2,2026-634,Water Capital Project #81851 – USGS Test Wells Closure,ADOPTED [UNANIMOUS],True,Robert Kern,Denise Merrifield,aye,,aye,aye,aye,aye
"July 7, 2026",3,2026-635,Water District Capital Project 82605 National Grid Hydrant Relocation Mill Rd. Budget Adjustment,ADOPTED [UNANIMOUS],True,Denise Merrifield,Joann Waski,aye,,aye,aye,aye,aye
"July 7, 2026",4,2026-636,Water District Capital Project #82612 Peconic River Hotel 127 E Main St Budget Adoption,ADOPTED [UNANIMOUS],True,Joann Waski,Kenneth Rothwell,aye,,aye,aye,aye,aye
"July 7, 2026",5,2026-637,Capital Project #52513 EWR 2025-2026 Highway Budget Adjustment,ADOPTED [UNANIMOUS],True,Kenneth Rothwell,Robert Kern,aye,,aye,aye,aye,aye
"July 7, 2026",6,2026-638,Budget Adjustment For Purchase of New Bucket Truck for Street Lighting Division,ADOPTED [UNANIMOUS],True,Robert Kern,Denise Merrifield,aye,,aye,aye,aye,aye
"July 7, 2026",7,2026-639,Ratifies Budget Adjustment for East Creek Boat Launch Repairs,ADOPTED [UNANIMOUS],True,Denise Merrifield,Joann Waski,aye,,aye,aye,aye,aye
"July 7, 2026",8,2026-640,Suffolk County Water Authority Federal Pass-Through Grant 2025 Budget Adjustment,ADOPTED [UNANIMOUS],True,Kenneth Rothwell,Robert Kern,aye,,aye,aye,aye,aye
"July 7, 2026",9,2026-641,Budget Adjustment to Pay Down Town Square BAN,ADOPTED [UNANIMOUS],True,Robert Kern,Denise Merrifield,aye,,aye,aye,aye,aye
"July 7, 2026",10,2026-642,Budget Adjustment to Pay Down 2018 Series B Bond Refunding,ADOPTED [UNANIMOUS],True,Denise Merrifield,Joann Waski,aye,,aye,aye,aye,aye
"July 7, 2026",11,2026-643,Acceptance of Donations from George and Janice Gabrielsen Family June 2026,ADOPTED [UNANIMOUS],True,Joann Waski,Kenneth Rothwell,aye,,aye,aye,aye,aye
"July 7, 2026",12,2026-644,Accepts Donation from The Riverhead Police Benevolent Association for PAL Bike Rodeo Sponsorship,ADOPTED [UNANIMOUS],True,Kenneth Rothwell,Robert Kern,aye,,aye,aye,aye,aye
"July 7, 2026",13,2026-645,Authorizes Purchase of Meals on Wheels Truck for Seniors Department and Approves Budget Adjustment,ADOPTED [UNANIMOUS],True,Robert Kern,Denise Merrifield,aye,,aye,aye,aye,aye
"July 7, 2026",14,2026-646,Sets the Fees for Showmobile Usage,ADOPTED [UNANIMOUS],True,Denise Merrifield,Joann Waski,aye,,aye,aye,aye,aye
"July 7, 2026",15,2026-647,Amends Resolution #2026-107 Setting Fees for Riverhead Scavenger Waste,ADOPTED [UNANIMOUS],True,Joann Waski,Kenneth Rothwell,aye,,aye,aye,aye,aye
"July 7, 2026",16,2026-648,Appoints A Student Intern II To The Engineering Department (Deieso),ADOPTED [UNANIMOUS],True,Kenneth Rothwell,Robert Kern,aye,,aye,aye,aye,aye
"July 7, 2026",17,2026-649,Appoints A Student Intern II To The Engineering Department (Occhiogrosso),ADOPTED [UNANIMOUS],True,Robert Kern,Denise Merrifield,aye,,aye,aye,aye,aye
"July 7, 2026",18,2026-650,Appoints Seasonal Personnel to the Recreation Department,ADOPTED [UNANIMOUS],True,Denise Merrifield,Joann Waski,aye,,aye,aye,aye,aye
"July 7, 2026",19,2026-651,Appoints Part-time Court Officers to the Police Department,ADOPTED [UNANIMOUS],True,Joann Waski,Kenneth Rothwell,aye,,aye,aye,aye,aye
"July 7, 2026",20,2026-652,Ratifies the Appointment of a Part-time Office Assistant,ADOPTED [UNANIMOUS],True,Kenneth Rothwell,Robert Kern,aye,,aye,aye,aye,aye
"July 7, 2026",21,2026-653,Ratifies the Appointment of a Part-Time Office Assistant,ADOPTED [UNANIMOUS],True,Robert Kern,Denise Merrifield,aye,,aye,aye,aye,aye
"July 7, 2026",22,2026-654,Appoints a Senior Justice Court Clerk,ADOPTED [UNANIMOUS],True,Denise Merrifield,Joann Waski,aye,,aye,aye,aye,aye
"July 7, 2026",23,2026-655,Appoints Maintenance Mechanic II's to the Engineering Department,ADOPTED [UNANIMOUS],True,Joann Waski,Kenneth Rothwell,aye,,aye,aye,aye,aye
"July 7, 2026",24,2026-656,Amends Resolution 2026-605 Appointing an Automotive Equipment Operator,ADOPTED [UNANIMOUS],True,Kenneth Rothwell,Robert Kern,aye,,aye,aye,aye,aye
"July 7, 2026",25,2026-657,Appoints Amy Eliss to the Emerging Technology Committee,ADOPTED [UNANIMOUS],True,Robert Kern,Denise Merrifield,aye,,aye,aye,aye,aye
"July 7, 2026",26,2026-658,Appoints Salim Massoud as Chairperson of the Anti-Bias Task Force,ADOPTED [UNANIMOUS],True,Denise Merrifield,Joann Waski,aye,,aye,aye,aye,aye
"July 7, 2026",27,2026-659,Reappoints Thomas Najdzion to the Veterans Advisory Committee,ADOPTED [UNANIMOUS],True,Joann Waski,Kenneth Rothwell,aye,,aye,aye,aye,aye
"July 7, 2026",28,2026-660,Reappoints Kimberly Judd to the Veterans Advisory Committee,ADOPTED [UNANIMOUS],True,Kenneth Rothwell,Robert Kern,aye,,aye,aye,aye,aye
"July 7, 2026",29,2026-661,Ratifies the Resignation of a Minibus Driver,ADOPTED [UNANIMOUS],True,Robert Kern,Denise Merrifield,aye,,aye,aye,aye,aye
"July 7, 2026",30,2026-662,Ratifies the Resignation of an Automotive Equipment Operator,ADOPTED [UNANIMOUS],True,Denise Merrifield,Joann Waski,aye,,aye,aye,aye,aye
"July 7, 2026",31,2026-663,"Authorizes Town Clerk to Publish and Post Public Notice to Consider a Local Law to Amend Chapter 289-17 of the Riverhead Town Code Titled ""Parking time limited""",ADOPTED [UNANIMOUS],True,Joann Waski,Kenneth Rothwell,aye,,aye,aye,aye,aye
"July 7, 2026",32,2026-664,"Authorizes Town Clerk To Publish And Post Public Notice To Consider A Local Law To Amend Chapter 289 Of The Riverhead Town Code Entitled “Vehicles, Traffic And Parking Regulations”",ADOPTED [UNANIMOUS],True,Kenneth Rothwell,Robert Kern,aye,,aye,aye,aye,aye
"July 7, 2026",33,2026-665,Authorizes Town Clerk to Publish and Post Public Notice to Consider a Local Law to Amend Chapter 293 of the Riverhead Town Code,TABLED [UNANIMOUS],False,Robert Kern,Denise Merrifield,aye,,aye,aye,aye,aye
"July 7, 2026",34,2026-666,"Adopts Local Law to Amend Chapter 301, Article XVII of the Riverhead Town Code entitled ""Business F (BUS F) Zoning Use District (Manufacturers Outlet Center Overlay Zone)",ADOPTED [UNANIMOUS],True,Denise Merrifield,Joann Waski,aye,,aye,aye,aye,aye
"July 7, 2026",35,2026-667,"Authorizes Town Clerk to Publish and Post Notice to Bidders for Cues Flexitrax C550C Portable Video Pipe Inspection Camera, or Equal, for the Riverhead Sewer District",ADOPTED [UNANIMOUS],True,Joann Waski,Kenneth Rothwell,aye,,aye,aye,aye,aye
"July 7, 2026",36,2026-668,Ratifies Authorization for the Town Clerk to Publish and Post Request for Proposals for the Redevelopment of the Railroad Street Property Designated as Transit-oriented Development (TOD),ADOPTED [UNANIMOUS],True,Kenneth Rothwell,Robert Kern,aye,,aye,aye,aye,aye
"July 7, 2026",37,2026-669,Ratifies Award for Request for Proposals for Buses for Recreation Department Summer Day Camp Trips,ADOPTED [UNANIMOUS],True,Robert Kern,Denise Merrifield,aye,,aye,aye,aye,aye
"July 7, 2026",38,2026-670,Approves Special Event Chapter 255 Application for Chamber of Commerce (Concerts in the Park),ADOPTED [UNANIMOUS],True,Denise Merrifield,Joann Waski,aye,,aye,aye,aye,aye
"July 7, 2026",39,2026-671,Approves Special Event Chapter 255 Application for Hallockville Farm Museum (Hallockville Hootenanny),ADOPTED [UNANIMOUS],True,Joann Waski,Kenneth Rothwell,aye,,aye,aye,aye,aye
"July 7, 2026",40,2026-672,Approves Special Event Chapter 255 Application for Iglesia Pentecostal Familia de Dias (Prayer Service),ADOPTED [UNANIMOUS],True,Kenneth Rothwell,Robert Kern,aye,,aye,aye,aye,aye
"July 7, 2026",41,2026-673,"Approve Fireworks Application for Jamesport Fire Department (July 18, 2026)",ADOPTED [UNANIMOUS],True,Robert Kern,Denise Merrifield,aye,,aye,aye,aye,aye
"July 7, 2026",42,2026-674,"Ratifies Approval Of Fireworks And Designates Alcohol Vendor For Town Of Riverhead America 250 July 4, 2026 Event At South Jamesport Beach",ADOPTED [UNANIMOUS],True,Denise Merrifield,Joann Waski,aye,,aye,aye,aye,aye
"July 7, 2026",43,2026-675,Authorizes Additional Designated Alcohol Service Vendor To Serve Alcohol At The 2026 “Alive On 25” Street Festival,ADOPTED [UNANIMOUS],True,Joann Waski,Kenneth Rothwell,aye,,aye,aye,aye,aye
"July 7, 2026",44,2026-676,"Authorizes Supervisor to Sign a License Agreement with Advanced Climate Resources, LLC",ADOPTED [UNANIMOUS],True,Kenneth Rothwell,Robert Kern,aye,,aye,aye,aye,aye
"July 7, 2026",45,2026-677,"Authorizes The Supervisor To Execute An Addendum To An Agreement With LVF Landscape Architects, PLLC For East End Arts Buildings",ADOPTED [UNANIMOUS],True,Robert Kern,Denise Merrifield,aye,,aye,aye,aye,aye
"July 7, 2026",46,2026-678,"Ratifies Authorization for the Supervisor to Execute Stipulation with the CSEA, Local 1000, AFSCME, AFL-CIO, Riverhead Unit of the Suffolk Local #852",ADOPTED [UNANIMOUS],True,Denise Merrifield,Joann Waski,aye,,aye,aye,aye,aye
"July 7, 2026",47,2026-679,"Ratifies the Authorization for the Supervisor to Execute Stipulation with Riverhead Town Superior Officers Association, Inc.",ADOPTED [UNANIMOUS],True,Joann Waski,Kenneth Rothwell,aye,,aye,aye,aye,aye
"July 7, 2026",48,2026-680,Ratifies Authorization for the Supervisor to Execute Stipulation with Riverhead Town Police Benevolent Association,ADOPTED [UNANIMOUS],True,Kenneth Rothwell,Robert Kern,aye,,aye,aye,aye,aye
"July 7, 2026",49,2026-681,"Authorizes Release of Performance Security for Overlook Homes Major Subdivision 72 Overlook Dr, Aquebogue, NY SCTM No. 600-86-1-33.3",ADOPTED [UNANIMOUS],True,Robert Kern,Denise Merrifield,aye,,aye,aye,aye,aye
"July 7, 2026",50,2026-682,Amends Resolution 2026-320 and Authorizes the Release of a Letter of Credit for Birchwood Major Subdivision (Section 3),ADOPTED [UNANIMOUS],True,Denise Merrifield,Joann Waski,aye,,aye,aye,aye,aye
"July 7, 2026",51,2026-683,Authorizes the Supervisor to execute Certification And Point Of Contact Information Sheet With The Department Of Navy (Loaned Aircraft),ADOPTED [UNANIMOUS],True,Joann Waski,Kenneth Rothwell,aye,,aye,aye,aye,aye
"July 7, 2026",52,2026-684,Accepts H2M Architects and Engineers Proposal to Prepare Map and Plan for Town Square Splash Pad,ADOPTED [UNANIMOUS],True,Kenneth Rothwell,Robert Kern,aye,,aye,aye,aye,aye
"July 7, 2026",53,2026-685,Pays Bills,ADOPTED [UNANIMOUS],True,Robert Kern,Denise Merrifield,aye,,aye,aye,aye,aye
"June 16, 2026",1,2026-566,Capital Project #12101 - Town Square Properties Closure,ADOPTED [UNANIMOUS],True,Kenneth Rothwell,Robert Kern,aye,,aye,aye,aye,aye
"June 16, 2026",2,2026-567,Capital Project #32218 - ARPA Security Camera Installations Closure,ADOPTED [UNANIMOUS],True,Robert Kern,Denise Merrifield,aye,,aye,aye,aye,aye
"June 16, 2026",3,2026-568,Capital Project #44037 - Downtown Revitalization Round 18 Closure,ADOPTED [UNANIMOUS],True,Denise Merrifield,Joann Waski,aye,,aye,aye,aye,aye
"June 16, 2026",4,2026-569,Capital Project #52311 - EPCAL Emergency Access Road Project,ADOPTED [UNANIMOUS],True,Joann Waski,Kenneth Rothwell,aye,,aye,aye,aye,aye
"June 16, 2026",5,2026-570,Capital Project #52312 2023-24 CHIPS Closure,ADOPTED [UNANIMOUS],True,Kenneth Rothwell,Robert Kern,aye,,aye,aye,aye,aye
"June 16, 2026",6,2026-571,Capital Project #52313 2023-24 PAVE NY Closure,ADOPTED [UNANIMOUS],True,Robert Kern,Denise Merrifield,aye,,aye,aye,aye,aye
"June 16, 2026",7,2026-572,Capital Project #52314 2023-24 EWR Closure,ADOPTED [UNANIMOUS],True,Denise Merrifield,Joann Waski,aye,,aye,aye,aye,aye
"June 16, 2026",8,2026-573,Capital Project #52315 2023-24 POP Closure,ADOPTED [UNANIMOUS],True,Joann Waski,Kenneth Rothwell,aye,,aye,aye,aye,aye
"June 16, 2026",9,2026-574,Capital Project #52413 2024-25 PAVE NY Closure,ADOPTED [UNANIMOUS],True,Kenneth Rothwell,Robert Kern,aye,,aye,aye,aye,aye
"June 16, 2026",10,2026-575,Capital Project #52414 2024-25 EWR Closure,ADOPTED [UNANIMOUS],True,Robert Kern,Denise Merrifield,aye,,aye,aye,aye,aye
"June 16, 2026",11,2026-576,Capital Project #52415 2024-25 POP Closure,ADOPTED [UNANIMOUS],True,Denise Merrifield,Joann Waski,aye,,aye,aye,aye,aye
"June 16, 2026",12,2026-577,Capital Project #72323 - Stotzky Park Basketball Court Closure,ADOPTED [UNANIMOUS],True,Joann Waski,Kenneth Rothwell,aye,,aye,aye,aye,aye
"June 16, 2026",13,2026-578,Capital Project #72406 Parking Lot At Veteran's Memorial Park Closure,ADOPTED [UNANIMOUS],True,Kenneth Rothwell,Robert Kern,aye,,aye,aye,aye,aye
"June 16, 2026",14,2026-579,Capital Project #72509 - Pickleball Courts at Veteran's Memorial Park Closure,ADOPTED [UNANIMOUS],True,Robert Kern,Denise Merrifield,aye,,aye,aye,aye,aye
"June 16, 2026",15,2026-580,Capital Project #72519 - Improvements At Bayberry Park Closure,ADOPTED [UNANIMOUS],True,Denise Merrifield,Joann Waski,aye,,aye,aye,aye,aye
"June 16, 2026",16,2026-581,Sewer District Capital Project #82227 DeFriest Pump Station Closure,ADOPTED [UNANIMOUS],True,Joann Waski,Kenneth Rothwell,aye,,aye,aye,aye,aye
"June 16, 2026",17,2026-582,Sewer District Capital Project #82231 Odor Control System Closure,ADOPTED [UNANIMOUS],True,Kenneth Rothwell,Robert Kern,aye,,aye,aye,aye,aye
"June 16, 2026",18,2026-583,Water District Capital Project #82117 – Peconic Farms LLC Closure,ADOPTED [UNANIMOUS],True,Robert Kern,Denise Merrifield,aye,,aye,aye,aye,aye
"June 16, 2026",19,2026-584,Water District Capital Project #82225 – Ostad Subdivision Closure,ADOPTED [UNANIMOUS],True,Denise Merrifield,Joann Waski,aye,,aye,aye,aye,aye
"June 16, 2026",20,2026-585,Water District Capital Project #82304 – 1001 Scott Ave Closure,ADOPTED [UNANIMOUS],True,Joann Waski,Kenneth Rothwell,aye,,aye,aye,aye,aye
"June 16, 2026",21,2026-586,Water District Capital Project #82320 – Maris Subdivision Closure,ADOPTED [UNANIMOUS],True,Kenneth Rothwell,Robert Kern,aye,,aye,aye,aye,aye
"June 16, 2026",22,2026-587,Water District Capital Project #82328 – TOD Railroad Ave Closure,ADOPTED [UNANIMOUS],True,Robert Kern,Denise Merrifield,aye,,aye,aye,aye,aye
"June 16, 2026",23,2026-588,Water District Capital Project #82330 – Riverhead Self Storage 817 Pulaski St Closure,ADOPTED [UNANIMOUS],True,Denise Merrifield,Joann Waski,aye,,aye,aye,aye,aye
"June 16, 2026",24,2026-589,Water District Capital Project #82332 – 41 Manor Lane Hydrant Closure,ADOPTED [UNANIMOUS],True,Joann Waski,Kenneth Rothwell,aye,,aye,aye,aye,aye
"June 16, 2026",25,2026-590,Water District Capital Project #82333 – 38 E Main Street Closure,ADOPTED [UNANIMOUS],True,Kenneth Rothwell,Robert Kern,aye,,aye,aye,aye,aye
"June 16, 2026",26,2026-591,Water District Capital Project #82401 – 901-923 Burman Blvd Closure,ADOPTED [UNANIMOUS],True,Robert Kern,Denise Merrifield,aye,,aye,aye,aye,aye
"June 16, 2026",27,2026-592,Water District Capital Project #82409 – 901-903 Scott Ave Closure,ADOPTED [UNANIMOUS],True,Denise Merrifield,Joann Waski,aye,,aye,aye,aye,aye
"June 16, 2026",28,2026-593,Water District Capital Project #82410 – Route 25A Wading River - Venezia Square Closure,ADOPTED [UNANIMOUS],True,Joann Waski,Kenneth Rothwell,aye,,aye,aye,aye,aye
"June 16, 2026",29,2026-594,"Water District Capital Project #82501 – Kent Animal Shelter - 2259 River Rd, Calverton Closure",ADOPTED [UNANIMOUS],True,Kenneth Rothwell,Robert Kern,aye,,aye,aye,aye,aye
"June 16, 2026",30,2026-595,Water District Capital Project #82504 – Naugles Barn - Hallockville Closure,ADOPTED [UNANIMOUS],True,Robert Kern,Denise Merrifield,aye,,aye,aye,aye,aye
"June 16, 2026",31,2026-596,Water District Capital Project #82508 – LICA Cauliflower Square Closure,ADOPTED [UNANIMOUS],True,Denise Merrifield,Joann Waski,aye,,aye,aye,aye,aye
"June 16, 2026",32,2026-597,Water District Capital Project #82516 – Washville - 1535 Old Country Rd Closure,ADOPTED [UNANIMOUS],True,Joann Waski,Kenneth Rothwell,aye,,aye,aye,aye,aye
"June 16, 2026",33,2026-598,2025 Budget Transfers,ADOPTED [UNANIMOUS],True,Kenneth Rothwell,Robert Kern,aye,,aye,aye,aye,aye
"June 16, 2026",34,2026-599,Police Department Transfer of Vehicles,ADOPTED [UNANIMOUS],True,Robert Kern,Denise Merrifield,aye,,aye,aye,aye,aye
"June 16, 2026",35,2026-600,Approves Riverhead Beach Advisory Committee Recommendation And Request For Live Music At South Jamesport Beach,ADOPTED [UNANIMOUS],True,Denise Merrifield,Joann Waski,aye,,aye,aye,aye,aye
"June 16, 2026",36,2026-601,Sets Fire Prevention Operating Permit Fees 2026,ADOPTED [UNANIMOUS],True,Joann Waski,Kenneth Rothwell,aye,,aye,aye,aye,aye
"June 16, 2026",37,2026-602,Promotes two Police Officers to the Rank of Sergeant,ADOPTED [UNANIMOUS],True,Kenneth Rothwell,Robert Kern,aye,,aye,aye,aye,aye
"June 16, 2026",38,2026-603,Appoints Seasonal Personnel to the Recreation Department,ADOPTED [UNANIMOUS],True,Robert Kern,Denise Merrifield,aye,,aye,aye,aye,aye
"June 16, 2026",39,2026-604,Appoints an Intern for Town Board Councilman Robert Kern,ADOPTED [UNANIMOUS],True,Denise Merrifield,Joann Waski,aye,,aye,aye,aye,aye
"June 16, 2026",40,2026-605,Appoints an Automotive Equipment Operator to the Highway Department,ADOPTED [UNANIMOUS],True,Joann Waski,Kenneth Rothwell,aye,,aye,aye,aye,aye
"June 16, 2026",41,2026-606,Appoints a Maintenance Mechanic II to the Water District,ADOPTED [UNANIMOUS],True,Kenneth Rothwell,Robert Kern,aye,,aye,aye,aye,aye
"June 16, 2026",42,2026-607,Ratifies Amendment Of Resolution #2026-486 Appointing A Student Intern II To The Town Attorney’s Office,ADOPTED [UNANIMOUS],True,Robert Kern,Denise Merrifield,aye,,aye,aye,aye,aye
"June 16, 2026",43,2026-608,Ratifies the Appointment of a Water Treatment Plant Operator IIB (Calderon),ADOPTED [UNANIMOUS],True,Denise Merrifield,Joann Waski,aye,,aye,aye,aye,aye
"June 16, 2026",44,2026-609,Ratifies the Appointment of an Automotive Equipment Operator,ADOPTED [UNANIMOUS],True,Joann Waski,Kenneth Rothwell,aye,,aye,aye,aye,aye
"June 16, 2026",45,2026-610,"Amends Terms and Condition of Employment for Senior Citizens Program Director, Sewer District Superintendent and Payroll Supervisor",ADOPTED [UNANIMOUS],True,Kenneth Rothwell,Robert Kern,aye,,aye,aye,aye,aye
"June 16, 2026",46,2026-611,Extends Bid for Corrosion Control Chemical (PO4) for Riverhead Water District,ADOPTED [UNANIMOUS],True,Robert Kern,Denise Merrifield,aye,,aye,aye,aye,aye
"June 16, 2026",47,2026-612,Approves Special Event Chapter 255 Application for We are Live LLC (We are Live Summerfest),ADOPTED [UNANIMOUS],True,Denise Merrifield,Joann Waski,aye,,aye,aye,aye,aye
"June 16, 2026",48,2026-613,Approves Special Event Chapter 255 Special Event Application for Friends of Ken Rothwell (Concert Event),ADOPTED [4 - 0],True,Joann Waski,Kenneth Rothwell,aye,,aye,aye,abstain,aye
"June 16, 2026",49,2026-614,Approves Special Event Chapter 255 Application for Northeast State (Shakespeare in the Park: All's Well Ends Well),ADOPTED [UNANIMOUS],True,Kenneth Rothwell,Robert Kern,aye,,aye,aye,aye,aye
"June 16, 2026",50,2026-615,"Ratifies Amendment to Resolution 549-2026 Fireworks Application for Riverhead Raceway (Rain Date Change to June 13, 2026)",ADOPTED [UNANIMOUS],True,Robert Kern,Denise Merrifield,aye,,aye,aye,aye,aye
"June 16, 2026",51,2026-616,"Approves Fireworks Application for Riverhead Raceway (July 3, 2026)",ADOPTED [UNANIMOUS],True,Denise Merrifield,Joann Waski,aye,,aye,aye,aye,aye
"June 16, 2026",52,2026-617,"Temporarily Waives Sign Provisions of the Riverhead Town Code for East End Disability Associates, Inc.",ADOPTED [UNANIMOUS],True,Joann Waski,Kenneth Rothwell,aye,,aye,aye,aye,aye
"June 16, 2026",53,2026-618,Authorizes the Community Development Department to Apply for a Cinderella Grant Through National Grid,ADOPTED [UNANIMOUS],True,Kenneth Rothwell,Robert Kern,aye,,aye,aye,aye,aye
"June 16, 2026",54,2026-619,"Authorizes Town Clerk to Publish and Post Public Notice to Consider a Local Law to Amend Chapter 289 of the Riverhead Town Code Titled “Vehicles, Traffic and Parking Regulations”, Article IV “Parking, Standing and Stopping”",ADOPTED [UNANIMOUS],True,Robert Kern,Denise Merrifield,aye,,aye,aye,aye,aye
"June 16, 2026",55,2026-620,"Adopts a Local Law to Amend Chapter 213 of the Riverhead Town Code titled “Bicycles and Electric Scooters”, Article II “Electric Scooters”",ADOPTED [UNANIMOUS],True,Denise Merrifield,Joann Waski,aye,,aye,aye,aye,aye
"June 16, 2026",56,2026-621,"Authorizes The Supervisor To Execute A License Agreement With Stein Seafoods, LLC To Allow The Operation Of Floating Upweller Systems (Flupsy) In East Creek, Nunc Pro Tunc",ADOPTED [UNANIMOUS],True,Joann Waski,Kenneth Rothwell,aye,,aye,aye,aye,aye
"June 16, 2026",57,2026-622,"Ratifies the Authorization for the Town Attorney to Execute a Retainer Agreement with Siegel & Sitler, PLLC",ADOPTED [UNANIMOUS],True,Kenneth Rothwell,Robert Kern,aye,,aye,aye,aye,aye
"June 16, 2026",58,2026-623,Authorizes the Supervisor to Execute Short Term Runway use Agreement for Race Track Not Street 2026 Summer Motorsports Classic,ADOPTED [UNANIMOUS],True,Robert Kern,Denise Merrifield,aye,,aye,aye,aye,aye
"June 16, 2026",59,2026-624,Authorizes the Supervisor to Execute Short Term Runway use Agreement for Race Track Not Street 2026 Fall Motorsports Classic,ADOPTED [UNANIMOUS],True,Denise Merrifield,Joann Waski,aye,,aye,aye,aye,aye
"June 16, 2026",60,2026-625,Authorizes The Supervisor to Execute an Agreement Authorizing the Town to Accept Funds from Suffolk County Office for The Aging to Supplement the Town’s Expanded In-Home Services for the Elderly Program,ADOPTED [UNANIMOUS],True,Joann Waski,Kenneth Rothwell,aye,,aye,aye,aye,aye
"June 16, 2026",61,2026-626,Authorize Supervisor to Execute a License Agreement with Antoine Maaiki to Utilize Concession Stand at South Jamesport Beach,ADOPTED [UNANIMOUS],True,Kenneth Rothwell,Robert Kern,aye,,aye,aye,aye,aye
"June 16, 2026",62,2026-627,Approves Agreement Between Town Of Riverhead And Winship Media LLC (Utilize Parking Police Personnel And Police Cars - 2026 Jazz In The Vines),ADOPTED [UNANIMOUS],True,Robert Kern,Denise Merrifield,aye,,aye,aye,aye,aye
"June 16, 2026",63,2026-628,Ratifies the Authorization to Commence Legal Action Against 400 David Court LLC,ADOPTED [UNANIMOUS],True,Denise Merrifield,Joann Waski,aye,,aye,aye,aye,aye
"June 16, 2026",64,2026-629,"Authorizes Speed Limit Changes on Northville Turnpike (CR 43), Riverhead, NY",ADOPTED [UNANIMOUS],True,Joann Waski,Kenneth Rothwell,aye,,aye,aye,aye,aye
"June 16, 2026",65,2026-630,Pays Bills,ADOPTED [UNANIMOUS],True,Kenneth Rothwell,Robert Kern,aye,,aye,aye,aye,aye
"June 16, 2026",66,2026-631,"Issues Negative Declaration Pursuant to SEQR, Grants In-Part, Denies In- Part, Site Plan Amendment Application for Scott's Pointe (d/b/a Island Water Park) 5835 Middle Country Road, Calverton, NY SCTM No. 600-135-1-7.34",ADOPTED [UNANIMOUS],True,Robert Kern,Denise Merrifield,aye,,aye,aye,aye,aye
"June 2, 2026",1,2026-527,Authorizes Removal of Fixed Assets,ADOPTED [UNANIMOUS],True,Kenneth Rothwell,Robert Kern,aye,,aye,aye,aye,aye
"June 2, 2026",2,2026-528,Ratifies Acceptance of Donation of Plants from Gabrielsen's Country Plant Farm May 2026,ADOPTED [UNANIMOUS],True,Robert Kern,Denise Merrifield,aye,,aye,aye,aye,aye
"June 2, 2026",3,2026-529,Accepts the Donation of the use of a Marine Barge to the Town of Riverhead for the America 250 Fireworks Show,ADOPTED [UNANIMOUS],True,Denise Merrifield,Joann Waski,aye,,aye,aye,aye,aye
"June 2, 2026",4,2026-530,Ratifies Authorization Of The Acceptance Of Donations From Peconic Hockey Foundation,ADOPTED [UNANIMOUS],True,Joann Waski,Kenneth Rothwell,aye,,aye,aye,aye,aye
"June 2, 2026",5,2026-531,Appoints Seasonal Personnel to the Recreation Department,ADOPTED [UNANIMOUS],True,Kenneth Rothwell,Robert Kern,aye,,aye,aye,aye,aye
"June 2, 2026",6,2026-532,Ratifies the Appointment of a Part-Time Bilingual Office Assistant,ADOPTED [UNANIMOUS],True,Robert Kern,Denise Merrifield,aye,,aye,aye,aye,aye
"June 2, 2026",7,2026-533,Appoints an Intern to the Police Department,ADOPTED [UNANIMOUS],True,Denise Merrifield,Joann Waski,aye,,aye,aye,aye,aye
"June 2, 2026",8,2026-534,Appoints a Network and Systems Administrator,ADOPTED [UNANIMOUS],True,Joann Waski,Kenneth Rothwell,aye,,aye,aye,aye,aye
"June 2, 2026",9,2026-535,Ratifies and Accepts the Resignation of a Traffic Control Specialist,ADOPTED [UNANIMOUS],True,Kenneth Rothwell,Robert Kern,aye,,aye,aye,aye,aye
"June 2, 2026",10,2026-536,Reappoints Phil Schmitt to the Agricultural Advisory Committee,ADOPTED [UNANIMOUS],True,Robert Kern,Denise Merrifield,aye,,aye,aye,aye,aye
"June 2, 2026",11,2026-537,Reappoints Charles Cetas to the Open Space Advisory Committee,ADOPTED [UNANIMOUS],True,Denise Merrifield,Joann Waski,aye,,aye,aye,aye,aye
"June 2, 2026",12,2026-538,Reappoints Janis Leonti to the Open Space Advisory Committee,[UNANIMOUS],True,Joann Waski,Kenneth Rothwell,aye,,aye,aye,aye,aye
"June 2, 2026",13,2026-539,Reappoints Nancy Gilbert to the Open Space Advisory Committee,ADOPTED [UNANIMOUS],True,Kenneth Rothwell,Robert Kern,aye,,aye,aye,aye,aye
"June 2, 2026",14,2026-540,Reappoints Marjorie Acevedo to the Open Space Advisory Committee,ADOPTED [UNANIMOUS],True,Robert Kern,Denise Merrifield,aye,,aye,aye,aye,aye
"June 2, 2026",15,2026-541,Reappoints George Bartunek to the Open Space Advisory Committee,ADOPTED [UNANIMOUS],True,Denise Merrifield,Joann Waski,aye,,aye,aye,aye,aye
"June 2, 2026",16,2026-542,Acceptance of 2025 CPF Audited Financial Statements,ADOPTED [UNANIMOUS],True,Joann Waski,Kenneth Rothwell,aye,,aye,aye,aye,aye
"June 2, 2026",17,2026-543,"Grants Approval for Site Plan Modification application entitled Riveredge, LLC, 962 Burman Boulevard, SCTM No. 600-135.20-10-1-5",ADOPTED [UNANIMOUS],True,Kenneth Rothwell,Robert Kern,aye,,aye,aye,aye,aye
"June 2, 2026",18,2026-544,"Order Establishing the Extension of Facilities of the Riverhead Water District for Summerwind Farm Subdivision, for a Water Main Extension at the Property known as SCTM 0600-86-2-8.2 in Aquebogue, New York",ADOPTED [UNANIMOUS],True,Robert Kern,Denise Merrifield,aye,,aye,aye,aye,aye
"June 2, 2026",19,2026-545,"Approves Fireworks Application for The Rock Golf Club on July 5, 2026",ADOPTED [UNANIMOUS],True,Denise Merrifield,Joann Waski,aye,,aye,aye,aye,aye
"June 2, 2026",20,2026-546,"Approves Fireworks Application for Baiting Hollow Club on August 15, 2026",ADOPTED [UNANIMOUS],True,Joann Waski,Kenneth Rothwell,aye,,aye,aye,aye,aye
"June 2, 2026",21,2026-547,"Approves Fireworks Application for Baiting Hollow Club on October 27, 2026",ADOPTED [UNANIMOUS],True,Kenneth Rothwell,Robert Kern,aye,,aye,aye,aye,aye
"June 2, 2026",22,2026-548,Approves Special Event Chapter 255 Application for United States Golf Association (2026 US Open General Parking and Transportation Operation),ADOPTED [UNANIMOUS],True,Robert Kern,Denise Merrifield,aye,,aye,aye,aye,aye
"June 2, 2026",23,2026-549,"Amends Resolution 449-2026 Fireworks Application for Riverhead Raceway (Rain Date Change to June 6, 2026)",ADOPTED [UNANIMOUS],True,Denise Merrifield,Joann Waski,aye,,aye,aye,aye,aye
"June 2, 2026",24,2026-550,Amends Resolution 2026-511 (Approves Special Event Resolution Chapter 255 Application for Rail Road Museum),ADOPTED [UNANIMOUS],True,Joann Waski,Kenneth Rothwell,aye,,aye,aye,aye,aye
"June 2, 2026",25,2026-551,Authorizes Designated Alcohol Service Vendors To Serve Alcohol At The 2026 “Alive On 25” Street Festival,ADOPTED [UNANIMOUS],True,Kenneth Rothwell,Robert Kern,aye,,aye,aye,aye,aye
"June 2, 2026",26,2026-552,"Authorizes Supervisor To Execute An Agreement With Goodman-Marks Associates, Inc. To Conduct An Appraisal (Railroad Ave. Parking Lot for TOD)",ADOPTED [UNANIMOUS],True,Robert Kern,Denise Merrifield,aye,,aye,aye,aye,aye
"June 2, 2026",27,2026-553,"Resolution Adopting Findings and Determination Pursuant to Article 2 of the Eminent Domain Procedure Law Regarding Acquisition of Fee Title to111 East Main Street, Riverhead, New York, reputed owner - a place for learning, inc. SUFFOLK COUNTY TAX MAP #600-129-1-11",[3 - 1],True,Denise Merrifield,Joann Waski,abstain,,abstain,aye,aye,aye
"June 2, 2026",28,2026-554,Authorizes the Supervisor to Execute an Agreement with SUSA Soccer Training for Instruction/Training and Professional Officials for Town of Riverhead Police Athletic League Soccer Program Grades K-6 for 2026 Calendar Year,ADOPTED [UNANIMOUS],True,Joann Waski,Kenneth Rothwell,aye,,aye,aye,aye,aye
"June 2, 2026",29,2026-555,"Authorizes Town Clerk to Publish and Post Notice of Public Hearing to Consider a Local Law to Amend Chapter 301 Zoning and Land Development to amend the Town’s Site Plan Review Procedure, and to remove fees related to certain land use applications from the Town Code To Allow the Town Board to Establish a Planning Division Fee Schedule",ADOPTED [UNANIMOUS],True,Kenneth Rothwell,Robert Kern,aye,,aye,aye,aye,aye
"June 2, 2026",30,2026-556,"Authorizes Town Clerk to Publish and Post Notice of Public Hearing to Consider a Local Law to Amend Chapter 105 Boards, Commission and Councils, Article II Appeals, Board of, §105-9 Filing Fees",ADOPTED [UNANIMOUS],True,Robert Kern,Denise Merrifield,aye,,aye,aye,aye,aye
"June 2, 2026",31,2026-557,"Authorizes Town Clerk to Publish and Post Notice of Public Hearing to Consider a Local Law to Amend Chapter 219 Coastal Erosion Hazard Areas, §219-26 Fees for Permits and Appeals",ADOPTED [UNANIMOUS],True,Denise Merrifield,Joann Waski,aye,,aye,aye,aye,aye
"June 2, 2026",32,2026-558,"Authorizes Town Clerk to Publish and Post Notice of Public Hearing to Consider a Local Law to Amend Chapter 295 Wetlands, §295-6 Application for Permit and §295-10 Enforcement; Penalties for Offenses",ADOPTED [UNANIMOUS],True,Joann Waski,Kenneth Rothwell,aye,,aye,aye,aye,aye
"June 2, 2026",33,2026-559,Adopts A Local Law Amending Chapter 231 Of The Riverhead Town Code Entitled “Fire Prevention“,ADOPTED [UNANIMOUS],True,Kenneth Rothwell,Robert Kern,aye,,aye,aye,aye,aye
"June 2, 2026",34,2026-560,"Adopts A Local Law Amending Chapter 301 Of The Riverhead Town Code Entitled ""Zoning And Land Development, Part 3., Supplementary Regulations”",ADOPTED [UNANIMOUS],True,Robert Kern,Denise Merrifield,aye,,aye,aye,aye,aye
"June 2, 2026",35,2026-561,"Adopts a Local Law to Amend Chapter 293 of the Riverhead Town Code Titled “Waterways and Water-Related Activities”, Article IX “Shellfish and Finfish”",ADOPTED [UNANIMOUS],True,Denise Merrifield,Joann Waski,aye,,aye,aye,aye,aye
"June 2, 2026",36,2026-562,Pays Bills,ADOPTED [UNANIMOUS],True,Joann Waski,Kenneth Rothwell,aye,,aye,aye,aye,aye
"June 2, 2026",37,2026-563,Ratifies Authorization for Supervisor to Sign Second Addendum to Consultant/Professional Services Agreement With Joan Mottern,ADOPTED [UNANIMOUS],True,Kenneth Rothwell,Robert Kern,aye,,aye,aye,aye,aye
"June 2, 2026",38,2026-564,"Ratifies the Authorization of the Supervisor to Execute Stipulation with the CSEA, Local 1000, AFSCME, AFL-CIO, Riverhead Unit of the Suffolk Local # 852",ADOPTED [UNANIMOUS],True,Robert Kern,Denise Merrifield,aye,,aye,aye,aye,aye
"June 2, 2026",39,2026-565,Authorizes Town Clerk To Publish And Post NYSDEC Notice Of Complete Application And Declares Type II Action,ADOPTED [UNANIMOUS],True,Denise Merrifield,Joann Waski,aye,,aye,aye,aye,aye
"May 20, 2026",1,2026-470,Ambulance District Budget Adjustment to Fund RVAC 2026 Budget,ADOPTED [UNANIMOUS],True,Kenneth Rothwell,Joann Waski,aye,,absent,aye,aye,aye
"May 20, 2026",2,2026-471,"Budget Adjustment For The Removal Of Weeds, Yard Waste, Litter, Garbage/Refuse, Rubbish Upon The Premises Known As 219 Hubbard Ave, Riverhead, New York",ADOPTED [UNANIMOUS],True,Robert Kern,Denise Merrifield,aye,,aye,aye,aye,aye
"May 20, 2026",3,2026-472,Town of Riverhead 202-b Biosolids Project Bond Authorization,ADOPTED [UNANIMOUS],True,Denise Merrifield,Joann Waski,aye,,aye,aye,aye,aye
"May 20, 2026",4,2026-473,Sewer District Capital Project #82210 Budget Adjustment for Biosolids Facility,ADOPTED [UNANIMOUS],True,Joann Waski,Kenneth Rothwell,aye,,aye,aye,aye,aye
"May 20, 2026",5,2026-474,Sewer District Capital Project #82611 1575 Old Country Road Budget Adoption,ADOPTED [UNANIMOUS],True,Kenneth Rothwell,Robert Kern,aye,,aye,aye,aye,aye
"May 20, 2026",6,2026-475,Ratifies Removal and Auction Sale of Fixed Assets,ADOPTED [UNANIMOUS],True,Robert Kern,Denise Merrifield,aye,,aye,aye,aye,aye
"May 20, 2026",7,2026-476,Authorizes Removal of Fixed Assets,ADOPTED [UNANIMOUS],True,Denise Merrifield,Joann Waski,aye,,aye,aye,aye,aye
"May 20, 2026",8,2026-477,Authorizes Purchase of Massey Ferguson Tractor for Highway Department,ADOPTED [UNANIMOUS],True,Joann Waski,Kenneth Rothwell,aye,,aye,aye,aye,aye
"May 20, 2026",9,2026-478,Approves the Attendance of One Police Department Employee to Attend a Seminar,ADOPTED [UNANIMOUS],True,Kenneth Rothwell,Robert Kern,aye,,aye,aye,aye,aye
"May 20, 2026",10,2026-479,Authorizes Personnel Employees to Attend a Seminar,[UNANIMOUS],True,Robert Kern,Denise Merrifield,aye,,aye,aye,aye,aye
"May 20, 2026",11,2026-480,Appoints Seasonal Personnel to the Recreation Department,[UNANIMOUS],True,Denise Merrifield,Joann Waski,aye,,aye,aye,aye,aye
"May 20, 2026",12,2026-481,Ratifies the Reappointment of a Seasonal Pump Out Boat Operator,ADOPTED [UNANIMOUS],True,Joann Waski,Kenneth Rothwell,aye,,aye,aye,aye,aye
"May 20, 2026",13,2026-482,Ratifies the appointment of a Call-In Bus Driver to the Recreation Department,ADOPTED [UNANIMOUS],True,Kenneth Rothwell,Robert Kern,aye,,aye,aye,aye,aye
"May 20, 2026",14,2026-483,Approves a Temporary Part-time Account Clerk,ADOPTED [UNANIMOUS],True,Robert Kern,Denise Merrifield,aye,,aye,aye,aye,aye
"May 20, 2026",15,2026-484,Appoints Public Safety Dispatchers to the Police Department,ADOPTED [UNANIMOUS],True,Denise Merrifield,Joann Waski,aye,,aye,aye,aye,aye
"May 20, 2026",16,2026-485,Appoints a Maintenance Mechanic II to the Water District,ADOPTED [UNANIMOUS],True,Joann Waski,Kenneth Rothwell,aye,,aye,aye,aye,aye
"May 20, 2026",17,2026-486,Appoints a Student Intern II to the Town Attorney’s Office,ADOPTED [UNANIMOUS],True,Kenneth Rothwell,Robert Kern,aye,,aye,aye,aye,aye
"May 20, 2026",18,2026-487,Provisionally Appoints a Youth Counselor,ADOPTED [UNANIMOUS],True,Robert Kern,Denise Merrifield,aye,,aye,aye,aye,aye
"May 20, 2026",19,2026-488,Ratifies the Termination of an Employee,ADOPTED [UNANIMOUS],True,Denise Merrifield,Joann Waski,aye,,aye,aye,aye,aye
"May 20, 2026",20,2026-489,Accepts the Resignation of a Maintenance Mechanic II,ADOPTED [UNANIMOUS],True,Joann Waski,Kenneth Rothwell,aye,,aye,aye,aye,aye
"May 20, 2026",21,2026-490,Ratifies and Accepts the Retirement of a Youth Counselor,ADOPTED [UNANIMOUS],True,Kenneth Rothwell,Robert Kern,aye,,aye,aye,aye,aye
"May 20, 2026",22,2026-491,Reappoints Frank Petrignani to the Recreation Advisory Committee,ADOPTED [UNANIMOUS],True,Robert Kern,Denise Merrifield,aye,,aye,aye,aye,aye
"May 20, 2026",23,2026-492,Reappoints George Gabrielsen to the Recreation Advisory Committee,ADOPTED [UNANIMOUS],True,Denise Merrifield,Joann Waski,aye,,aye,aye,aye,aye
"May 20, 2026",24,2026-493,Reappoints Rose Sanders to the Recreation Advisory Committee,ADOPTED [UNANIMOUS],True,Joann Waski,Kenneth Rothwell,aye,,aye,aye,aye,aye
"May 20, 2026",25,2026-494,Reappoints Monique Parsons to the Recreation Advisory Committee,ADOPTED [UNANIMOUS],True,Kenneth Rothwell,Robert Kern,aye,,aye,aye,aye,aye
"May 20, 2026",26,2026-495,Reappoints Shannon Reitz to the Recreation Advisory Committee,ADOPTED [UNANIMOUS],True,Robert Kern,Denise Merrifield,aye,,aye,aye,aye,aye
"May 20, 2026",27,2026-496,Reappoints Marjorie Acevedo to the Recreation Advisory Committee,ADOPTED [UNANIMOUS],True,Denise Merrifield,Joann Waski,aye,,aye,aye,aye,aye
"May 20, 2026",28,2026-497,Reappoints Dwayne Eleazer to the Recreation Advisory Committee,ADOPTED [UNANIMOUS],True,Joann Waski,Kenneth Rothwell,aye,,aye,aye,aye,aye
"May 20, 2026",29,2026-498,Amends Resolution #2026-305 Appointing Joe Oliver to the Parking District Advisory Committee,ADOPTED [UNANIMOUS],True,Kenneth Rothwell,Robert Kern,aye,,aye,aye,aye,aye
"May 20, 2026",30,2026-499,Extends Bid for Annual Fire and Security Alarm Systems,ADOPTED [UNANIMOUS],True,Robert Kern,Denise Merrifield,aye,,aye,aye,aye,aye
"May 20, 2026",31,2026-500,"Authorizes the Town Clerk to Publish and Post a Request for Qualifications for Engineering Services for Installation of Water Mains and Appurtenances for Boundary Extension Nos. 95, 96, and 97 - Riverhead Water District",ADOPTED [UNANIMOUS],True,Denise Merrifield,Joann Waski,aye,,aye,aye,aye,aye
"May 20, 2026",32,2026-501,"Authorizes Town Clerk to Publish and Post Public Notice for Public Hearing for the Special Permit and Site Plan Applications Entitled PECONIC RIVER HOTEL,117-217 E. Main Street, Riverhead NY, p/o SCTM Nos. 600-129-1 13; 14 & 15 and p/o SCTM NO. 600-128-6-86.1",ADOPTED [UNANIMOUS],True,Kenneth Rothwell,Robert Kern,aye,,aye,aye,aye,aye
"May 20, 2026",33,2026-502,"Adopts a Local Law to Amend Chapter 279 of the Riverhead Town Code Titled “Taxation”, Article VIII “Exemption for Volunteer Firefighters and Volunteer Ambulance Workers”",ADOPTED [UNANIMOUS],True,Kenneth Rothwell,Robert Kern,aye,,aye,aye,aye,aye
"May 20, 2026",34,2026-503,"Adopts a Local Law to Amend Chapter 273 of the Riverhead Town Code Titled “Solid Waste”, Article V “General Provisions Applicable to Solid Waste for All Properties and Uses”",[UNANIMOUS],True,Robert Kern,Denise Merrifield,aye,,aye,aye,aye,aye
"May 20, 2026",35,2026-504,"Acceptance of Environmental Protection Fund Grant Award through the New York State Office of Parks, Recreation and Historic Preservation",ADOPTED [UNANIMOUS],True,Denise Merrifield,Joann Waski,aye,,aye,aye,aye,aye
"May 20, 2026",36,2026-505,Grants Extension of Final Site Plan Approval for the Site Plan Application of Zenith Building 12 McDermott Ave SCTM No. 600-129-4-5.2,ADOPTED [UNANIMOUS],True,Joann Waski,Kenneth Rothwell,aye,,aye,aye,aye,aye
"May 20, 2026",37,2026-506,"Authorizes Designated Alcohol Service Vendors to Serve Alcohol at the ""4th Before the 4th"" Festival",ADOPTED [UNANIMOUS],True,Kenneth Rothwell,Robert Kern,aye,,aye,aye,aye,aye
"May 20, 2026",38,2026-507,Approves Special Event Chapter 255 Application for Race Track Not Street (2027 Summer Classic),ADOPTED [UNANIMOUS],True,Robert Kern,Denise Merrifield,aye,,aye,aye,aye,aye
"May 20, 2026",39,2026-508,Approves Special Event Chapter 255 Application for Race Track Not Street (2027 Championship Series),ADOPTED [UNANIMOUS],True,Denise Merrifield,Joann Waski,aye,,aye,aye,aye,aye
"May 20, 2026",40,2026-509,Approves Special Event Chapter 255 Application for The Railroad Museum of Long Island (Riverhead Railroad Festival 2026),ADOPTED [UNANIMOUS],True,Joann Waski,Kenneth Rothwell,aye,,aye,aye,aye,aye
"May 20, 2026",41,2026-510,Approves Special Event Chapter 255 Application for AAECF Inc. (The AAECF Concert Series: Celebrating 250 Years: Many Nations within one),ADOPTED [UNANIMOUS],True,Kenneth Rothwell,Robert Kern,aye,,aye,aye,aye,aye
"May 20, 2026",42,2026-511,Approves Special Event Chapter 255 Application for Rail Road Museum (Memorial and Historical Marker),[UNANIMOUS],True,Robert Kern,Denise Merrifield,aye,,aye,aye,aye,aye
"May 20, 2026",43,2026-512,Approves Special Event Chapter 255 Application for Little Flower Children and Family Services of NY (Little Flower's Summer Festival),ADOPTED [UNANIMOUS],True,Denise Merrifield,Joann Waski,aye,,aye,aye,aye,aye
"May 20, 2026",44,2026-513,Approves Special Event Chapter 255 Application for Jamesport Firemen's Association (Annual Carnival/Bazaar),ADOPTED [UNANIMOUS],True,Joann Waski,Kenneth Rothwell,aye,,aye,aye,aye,aye
"May 20, 2026",45,2026-514,"Authorizes Co-Sponsorship Of “Duck Pond Day” On Sunday June 14, 2026 (Rain Date June 21, 2026) With The Duck Pond Society",ADOPTED [UNANIMOUS],True,Kenneth Rothwell,Robert Kern,aye,,aye,aye,aye,aye
"May 20, 2026",46,2026-515,Authorizes Designated Alcohol Service Vendors to Serve Alcohol at the “COMMUNITY MOSAIC STREET PAINTING FESTIVAL 2026”,ADOPTED [UNANIMOUS],True,Robert Kern,Denise Merrifield,aye,,aye,aye,aye,aye
"May 20, 2026",47,2026-516,Authorizes Designated Alcohol Service Vendors to Serve Alcohol at The 2026 “Duck Pond Day” Street Festival,ADOPTED [UNANIMOUS],True,Denise Merrifield,Joann Waski,aye,,aye,aye,aye,aye
"May 20, 2026",48,2026-517,Authorizes the Chief of Police to Execute a Student Intern Agreement,ADOPTED [UNANIMOUS],True,Joann Waski,Kenneth Rothwell,aye,,aye,aye,aye,aye
"May 20, 2026",49,2026-518,Authorizes The Supervisor To Execute A Professional Services Agreement With Main Street Agency For Alive On 25 2026,ADOPTED [UNANIMOUS],True,Kenneth Rothwell,Robert Kern,aye,,aye,aye,aye,aye
"May 20, 2026",50,2026-519,Authorizes Supervisor To Sign Authorization Agreement With Long Island Power Authority (LIPA) For 2025-2026 Pilots,ADOPTED [UNANIMOUS],True,Robert Kern,Denise Merrifield,aye,,aye,aye,aye,aye
"May 20, 2026",51,2026-520,"Authorizes the Supervisor to Execute a Letter of Intent with the YMCA for the Redevelopment of 1405 Old Country Road, Riverhead, New York, known as the former New York State Armory",ADOPTED [UNANIMOUS],True,Denise Merrifield,Joann Waski,aye,,aye,aye,aye,aye
"May 20, 2026",52,2026-521,Pays Bills,ADOPTED [UNANIMOUS],True,Joann Waski,Kenneth Rothwell,aye,,aye,aye,aye,aye
"May 20, 2026",53,2026-522,Budget Adjustment for Part-Time Staff for Code Enforcement and Town Attorney,ADOPTED [UNANIMOUS],True,Kenneth Rothwell,Robert Kern,aye,,aye,aye,aye,aye
"May 20, 2026",54,2026-523,Authorizes Settlement of Legal Action by Patrick Gugliotta Against the Town of Riverhead,ADOPTED [UNANIMOUS],True,Robert Kern,Denise Merrifield,aye,,aye,aye,aye,aye
"May 20, 2026",56,2026-525,Authorizes the Supervisor to Execute an Amendment & Extension Agreement with Parking and Mobility Consultants Inc.,ADOPTED [UNANIMOUS],True,Kenneth Rothwell,Denise Merrifield,aye,,aye,aye,aye,aye
"May 20, 2026",57,2026-526,"Authorizes the Supervisor to Execute an Agreement with the Riverhead Business Improvement District Management Association, Inc.",ADOPTED [UNANIMOUS],True,Kenneth Rothwell,Robert Kern,aye,,aye,aye,aye,aye
"May 5, 2026",1,2026-412,Capital Project 12503 - Wading River Highway Building Budget Adjustment,ADOPTED [UNANIMOUS],True,Kenneth Rothwell,Robert Kern,aye,,aye,aye,aye,aye
"May 5, 2026",2,2026-413,Sewer District Capital Project # 82609 Northville Commons Budget Adoption,ADOPTED [UNANIMOUS],True,Robert Kern,Denise Merrifield,aye,,aye,aye,aye,aye
"May 5, 2026",3,2026-414,Water District Capital Project #82303 - 203 E Main St Budget Adjustment,ADOPTED [UNANIMOUS],True,Denise Merrifield,Joann Waski,aye,,aye,aye,aye,aye
"May 5, 2026",4,2026-415,Water District Capital Project #82308 Well No. 5-2A Budget Adjustment,ADOPTED [UNANIMOUS],True,Joann Waski,Kenneth Rothwell,aye,,aye,aye,aye,aye
"May 5, 2026",5,2026-416,Water District Capital Project #82608 645 Grumman Blvd Budget Adoption,ADOPTED [UNANIMOUS],True,Kenneth Rothwell,Robert Kern,aye,,aye,aye,aye,aye
"May 5, 2026",6,2026-417,Water District Capital Project #82610 RH Hamptons LLC Hydrant Replacement Budget Adoption,ADOPTED [UNANIMOUS],True,Robert Kern,Denise Merrifield,aye,,aye,aye,aye,aye
"May 5, 2026",7,2026-418,Authorizes Removal of Fixed Assets,ADOPTED [UNANIMOUS],True,Denise Merrifield,Joann Waski,aye,,aye,aye,aye,aye
"May 5, 2026",8,2026-419,"Accepts Donation from Kenneth Rothwell, Alexander-Rothwell Funeral Home for PAL",ADOPTED [4 - 0],True,Joann Waski,Kenneth Rothwell,aye,,aye,aye,absent,aye
"May 5, 2026",9,2026-420,Sets the Fees for Rental Permit Applications,ADOPTED [UNANIMOUS],True,Kenneth Rothwell,Robert Kern,aye,,aye,aye,aye,aye
"May 5, 2026",10,2026-421,Authorizes Sewer District Employees To Attend Seminar,ADOPTED [UNANIMOUS],True,Robert Kern,Denise Merrifield,aye,,aye,aye,aye,aye
"May 5, 2026",11,2026-422,Ratifies the Authorization for Two Police Department Employees to Attend a Training,ADOPTED [UNANIMOUS],True,Denise Merrifield,Joann Waski,aye,,aye,aye,aye,aye
"May 5, 2026",12,2026-423,Sets Salaries for 2026 Recreation Summer Camp Coordinator Personnel,ADOPTED [UNANIMOUS],True,Joann Waski,Kenneth Rothwell,aye,,aye,aye,aye,aye
"May 5, 2026",13,2026-424,Rehires and Sets Salaries for Seasonal Employees and Changes the Status of Current Call-In Employees to Seasonal Employees in the Recreation Department,ADOPTED [UNANIMOUS],True,Kenneth Rothwell,Robert Kern,aye,,aye,aye,aye,aye
"May 5, 2026",14,2026-425,Appoints Seasonal Personnel to the Recreation Department,ADOPTED [UNANIMOUS],True,Robert Kern,Denise Merrifield,aye,,aye,aye,aye,aye
"May 5, 2026",15,2026-426,Appoints a Police Officer to the Police Department,ADOPTED [UNANIMOUS],True,Denise Merrifield,Joann Waski,aye,,aye,aye,aye,aye
"May 5, 2026",16,2026-427,Ratifies the Appointment of a Fire Marshal I,ADOPTED [UNANIMOUS],True,Joann Waski,Kenneth Rothwell,aye,,aye,aye,aye,aye
"May 5, 2026",17,2026-428,Ratifies the Reclassification of Maintenance Mechanic II to a Maintenance Mechanic III,ADOPTED [UNANIMOUS],True,Kenneth Rothwell,Robert Kern,aye,,aye,aye,aye,aye
"May 5, 2026",18,2026-429,Accepts the Resignation of a Maintenance Mechanic II,ADOPTED [UNANIMOUS],True,Robert Kern,Denise Merrifield,aye,,aye,aye,aye,aye
"May 5, 2026",19,2026-430,Ratifies and Accepts the Resignation of a Traffic Control Specialist,ADOPTED [UNANIMOUS],True,Denise Merrifield,Joann Waski,aye,,aye,aye,aye,aye
"May 5, 2026",20,2026-431,Appoints Johnathan Sujecki to the Riverhead Farmland Preservation Committee,ADOPTED [UNANIMOUS],True,Joann Waski,Kenneth Rothwell,aye,,aye,aye,aye,aye
"May 5, 2026",21,2026-432,Appoints Megan Stettinger to the Senior Citizen Advisory Council,ADOPTED [UNANIMOUS],True,Kenneth Rothwell,Robert Kern,aye,,aye,aye,aye,aye
"May 5, 2026",22,2026-433,Appoints Sean Egan to the East Creek Advisory Committee,[UNANIMOUS],True,Robert Kern,Denise Merrifield,aye,,aye,aye,aye,aye
"May 5, 2026",23,2026-434,Appoints Kyle Conklin to the East Creek Advisory Committee,ADOPTED [UNANIMOUS],True,Denise Merrifield,Joann Waski,aye,,aye,aye,aye,aye
"May 5, 2026",24,2026-435,Appoints Charles Thomas to the East Creek Advisory Committee,ADOPTED [UNANIMOUS],True,Joann Waski,Kenneth Rothwell,aye,,aye,aye,aye,aye
"May 5, 2026",25,2026-436,Appoints Thomas Pipczynski to the East Creek Advisory Committee,ADOPTED [UNANIMOUS],True,Kenneth Rothwell,Robert Kern,aye,,aye,aye,aye,aye
"May 5, 2026",26,2026-437,"Reappoints Gary Vogel to the Hispanic Development, Empowerment and Education Committee",ADOPTED [UNANIMOUS],True,Robert Kern,Denise Merrifield,aye,,aye,aye,aye,aye
"May 5, 2026",27,2026-438,"Reappoints Daniel Sullivan to the Hispanic Development, Empowerment and Education Committee",ADOPTED [UNANIMOUS],True,Denise Merrifield,Joann Waski,aye,,aye,aye,aye,aye
"May 5, 2026",28,2026-439,"Reappoints Steven Ouzounian to the Hispanic Development, Empowerment and Education Committee",ADOPTED [UNANIMOUS],True,Joann Waski,Kenneth Rothwell,aye,,aye,aye,aye,aye
"May 5, 2026",29,2026-440,Reappoints Grace Swift to the Senior Citizen Advisory Council,ADOPTED [UNANIMOUS],True,Kenneth Rothwell,Robert Kern,aye,,aye,aye,aye,aye
"May 5, 2026",30,2026-441,Reappoints Sarah Mayo to the Senior Citizen Advisory Council,ADOPTED [UNANIMOUS],True,Robert Kern,Denise Merrifield,aye,,aye,aye,aye,aye
"May 5, 2026",31,2026-442,Approves Request for a Leave of Absence,ADOPTED [UNANIMOUS],True,Denise Merrifield,Joann Waski,aye,,aye,aye,aye,aye
"May 5, 2026",32,2026-443,Ratifies the Extension of an Unpaid Leave of Absence,ADOPTED [UNANIMOUS],True,Joann Waski,Kenneth Rothwell,aye,,aye,aye,aye,aye
"May 5, 2026",33,2026-444,Ratifies the Approval of Special Event Chapter 255 Application for Costco Wholesale (CMN Fundraising Event),ADOPTED [UNANIMOUS],True,Kenneth Rothwell,Robert Kern,aye,,aye,aye,aye,aye
"May 5, 2026",34,2026-445,Approves Special Event Chapter 255 Application for Muddy Princess (Muddy Kids and Muddy Princess 5K Obstacle Course Mud Run),ADOPTED [UNANIMOUS],True,Robert Kern,Denise Merrifield,aye,,aye,aye,aye,aye
"May 5, 2026",35,2026-446,Approves Special Event Chapter 255 Application for Wonderland Midway (Family Carnival),ADOPTED [UNANIMOUS],True,Denise Merrifield,Joann Waski,aye,,aye,aye,aye,aye
"May 5, 2026",36,2026-447,Approves Special Event Chapter 255 Application for Riverhead Chamber of Commerce (Cardboard Boat Race),ADOPTED [UNANIMOUS],True,Joann Waski,Kenneth Rothwell,aye,,aye,aye,aye,aye
"May 5, 2026",37,2026-448,Approves Special Event Chapter 255 Application for Riverhead Chamber of Commerce (The 4th Before the 4th),ADOPTED [UNANIMOUS],True,Kenneth Rothwell,Robert Kern,aye,,aye,aye,aye,aye
"May 5, 2026",38,2026-449,Approves Fire Works Application for Riverhead Raceway (Special FX Wizard),ADOPTED [UNANIMOUS],True,Robert Kern,Denise Merrifield,aye,,aye,aye,aye,aye
"May 5, 2026",39,2026-450,Authorizes Designated Alcohol Service Vendors To Serve Alcohol At The “Rooted: Spring Fest”,ADOPTED [UNANIMOUS],True,Denise Merrifield,Joann Waski,aye,,aye,aye,aye,aye
"May 5, 2026",40,2026-451,Authorizes the Supervisor to Enter into an Agreement with the CSEA to Restructure the Titles within the Water District,ADOPTED [UNANIMOUS],True,Joann Waski,Kenneth Rothwell,aye,,aye,aye,aye,aye
"May 5, 2026",41,2026-452,Authorizes Supervisor to Sign Agreement With Suffolk County To Reuse Effluent Water For The Indian Island Golf Course,ADOPTED [UNANIMOUS],True,None,None,aye,,aye,aye,aye,aye
"May 5, 2026",42,2026-453,"Authorizes the Supervisor to Execute a License Agreement with East End Disability Associates, Inc. for Property Located at River Road, Calverton and Known as the Henry Pfeifer Community Center",ADOPTED [UNANIMOUS],True,Robert Kern,Denise Merrifield,aye,,aye,aye,aye,aye
"May 5, 2026",43,2026-454,Authorizes the Supervisor to Execute an Agreement Authorizing the Town to Accept Funds from Suffolk County Office for The Aging to Supplement the Town’s Shopping Assistance Program for The Elderly 2026,ADOPTED [UNANIMOUS],True,Denise Merrifield,Joann Waski,aye,,aye,aye,aye,aye
"May 5, 2026",44,2026-455,"Authorizes Supervisor to Execute an Agreement with 3 Little Scoops, Inc. d/b/a Ben & Jerry’s",ADOPTED [UNANIMOUS],True,Joann Waski,Kenneth Rothwell,aye,,aye,aye,aye,aye
"May 5, 2026",45,2026-456,Ratifies the Authorization for the Supervisor to Execute a Stipulation With an Employee,ADOPTED [UNANIMOUS],True,Kenneth Rothwell,Robert Kern,aye,,aye,aye,aye,aye
"May 5, 2026",46,2026-457,"Ratifies the Authorization for the Supervisor to Execute Stipulation with the CSEA, LOCAL 1000, AFSCME, AFL-CIO,Riverhead Unit of the Suffolk Local # 852",ADOPTED [UNANIMOUS],True,Robert Kern,Denise Merrifield,aye,,aye,aye,aye,aye
"May 5, 2026",47,2026-458,Ratifies the Authorization for the Supervisor to Sign a Consultant/Professional Services Agreement with Elizabeth Maccagli,ADOPTED [UNANIMOUS],True,Denise Merrifield,Joann Waski,aye,,aye,aye,aye,aye
"May 5, 2026",48,2026-459,Authorizes Pursuit of Suffolk County Downtown Revitalization Round 24 Funding for the Beautification of Wading River Duck Ponds,ADOPTED [UNANIMOUS],True,Joann Waski,Kenneth Rothwell,aye,,aye,aye,aye,aye
"May 5, 2026",49,2026-460,Awards Bid for Installation of Water Mains at 203 East Main Street - Riverhead Water District,ADOPTED [UNANIMOUS],True,Kenneth Rothwell,Robert Kern,aye,,aye,aye,aye,aye
"May 5, 2026",50,2026-461,Awards Bid for Rebid PFA Treatment at Well No. 5-2A; SRF Project No. 19591 - Riverhead Water District,ADOPTED [UNANIMOUS],True,Robert Kern,Denise Merrifield,aye,,aye,aye,aye,aye
"May 5, 2026",51,2026-462,Resolution Authorizing the Community Development Department to Submit Applications to the New York State Environmental Facilities Corporation for Sewer Department Infrastructure Grants,ADOPTED [UNANIMOUS],True,Denise Merrifield,Joann Waski,aye,,aye,aye,aye,aye
"May 5, 2026",52,2026-463,"Authorizes Town Clerk To Publish And Post Notice Of Public Hearing To Amend Chapter 231 Of The Riverhead Town Code Entitled “Fire Prevention, Article IV. Mitigation Of Hazardous Condition Or Occurrence”",ADOPTED [UNANIMOUS],True,Joann Waski,Kenneth Rothwell,aye,,aye,aye,aye,aye
"May 5, 2026",53,2026-464,"Authorizes Town Clerk To Publish And Post Notice Of Public Hearing To Amend Chapter 301 Of The Riverhead Town Code Entitled ""Zoning And Land Development, Part 3., Supplementary Regulations, Article LII, Commercial Solar Energy Production Systems”",ADOPTED [UNANIMOUS],True,Kenneth Rothwell,Robert Kern,aye,,aye,aye,aye,aye
"May 5, 2026",54,2026-465,"Authorizes Town Clerk to Publish and Post Public Notice to Consider a Local Law to Amend Chapter 213 of the Riverhead Town Code Titled “Bicycles and Electric Scooters”, Article II “Electric Scooters”",ADOPTED [UNANIMOUS],True,Robert Kern,Denise Merrifield,aye,,aye,aye,aye,aye
"May 5, 2026",55,2026-466,"Authorizes Town Clerk to Post and Publish Notice for a Public Hearing to Amend Town Code Chapter 301, Article XVII entitled ""Business F (BUS F) Zoning Use District (Manufacturers Outlet Center Overlay Zone)",ADOPTED [UNANIMOUS],True,Denise Merrifield,Joann Waski,aye,,aye,aye,aye,aye
"May 5, 2026",56,2026-467,"Schedules Public Hearing for the Amended Site Plan Application of Scott's Pointe (a/k/a Island Water Park) 5835 Middle Country Road, Calverton, NY SCTM No. 600-135-1-7.34",ADOPTED [UNANIMOUS],True,Kenneth Rothwell,Joann Waski,aye,,aye,aye,aye,aye
"May 5, 2026",57,2026-468,Pays Bills,ADOPTED [UNANIMOUS],True,Kenneth Rothwell,Robert Kern,aye,,aye,aye,aye,aye
"May 5, 2026",58,2026-469,"Resolution To Support County Preservation Of Property At 1161 Peconic Bay Blvd, Jamesport Ny SCTM# 600-94-1-6 As Open Space Without Improvement Or Development And Instead To Preserve The Lands Ecological Value And Protect Habitats And Water Quality",ADOPTED [UNANIMOUS],True,Kenneth Rothwell,Robert Kern,aye,,aye,aye,aye,aye
"April 21, 2026",1,2026-360,Awards Bid for Meetinghouse Creek Road Bulkhead Renovation,ADOPTED [UNANIMOUS],True,Kenneth Rothwell,Robert Kern,aye,,aye,aye,aye,aye
"April 21, 2026",2,2026-361,Capital Project #12607 Meetinghouse Creek Road Bulkhead Renovation Budget Transfer From Community Benefit Funds,ADOPTED [UNANIMOUS],True,Robert Kern,Denise Merrifield,aye,,aye,aye,aye,aye
"April 21, 2026",3,2026-362,Approves Sewer District Request for Change Order No. 2 Related to the Contract P – Plumbing Construction RDSD 2202 Project,ADOPTED [UNANIMOUS],True,Denise Merrifield,Joann Waski,aye,,aye,aye,aye,aye
"April 21, 2026",4,2026-363,Approves Sewer District Request for Change Order No. 2 Related to the Contract E – Electrical Construction RDSD 2202 Project,ADOPTED [UNANIMOUS],True,Joann Waski,Kenneth Rothwell,aye,,aye,aye,aye,aye
"April 21, 2026",5,2026-364,Approves Sewer District Request for Change Order No. 3 Related to the Contract G- General Construction RDSD 2202 Project,ADOPTED [UNANIMOUS],True,Kenneth Rothwell,Robert Kern,aye,,aye,aye,aye,aye
"April 21, 2026",6,2026-365,Ratifies Acceptance of Donation of Portable Toilet and Maintenance to Sewer District,ADOPTED [UNANIMOUS],True,Robert Kern,Denise Merrifield,aye,,aye,aye,aye,aye
"April 21, 2026",7,2026-366,Waives Fee for Town Beach Parking Permits Issued to Veterans and Volunteer Fire and Ambulance Members Residing Within the Town of Riverhead,ADOPTED [UNANIMOUS],True,Denise Merrifield,Joann Waski,aye,,aye,aye,aye,aye
"April 21, 2026",8,2026-367,Authorizes Sewer District Employee To Attend Seminar,ADOPTED [UNANIMOUS],True,Joann Waski,Kenneth Rothwell,aye,,aye,aye,aye,aye
"April 21, 2026",9,2026-368,Authorizes Town Justice to Attend NYS Office of Justice Court Support Town and Village Judicial Continuing Education Program,ADOPTED [UNANIMOUS],True,Kenneth Rothwell,Robert Kern,aye,,aye,aye,aye,aye
"April 21, 2026",10,2026-369,Appoints an Administrative Assistant,ADOPTED [UNANIMOUS],True,Robert Kern,Denise Merrifield,aye,,aye,aye,aye,aye
"April 21, 2026",11,2026-370,Appoints Traffic Control Specialists to the Police Department,ADOPTED [UNANIMOUS],True,Denise Merrifield,Joann Waski,aye,,aye,aye,aye,aye
"April 21, 2026",12,2026-371,Approves the Salary Adjustment for Detention Attendant,ADOPTED [UNANIMOUS],True,Joann Waski,Kenneth Rothwell,aye,,aye,aye,aye,aye
"April 21, 2026",13,2026-372,Appoints Detention Attendants to the Police Department,ADOPTED [UNANIMOUS],True,Kenneth Rothwell,Robert Kern,aye,,aye,aye,aye,aye
"April 21, 2026",14,2026-373,Authorize Rate Increase for Justice Court Interpreters Pursuant to Administrative Order,ADOPTED [UNANIMOUS],True,Robert Kern,Denise Merrifield,aye,,aye,aye,aye,aye
"April 21, 2026",15,2026-374,Reappoints a Temporary Office Assistant to the Tax Receiver's Office,ADOPTED [UNANIMOUS],True,Denise Merrifield,Joann Waski,aye,,aye,aye,aye,aye
"April 21, 2026",16,2026-375,Changes the Status of Part-time Traffic Control Specialists and/or Part- time Traffic Control Officers,ADOPTED [4 - 0],True,Joann Waski,Kenneth Rothwell,aye,,aye,aye,abstain,aye
"April 21, 2026",17,2026-376,Changes the Status of Part-time Police Officers,ADOPTED [UNANIMOUS],True,Kenneth Rothwell,Robert Kern,aye,,aye,aye,aye,aye
"April 21, 2026",18,2026-377,Appoints Myles Caracciolo to the Agricultural Advisory Committee,ADOPTED [UNANIMOUS],True,Robert Kern,Denise Merrifield,aye,,aye,aye,aye,aye
"April 21, 2026",19,2026-378,Reappoints Michael Reichel to the Conservation Advisory Council,ADOPTED [UNANIMOUS],True,Denise Merrifield,Joann Waski,aye,,aye,aye,aye,aye
"April 21, 2026",20,2026-379,Appoints Marjorie Acevedo to the Veterans Advisory Committee,ADOPTED [UNANIMOUS],True,Joann Waski,Kenneth Rothwell,aye,,aye,aye,aye,aye
"April 21, 2026",21,2026-380,Reappoints Lisa Meyer Fertal to the Disability Advisory Committee,ADOPTED [UNANIMOUS],True,Kenneth Rothwell,Robert Kern,aye,,aye,aye,aye,aye
"April 21, 2026",22,2026-381,Reappoints Tom Livoti to the Disability Advisory Committee,ADOPTED [UNANIMOUS],True,Robert Kern,Denise Merrifield,aye,,aye,aye,aye,aye
"April 21, 2026",23,2026-382,Reappoints Joy O'Shaughnessy to the Disability Advisory Committee,ADOPTED [UNANIMOUS],True,Denise Merrifield,Joann Waski,aye,,aye,aye,aye,aye
"April 21, 2026",24,2026-383,Reappoints Meagan Bamberger to the Disability Advisory Committee,ADOPTED [UNANIMOUS],True,Joann Waski,Kenneth Rothwell,aye,,aye,aye,aye,aye
"April 21, 2026",25,2026-384,Reappoints Sue Gannon to the Disability Advisory Committee,ADOPTED [UNANIMOUS],True,Kenneth Rothwell,Robert Kern,aye,,aye,aye,aye,aye
"April 21, 2026",26,2026-385,Appoints Julie Barnett to the Disability Advisory Committee,ADOPTED [UNANIMOUS],True,Robert Kern,Denise Merrifield,aye,,aye,aye,aye,aye
"April 21, 2026",27,2026-386,Appoints Liz O'Shaughnessy to the Disability Advisory Committee,ADOPTED [UNANIMOUS],True,Denise Merrifield,Joann Waski,aye,,aye,aye,aye,aye
"April 21, 2026",28,2026-387,Appoints Matthew Kuriloff to the Disability Advisory Committee,ADOPTED [UNANIMOUS],True,Joann Waski,Kenneth Rothwell,aye,,aye,aye,aye,aye
"April 21, 2026",29,2026-388,Appoints Michelle Cuomo to the Disability Advisory Committee,ADOPTED [UNANIMOUS],True,Kenneth Rothwell,Robert Kern,aye,,aye,aye,aye,aye
"April 21, 2026",30,2026-389,Establishes Committee Membership Terms for the East Creek Advisory Committee,ADOPTED [UNANIMOUS],True,Robert Kern,Denise Merrifield,aye,,aye,aye,aye,aye
"April 21, 2026",31,2026-390,Authorizes Submission of Letter of Intent and Execution of Contract by the Supervisor for Operation and Maintenance Grant Program to New York State Environmental Facilities Corporation (EFC),ADOPTED [UNANIMOUS],True,Denise Merrifield,Joann Waski,aye,,aye,aye,aye,aye
"April 21, 2026",32,2026-391,"Authorizes the Community Development Department to Apply for a New York Places for Learning, Activity, and Youth Socialization (NY PLAYS) Grant",ADOPTED [UNANIMOUS],True,Joann Waski,Kenneth Rothwell,aye,,aye,aye,aye,aye
"April 21, 2026",33,2026-392,Ratifies the Authorization for the Senior Citizen Program Director to Execute a Memorandum of Understanding with New York State Commodity Supplemental Food Program for 2026,ADOPTED [UNANIMOUS],True,Kenneth Rothwell,Robert Kern,aye,,aye,aye,aye,aye
"April 21, 2026",34,2026-393,"Authorizes Extension of Agreement with Urban Design Associates, Ltd",ADOPTED [UNANIMOUS],True,Robert Kern,Denise Merrifield,aye,,aye,aye,aye,aye
"April 21, 2026",35,2026-394,Ratifies Authorization for the Supervisor to Execute a Stipulation with an Employee,ADOPTED [UNANIMOUS],True,Denise Merrifield,Joann Waski,aye,,aye,aye,aye,aye
"April 21, 2026",36,2026-395,Authorizes the Supervisor to Execute an Agreement with the Suffolk County Office for the Aging (2026 Home Maintenance/Repair Program),ADOPTED [UNANIMOUS],True,Joann Waski,Kenneth Rothwell,aye,,aye,aye,aye,aye
"April 21, 2026",37,2026-396,"Authorizes the Town Supervisor to Enter Into an Agreement With BRYCER, L.P. For Third-Party Fire and Life-Safety Compliance Services",ADOPTED [UNANIMOUS],True,Kenneth Rothwell,Robert Kern,aye,,aye,aye,aye,aye
"April 21, 2026",38,2026-397,Ratifies Authorization for Supervisor to Sign a Professional Services Agreement with Brandbuilders Media LLC,ADOPTED [4 - 1],True,Robert Kern,Denise Merrifield,aye,,nay,aye,aye,aye
"April 21, 2026",39,2026-398,Amends Resolution #2023-834 (Approves 2026 Special Event Application Fee Schedule),ADOPTED [UNANIMOUS],True,Denise Merrifield,Joann Waski,aye,,aye,aye,aye,aye
"April 21, 2026",40,2026-399,Approves Chapter 255 Application for Jamesport Fire Department (Sound to Bay 5K/10K),ADOPTED [UNANIMOUS],True,Joann Waski,Kenneth Rothwell,aye,,aye,aye,aye,aye
"April 21, 2026",41,2026-400,"Ratify Authorization for an Appraisal for a Portion of Property Commonly Known as Nassau County 4h Camp Located on Sound Avenue, Town of Riverhead and Described as SCTM# 600-41-1-p/o Lot 15",ADOPTED [UNANIMOUS],True,Kenneth Rothwell,Robert Kern,aye,,aye,aye,aye,aye
"April 21, 2026",42,2026-401,"Grants Special Permit Approval for the Special Permit Application Entitled Hampton Jitney Battery Energy Storage System 253 Edwards Avenue, Calverton, NY SCTM No. 600-117-1-8.6",ADOPTED [UNANIMOUS],True,Robert Kern,Denise Merrifield,aye,,aye,aye,aye,aye
"April 21, 2026",43,2026-402,"Grants Special Permit, Preliminary & Final Site Plan Approval for the Site Plan and Special Permit Applications Entitled 221 Scott Avenue Energy Storage System 221 Scott Avenue, Calverton NY, SCTM NO. 600-135.20-1-12",ADOPTED [UNANIMOUS],True,Denise Merrifield,Joann Waski,aye,,aye,aye,aye,aye
"April 21, 2026",44,2026-403,Town Board Determination Finding Esthetician's Office Use Similar to Professional Office,ADOPTED [UNANIMOUS],True,Joann Waski,Kenneth Rothwell,aye,,aye,aye,aye,aye
"April 21, 2026",45,2026-404,"Authorizes Town Clerk to Publish and Post Public Notice Setting a Public Hearing for the Condemnation of a Parcel for General Municipal Purposes Located at 111 East Main Street, Riverhead, New York, Suffolk County Tax Map # 129-1-11",ADOPTED [3 - 2],True,Kenneth Rothwell,Robert Kern,nay,,nay,aye,aye,aye
"April 21, 2026",46,2026-405,Ratifies the Authorization of the Town Clerk to Publish and Post Notice of Public Hearing Relating to the Proposed Increase and Improvement of the Riverhead Sewer District Facilities,ADOPTED [UNANIMOUS],True,Robert Kern,Denise Merrifield,aye,,aye,aye,aye,aye
"April 21, 2026",47,2026-406,"Authorizes Town Clerk to Publish and Post Notice of Public Hearing to Amend Town Code Chapter 301, Attachment 3 of the Riverhead Town Code Entitled ""Commercial Districts of Dimensional Regulations""",ADOPTED [4 - 1],True,Denise Merrifield,Joann Waski,nay,,aye,aye,aye,aye
"April 21, 2026",48,2026-407,"Authorizes Town Clerk to Publish and Post Public Notice to Consider a Local Law to Amend Chapter 293 of the Riverhead Town Code Titled “Waterways and Water-Related Activities”, Article IX “Shellfish and Finfish”",ADOPTED [UNANIMOUS],True,Joann Waski,Kenneth Rothwell,aye,,aye,aye,aye,aye
"April 21, 2026",49,2026-408,"Ratifies Award of Bid for Twin Honda Outboard Motors, or Equal, Plus Additional Related Items and Installation for the Riverhead Police Department",ADOPTED [UNANIMOUS],True,Kenneth Rothwell,Robert Kern,aye,,aye,aye,aye,aye
"April 21, 2026",50,2026-409,Extends Bid for Dry Hydrated Lime,ADOPTED [UNANIMOUS],True,Robert Kern,Denise Merrifield,aye,,aye,aye,aye,aye
"April 21, 2026",51,2026-410,"Extends Bid for Electric Motor Repair and Replacement, Including Emergencies",ADOPTED [UNANIMOUS],True,Denise Merrifield,Joann Waski,aye,,aye,aye,aye,aye
"April 21, 2026",52,2026-411,Pays Bills,ADOPTED [UNANIMOUS],True,Joann Waski,Kenneth Rothwell,aye,,aye,aye,aye,aye
"April 7, 2026",1,2026-268,Water District Capital Project 82605 National Grid Hydrant Relocation Mill Rd. Budget Adoption,ADOPTED [UNANIMOUS],True,Kenneth Rothwell,Robert Kern,aye,,aye,aye,aye,aye
"April 7, 2026",2,2026-269,Water District Capital Project #82303 Budget Adjustment,ADOPTED [UNANIMOUS],True,Robert Kern,Denise Merrifield,aye,,aye,aye,aye,aye
"April 7, 2026",3,2026-270,Capital Project #44038 Downtown Alleyway Lighting Enhancements Closure,ADOPTED [UNANIMOUS],True,Denise Merrifield,Joann Waski,aye,,aye,aye,aye,aye
"April 7, 2026",4,2026-271,Adopts Budget Adjustment for Town Hall Capital Project #62204,ADOPTED [UNANIMOUS],True,Joann Waski,Kenneth Rothwell,aye,,aye,aye,aye,aye
"April 7, 2026",5,2026-272,Budget Adoption for Capital Project #72606 River and Roots Playground Rehabilitation,ADOPTED [UNANIMOUS],True,Kenneth Rothwell,Robert Kern,aye,,aye,aye,aye,aye
"April 7, 2026",6,2026-273,Budget Adjustment for New Sign Purchase for East End Arts Council,ADOPTED [UNANIMOUS],True,Robert Kern,Denise Merrifield,aye,,aye,aye,aye,aye
"April 7, 2026",7,2026-274,Budget Adjustment for Justice Court 2025-2026 JCAP Grant Funds,ADOPTED [UNANIMOUS],True,Denise Merrifield,Joann Waski,aye,,aye,aye,aye,aye
"April 7, 2026",8,2026-275,"Ratifies Budget Adjustment for 2025 Audit of CDA (EPCAL) by PKF O'Connor Davies, LLP",ADOPTED [UNANIMOUS],True,Joann Waski,Kenneth Rothwell,aye,,aye,aye,aye,aye
"April 7, 2026",9,2026-276,Approves Sewer District Request for Change Order No. 1 Related to the Contract S 203-213 East Main Street Sewer Improvements,ADOPTED [UNANIMOUS],True,Kenneth Rothwell,Robert Kern,aye,,aye,aye,aye,aye
"April 7, 2026",10,2026-277,Approves Sewer District Request for Change Order No. 2 Related to the Contract S 203-213 East Main Street Sewer Improvements,ADOPTED [UNANIMOUS],True,Robert Kern,Denise Merrifield,aye,,aye,aye,aye,aye
"April 7, 2026",11,2026-278,Accepts Donation of Ice Cream Cakes for Senior Center 2026,ADOPTED [UNANIMOUS],True,Denise Merrifield,Joann Waski,aye,,aye,aye,aye,aye
"April 7, 2026",12,2026-279,Accepts Donation from Riverhead Building Supply for PAL,ADOPTED [UNANIMOUS],True,Joann Waski,Kenneth Rothwell,aye,,aye,aye,aye,aye
"April 7, 2026",13,2026-280,Accepts Donation from William G. Pomeroy Foundation for Purchase of a Historic Marker,ADOPTED [UNANIMOUS],True,Kenneth Rothwell,Robert Kern,aye,,aye,aye,aye,aye
"April 7, 2026",14,2026-281,Amends Resolution #2026-69,ADOPTED [UNANIMOUS],True,Robert Kern,Denise Merrifield,aye,,aye,aye,aye,aye
"April 7, 2026",15,2026-282,Authorizes the Police Department to Apply for Funding,ADOPTED [UNANIMOUS],True,Denise Merrifield,Joann Waski,aye,,aye,aye,aye,aye
"April 7, 2026",16,2026-283,Sets the Fees for the 2026 Spring/Summer Brochure,ADOPTED [UNANIMOUS],True,Joann Waski,Kenneth Rothwell,aye,,aye,aye,aye,aye
"April 7, 2026",17,2026-284,Authorizes Purchase of Kenworth Tandem Axle Dump Truck,ADOPTED [UNANIMOUS],True,Kenneth Rothwell,Robert Kern,aye,,aye,aye,aye,aye
"April 7, 2026",18,2026-285,Authorizes Purchase and Upfit of 2025 Kenworth Dump Truck,ADOPTED [UNANIMOUS],True,Robert Kern,Denise Merrifield,aye,,aye,aye,aye,aye
"April 7, 2026",19,2026-286,Authorizes Purchase of Freightliner Chassis with Mounted Sander for Highway Department,ADOPTED [UNANIMOUS],True,Denise Merrifield,Joann Waski,aye,,aye,aye,aye,aye
"April 7, 2026",20,2026-287,Authorizes Employees to Attend IAAI Conference,ADOPTED [UNANIMOUS],True,Joann Waski,Kenneth Rothwell,aye,,aye,aye,aye,aye
"April 7, 2026",21,2026-288,Ratifies the Salary Adjustment of a Senior Assessment Clerk,ADOPTED [UNANIMOUS],True,Kenneth Rothwell,Robert Kern,aye,,aye,aye,aye,aye
"April 7, 2026",22,2026-289,Ratifies the Reclassification of an Automotive Equipment Operator to Heavy Equipment Operator,ADOPTED [UNANIMOUS],True,Robert Kern,Denise Merrifield,aye,,aye,aye,aye,aye
"April 7, 2026",23,2026-290,Appoints a Call-In Park Attendant to the Recreation Department,ADOPTED [UNANIMOUS],True,Denise Merrifield,Joann Waski,aye,,aye,aye,aye,aye
"April 7, 2026",24,2026-291,Appoints a Call-In Park Attendant to the Recreation Department,[UNANIMOUS],True,Joann Waski,Kenneth Rothwell,aye,,aye,aye,aye,aye
"April 7, 2026",25,2026-292,Appoints a Call-In Assistant Recreation Leader to the Recreation Department,ADOPTED [UNANIMOUS],True,Kenneth Rothwell,Robert Kern,aye,,aye,aye,aye,aye
"April 7, 2026",26,2026-293,Appoints a Call-In Recreation Leader to the Recreation Department,ADOPTED [UNANIMOUS],True,Robert Kern,Denise Merrifield,aye,,aye,aye,aye,aye
"April 7, 2026",27,2026-294,Appoints Charles Thomas to the Suffolk County Working Waterfront Committee,ADOPTED [UNANIMOUS],True,Denise Merrifield,Joann Waski,aye,,aye,aye,aye,aye
"April 7, 2026",28,2026-295,Reappoints Marjorie Acevedo to the Anti-Bias Task Force,ADOPTED [UNANIMOUS],True,Joann Waski,Kenneth Rothwell,aye,,aye,aye,aye,aye
"April 7, 2026",29,2026-296,Reappoints Roberto Ramos to the Anti-Bias Task Force,ADOPTED [UNANIMOUS],True,Kenneth Rothwell,Robert Kern,aye,,aye,aye,aye,aye
"April 7, 2026",30,2026-297,Reappoints Patrice Stokely to the Anti-Bias Task Force,ADOPTED [UNANIMOUS],True,Robert Kern,Denise Merrifield,aye,,aye,aye,aye,aye
"April 7, 2026",31,2026-298,Reappoints Harley Abrams to the Anti-Bias Task Force,ADOPTED [UNANIMOUS],True,Denise Merrifield,Joann Waski,aye,,aye,aye,aye,aye
"April 7, 2026",32,2026-299,Reappoints Salim Massoud to the Anti-Bias Task Force,ADOPTED [UNANIMOUS],True,Joann Waski,Kenneth Rothwell,aye,,aye,aye,aye,aye
"April 7, 2026",33,2026-300,Reappoints Tom Najdzion to the Anti-Bias Task Force,ADOPTED [UNANIMOUS],True,Kenneth Rothwell,Robert Kern,aye,,aye,aye,aye,aye
"April 7, 2026",34,2026-301,Reappoints Connie Lassandro to the Anti-Bias Task Force,ADOPTED [UNANIMOUS],True,Robert Kern,Denise Merrifield,aye,,aye,aye,aye,aye
"April 7, 2026",35,2026-302,Appoints William Zalakar to the Business Advisory Committee,ADOPTED [UNANIMOUS],True,Denise Merrifield,Joann Waski,aye,,aye,aye,aye,aye
"April 7, 2026",36,2026-303,Reappoints Martin Sendlewski to the Parking District Advisory Committee,ADOPTED [UNANIMOUS],True,Joann Waski,Kenneth Rothwell,aye,,aye,aye,aye,aye
"April 7, 2026",37,2026-304,Ratifies Name Change of the Inclusion Task Force Advisory Committee to the Town of Riverhead Disability Advisory Committee,ADOPTED [UNANIMOUS],True,Kenneth Rothwell,Robert Kern,aye,,aye,aye,aye,aye
"April 7, 2026",38,2026-305,Appoints Joe Oliver to the Parking District Advisory Committee,ADOPTED [UNANIMOUS],True,Robert Kern,Denise Merrifield,aye,,aye,aye,aye,aye
"April 7, 2026",39,2026-306,Reappoints Ike Israel to the Parking District Advisory Commitee,ADOPTED [UNANIMOUS],True,Denise Merrifield,Joann Waski,aye,,aye,aye,aye,aye
"April 7, 2026",40,2026-307,Appointes Georgia Malone to the Parking District Advisory Committee,ADOPTED [UNANIMOUS],True,Joann Waski,Kenneth Rothwell,aye,,aye,aye,aye,aye
"April 7, 2026",41,2026-308,Appoints Peggy Kneski to the Parking District Advisory Committee,ADOPTED [UNANIMOUS],True,Kenneth Rothwell,Robert Kern,aye,,aye,aye,aye,aye
"April 7, 2026",42,2026-309,Appoints Steve Armaral to the Parking District Advisory Committee,ADOPTED [UNANIMOUS],True,Robert Kern,Denise Merrifield,aye,,aye,aye,aye,aye
"April 7, 2026",43,2026-310,Appoints Sean Kenna to the Parking District Advisory Committee,ADOPTED [UNANIMOUS],True,Denise Merrifield,Joann Waski,aye,,aye,aye,aye,aye
"April 7, 2026",44,2026-311,Appoints Connie Lassandro to the Parking District Advisory Committee,ADOPTED [UNANIMOUS],True,Joann Waski,Kenneth Rothwell,aye,,aye,aye,aye,aye
"April 7, 2026",45,2026-312,Appoints Steve Siliato to the Parking District Advisory Committee,ADOPTED [UNANIMOUS],True,Kenneth Rothwell,Robert Kern,aye,,aye,aye,aye,aye
"April 7, 2026",46,2026-313,Ratifies the Resignation of an Automotive Equipment Operator,ADOPTED [UNANIMOUS],True,Robert Kern,Denise Merrifield,aye,,aye,aye,aye,aye
"April 7, 2026",47,2026-314,Ratifies the Resignation of a Part-time Bilingual Office Assistant,ADOPTED [UNANIMOUS],True,Denise Merrifield,Joann Waski,aye,,aye,aye,aye,aye
"April 7, 2026",48,2026-315,Ratifies the Resignation of a Water District Maintenance Crew Leader,ADOPTED [UNANIMOUS],True,Joann Waski,Kenneth Rothwell,aye,,aye,aye,aye,aye
"April 7, 2026",49,2026-316,Ratifies the Termination of an Employee,ADOPTED [UNANIMOUS],True,Kenneth Rothwell,Robert Kern,aye,,aye,aye,aye,aye
"April 7, 2026",50,2026-317,Ratifies the Appointment of a Hearing Officer and Suspension of an Employee,ADOPTED [UNANIMOUS],True,Robert Kern,Denise Merrifield,aye,,aye,aye,aye,aye
"April 7, 2026",51,2026-318,Terminates LOA and Ratifies the Reappointment of Part-Time Police Officers,ADOPTED [UNANIMOUS],True,Denise Merrifield,Joann Waski,aye,,aye,aye,aye,aye
"April 7, 2026",52,2026-319,Ratifies Authorization for the Community Development Department to Apply for a Grant,ADOPTED [UNANIMOUS],True,Joann Waski,Kenneth Rothwell,aye,,aye,aye,aye,aye
"April 7, 2026",53,2026-320,Authorizes Release of Performance Bond For Birchwood Major Subdivision (Section 3),ADOPTED [UNANIMOUS],True,Kenneth Rothwell,Robert Kern,aye,,aye,aye,aye,aye
"April 7, 2026",54,2026-321,Cancels Letter Of Credit Posted By Kevin Rempe Plumbing And Heating Corp. For Drainlayer In The Town Of Riverhead Sewer District,ADOPTED [UNANIMOUS],True,Robert Kern,Denise Merrifield,aye,,aye,aye,aye,aye
"April 7, 2026",55,2026-322,Amends Riverhead Water District Schedule of Rates and Charges,ADOPTED [UNANIMOUS],True,Denise Merrifield,Joann Waski,aye,,aye,aye,aye,aye
"April 7, 2026",56,2026-323,Amends Resolution #2025-209 — Building Division Fees,ADOPTED [UNANIMOUS],True,Joann Waski,Kenneth Rothwell,aye,,aye,aye,aye,aye
"April 7, 2026",57,2026-324,Awards Bid for Propane Fuel and Equipment Maintenance,ADOPTED [UNANIMOUS],True,Kenneth Rothwell,Robert Kern,aye,,aye,aye,aye,aye
"April 7, 2026",58,2026-325,Rejects Bid for Charter Buses,ADOPTED [UNANIMOUS],True,Robert Kern,Denise Merrifield,aye,,aye,aye,aye,aye
"April 7, 2026",59,2026-326,"Amends Resolution #2026-185 Adopted on February 18, 2026 (Brentwood Legion Ambulance Service Inc. Use of Pine Barrens Credits)",ADOPTED [UNANIMOUS],True,Denise Merrifield,Joann Waski,aye,,aye,aye,aye,aye
"April 7, 2026",60,2026-327,"Affirms Prior Authorization for Acquisition of Property for General Municipal Purposes Located at 111 East Main Street, Riverhead, New York, Suffolk County Tax Map #600-129.-1-11",[3 - 2],True,Joann Waski,Kenneth Rothwell,nay,,nay,aye,aye,aye
"April 7, 2026",61,2026-328,"Resolution to Classify an Action Pursuant to SEQRA, Assume Lead Agency, Issue Negative Declaration and Approve Funding for Wading River Highway Garage, Subject to Permissive Referendum and Bond Authorization",ADOPTED [UNANIMOUS],True,Kenneth Rothwell,Robert Kern,aye,,aye,aye,aye,aye
"April 7, 2026",62,2026-329,"Chapter 229 Application for Excavation & Exportation of Materials for Kathy Lane LLC, Subdivision (84-2-2.1)",ADOPTED [UNANIMOUS],True,Robert Kern,Denise Merrifield,aye,,aye,aye,aye,aye
"April 7, 2026",63,2026-330,"Resolution Calling Public Hearing Regarding a Capital Improvement for the Extension of Facilities of the Riverhead Water District for Summerwind Farm Subdivision, for a Water Main Extension at the Property Known as SCTM 0600-86-2- 8.2 in Aquebogue, New York",ADOPTED [UNANIMOUS],True,Denise Merrifield,Joann Waski,aye,,aye,aye,aye,aye
"April 7, 2026",64,2026-331,"Authorizes Town Clerk to Publish and Post Public Notice to Consider a Local Law to Amend Chapter 273 of the Riverhead Town Code Titled “Solid Waste”, Article V “General Provisions Applicable to Solid Waste for All Properties and Uses”",ADOPTED [UNANIMOUS],True,Joann Waski,Kenneth Rothwell,aye,,aye,aye,aye,aye
"April 7, 2026",65,2026-332,"Authorizes Town Clerk to Publish and Post Public Notice to Consider a Local Law to Amend Chapter 279 of the Riverhead Town Code Titled “Taxation”, Article VIII “Exemption for Volunteer Firefighters and Volunteer Ambulance Workers”",ADOPTED [UNANIMOUS],True,Kenneth Rothwell,Robert Kern,aye,,aye,aye,aye,aye
"April 7, 2026",66,2026-333,"Adopts a Local Law to Amend Chapter 217 of the Riverhead Town Code Titled “Buildings, Building Construction and Improvements and Housing Standards”, Article I “Administration and Enforcement”",ADOPTED [UNANIMOUS],True,Robert Kern,Denise Merrifield,aye,,aye,aye,aye,aye
"April 7, 2026",67,2026-334,"Adopts a Local Law to Amend Chapter 289 of the Riverhead Town Code Titled “Vehicles, Traffic and Parking Regulations”, Article IV “Parking, Standing and Stopping”",ADOPTED [UNANIMOUS],True,Denise Merrifield,Joann Waski,aye,,aye,aye,aye,aye
"April 7, 2026",68,2026-335,"Adopts a Local Law to Amend Chapter 231 of the Riverhead Town Code Titled “Fire Prevention”, Article III “Administration”",ADOPTED [UNANIMOUS],True,Joann Waski,Kenneth Rothwell,aye,,aye,aye,aye,aye
"April 7, 2026",69,2026-336,"Adopts a Local Law to Amend Chapter 231 of the Riverhead Town Code Titled “Fire Prevention”, Article XXVII “Tenancy Permits”",ADOPTED [UNANIMOUS],True,Kenneth Rothwell,Robert Kern,aye,,aye,aye,aye,aye
"April 7, 2026",70,2026-337,Authorizes The Supervisor To Execute A License Agreement With Celtic Quest Inc. 2026,ADOPTED [UNANIMOUS],True,Robert Kern,Denise Merrifield,aye,,aye,aye,aye,aye
"April 7, 2026",71,2026-338,Authorizes Supervisor to Execute Agreement with Seed Clam Administrator,ADOPTED [UNANIMOUS],True,Denise Merrifield,Joann Waski,aye,,aye,aye,aye,aye
"April 7, 2026",72,2026-339,Authorize Supervisor to Execute Early Voting Polling Place Agreement with Suffolk County Board of Elections for Riverhead Town Hall,ADOPTED [UNANIMOUS],True,Joann Waski,Kenneth Rothwell,aye,,aye,aye,aye,aye
"April 7, 2026",73,2026-340,Authorizes the Supervisor to Execute Professional Service Agreements with H2M for Sanitary Improvements at Town Square Splash Pad,ADOPTED [UNANIMOUS],True,Kenneth Rothwell,Robert Kern,aye,,aye,aye,aye,aye
"April 7, 2026",74,2026-341,Authorizes Supervisor to Execute an Agreement with the County of Suffolk Office for the Aging (AAA Transportation Program 2026),ADOPTED [UNANIMOUS],True,Robert Kern,Denise Merrifield,aye,,aye,aye,aye,aye
"April 7, 2026",75,2026-342,Authorize Supervisor to Execute Short Term Runway Use Agreement for Race Track Not Street 2026 Spring Fling at EPCAL,ADOPTED [UNANIMOUS],True,Denise Merrifield,Joann Waski,aye,,aye,aye,aye,aye
"April 7, 2026",76,2026-343,"Authorize Supervisor to Sign a Professional Services Agreement with Smalley Engineering, P.C.",ADOPTED [UNANIMOUS],True,Joann Waski,Kenneth Rothwell,aye,,aye,aye,aye,aye
"April 7, 2026",77,2026-344,"Ratifies Authorization for the Town Attorney to Execute a Retainer Agreement with Siegel & Sitler, PLLC",ADOPTED [UNANIMOUS],True,Kenneth Rothwell,Robert Kern,aye,,aye,aye,aye,aye
"April 7, 2026",78,2026-345,Ratifies Authorization for Supervisor to Sign an Addendum to Consultant/Professional Services Agreement with Joan Mottern,ADOPTED [UNANIMOUS],True,Robert Kern,Denise Merrifield,aye,,aye,aye,aye,aye
"April 7, 2026",79,2026-346,Ratifies the Authorization for the Supervisor to Execute an Agreement with the County of Suffolk Department of Probation (Stop DWI Program 2026),ADOPTED [UNANIMOUS],True,Denise Merrifield,Joann Waski,aye,,aye,aye,aye,aye
"April 7, 2026",80,2026-347,Ratifies the Approval of Special Event Chapter 255 Application for Clifton Park Rental (Tractor Supply Season Sale),ADOPTED [UNANIMOUS],True,Joann Waski,Kenneth Rothwell,aye,,aye,aye,aye,aye
"April 7, 2026",81,2026-348,Approves Special Event Chapter 255 Application for Hallockville Museum Farm (Fleece and Fiber Festival),ADOPTED [UNANIMOUS],True,Kenneth Rothwell,Robert Kern,aye,,aye,aye,aye,aye
"April 7, 2026",82,2026-349,Approves Special Event Chapter 255 Application for Wading River Shoreham Chamber of Commerce (Fall Festival),ADOPTED [UNANIMOUS],True,Robert Kern,Denise Merrifield,aye,,aye,aye,aye,aye
"April 7, 2026",83,2026-350,Approves Special Event Chapter 255 Application for The Duck Pond Society (Duck Pond Day),ADOPTED [UNANIMOUS],True,Denise Merrifield,Joann Waski,aye,,aye,aye,aye,aye
"April 7, 2026",84,2026-351,Approves Special Event Chapter 255 Application for Long Island Antique Power Association (Tractor Pulls and Shows),ADOPTED [UNANIMOUS],True,Joann Waski,Kenneth Rothwell,aye,,aye,aye,aye,aye
"April 7, 2026",85,2026-352,Approves Special Event Chapter 255 Application for Race Awesome (Jamesport Triathlon),ADOPTED [UNANIMOUS],True,Kenneth Rothwell,Robert Kern,aye,,aye,aye,aye,aye
"April 7, 2026",86,2026-353,Approves Special Event Chapter 255 Application for The American Cancer Society (Making Strides Against Cancer of Eastern Long Island Walk),ADOPTED [UNANIMOUS],True,Robert Kern,Denise Merrifield,aye,,aye,aye,aye,aye
"April 7, 2026",87,2026-354,Approves Special Event Chapter 255 Application for The New York Marine Rescue Center (Paddle Battle),ADOPTED [UNANIMOUS],True,Denise Merrifield,Joann Waski,aye,,aye,aye,aye,aye
"April 7, 2026",88,2026-355,Approves Special Event Chapter 255 Application for Foodie Fest Productions LLC (Foodie Fest I - 2026),ADOPTED [UNANIMOUS],True,Joann Waski,Kenneth Rothwell,aye,,aye,aye,aye,aye
"April 7, 2026",89,2026-356,Pays Bills,ADOPTED [UNANIMOUS],True,Kenneth Rothwell,Robert Kern,aye,,aye,aye,aye,aye
"April 7, 2026",90,2026-357,Riverhead Highway Barn Bond Authorization Resolution April 2026,ADOPTED [UNANIMOUS],True,Robert Kern,Denise Merrifield,aye,,aye,aye,aye,aye
"April 7, 2026",91,2026-227,Rehires and Sets Salaries for Various Call-In Recreation Personnel for 2026,ADOPTED [UNANIMOUS],True,Robert Kern,Denise Merrifield,aye,,aye,aye,aye,aye
"April 7, 2026",92,2026-358,"Resolution To Support County of Suffolk Application for Grant Funding Under NYS Environmental Bond Act for Preservation as Open Space of Property Commonly Known and Described as Venezia Square, Wading River, NY SCTM#s 600-73-1-Lots 1.4, 1.16, 1.17, 1.18, and 1.19",ADOPTED [UNANIMOUS],True,Denise Merrifield,Joann Waski,aye,,aye,aye,aye,aye
"April 7, 2026",93,2026-359,Authorizes the Town Supervisor to Execute Professional Services Agreement with Hon. Lori M. Hulse,ADOPTED [UNANIMOUS],True,Kenneth Rothwell,Robert Kern,aye,,aye,aye,aye,aye
"March 17, 2026",1,2026-222,Sewer District Capital Project #82210 Budget Adjustment for Biosolids Facility,ADOPTED [UNANIMOUS],True,Kenneth Rothwell,Robert Kern,aye,,aye,aye,aye,aye
"March 17, 2026",2,2026-223,Budget Transfer for 2025 Legal Fees,ADOPTED [UNANIMOUS],True,Robert Kern,Denise Merrifield,aye,,aye,aye,aye,aye
"March 17, 2026",3,2026-224,Adopts Budget Adjustment for Children’s Adaptive Playground Capital Project 72404,ADOPTED [UNANIMOUS],True,Denise Merrifield,Joann Waski,aye,,aye,aye,aye,aye
"March 17, 2026",4,2026-225,Ratifies Acceptance of Donation of Roses for Senior Center,ADOPTED [UNANIMOUS],True,Joann Waski,Kenneth Rothwell,aye,,aye,aye,aye,aye
"March 17, 2026",5,2026-226,Amends Resolution 2026-161,ADOPTED [UNANIMOUS],True,Kenneth Rothwell,Robert Kern,aye,,aye,aye,aye,aye
"March 17, 2026",6,2026-227,Rehires and Sets Salaries for Various Call-In Recreation Personnel for 2026,TABLED,False,Robert Kern,Denise Merrifield,aye,,aye,aye,aye,aye
"March 17, 2026",7,2026-228,Sets Salaries for 2026 Call-In and Seasonal Recreation Personnel,ADOPTED [UNANIMOUS],True,Denise Merrifield,Joann Waski,aye,,aye,aye,aye,aye
"March 17, 2026",8,2026-229,Appoints a Call-In Park Attendant to the Recreation Department,ADOPTED [UNANIMOUS],True,Joann Waski,Kenneth Rothwell,aye,,aye,aye,aye,aye
"March 17, 2026",9,2026-230,Appoints a Call-In Park Attendant to the Recreation Department,ADOPTED [UNANIMOUS],True,Kenneth Rothwell,Robert Kern,aye,,aye,aye,aye,aye
"March 17, 2026",10,2026-231,Appoints a Call-In Assistant Recreation Leader to the Recreation Department,ADOPTED [UNANIMOUS],True,Robert Kern,Denise Merrifield,aye,,aye,aye,aye,aye
"March 17, 2026",11,2026-232,Appoints an Account Clerk to the Finance Department,ADOPTED [UNANIMOUS],True,Denise Merrifield,Joann Waski,aye,,aye,aye,aye,aye
"March 17, 2026",12,2026-233,Provisionally Appoints an Ordinance Inspector,ADOPTED [UNANIMOUS],True,Joann Waski,Kenneth Rothwell,aye,,aye,aye,aye,aye
"March 17, 2026",13,2026-234,Appoints Douglas Borge to the Town of Riverhead Emerging Technology Committee,ADOPTED [UNANIMOUS],True,Kenneth Rothwell,Robert Kern,aye,,aye,aye,aye,aye
"March 17, 2026",14,2026-235,Reappoints Richard Wines to the Landmarks Preservation Commission,ADOPTED [UNANIMOUS],True,Robert Kern,Denise Merrifield,aye,,aye,aye,aye,aye
"March 17, 2026",15,2026-236,Reappoints Kelly Shauger to the Landmarks Preservation Commission,ADOPTED [UNANIMOUS],True,Denise Merrifield,Joann Waski,aye,,aye,aye,aye,aye
"March 17, 2026",16,2026-237,Reappoints James McManmon to the Landmarks Preservation Commission,ADOPTED [UNANIMOUS],True,Joann Waski,Kenneth Rothwell,aye,,aye,aye,aye,aye
"March 17, 2026",17,2026-238,Reappoints Stephanie Bail to the Landmarks Preservation Commission,ADOPTED [UNANIMOUS],True,Kenneth Rothwell,Robert Kern,aye,,aye,aye,aye,aye
"March 17, 2026",18,2026-239,Reappoints Joe Petrocelli to the Landmarks Preservation Commission,ADOPTED [UNANIMOUS],True,Robert Kern,Denise Merrifield,aye,,aye,aye,aye,aye
"March 17, 2026",19,2026-240,Reappoints Peter Lucas to the Landmarks Preservation Commission,ADOPTED [UNANIMOUS],True,Denise Merrifield,Joann Waski,aye,,aye,aye,aye,aye
"March 17, 2026",20,2026-241,Reappoints Alta Indelman to the Landmarks Preservation Commission,ADOPTED [UNANIMOUS],True,Joann Waski,Kenneth Rothwell,aye,,aye,aye,aye,aye
"March 17, 2026",21,2026-242,Adopts Town of Riverhead Petty Cash Policy,ADOPTED [UNANIMOUS],True,Kenneth Rothwell,Robert Kern,aye,,aye,aye,aye,aye
"March 17, 2026",22,2026-243,Increase of the Petty Cash Account for the Riverhead Parks and Recreation Department and Assigns the Custody of the Petty Cash Account,ADOPTED [UNANIMOUS],True,Robert Kern,Denise Merrifield,aye,,aye,aye,aye,aye
"March 17, 2026",23,2026-244,Amends Riverhead Water District Schedule of Rates and Charges,ADOPTED [UNANIMOUS],True,Denise Merrifield,Joann Waski,aye,,aye,aye,aye,aye
"March 17, 2026",24,2026-245,"Approves S&D Mini Excavating, Inc. As A Drainlayer For The Riverhead Sewer District",ADOPTED [UNANIMOUS],True,Joann Waski,Kenneth Rothwell,aye,,aye,aye,aye,aye
"March 17, 2026",25,2026-246,Approves Riverhead Business Improvement District Management Association’s Request to Extend the Filing Date for Filing of District Tax Exemption,ADOPTED [UNANIMOUS],True,Kenneth Rothwell,Robert Kern,aye,,aye,aye,aye,aye
"March 17, 2026",26,2026-247,Awards Bid for Chemicals for Sewer District,ADOPTED [UNANIMOUS],True,Robert Kern,Denise Merrifield,aye,,aye,aye,aye,aye
"March 17, 2026",27,2026-248,Awards Bid for Generator Maintenance,ADOPTED [UNANIMOUS],True,Denise Merrifield,Joann Waski,aye,,aye,aye,aye,aye
"March 17, 2026",28,2026-249,Awards Bid for Construction of Pre-fabricated Building for the Highway Department,ADOPTED [UNANIMOUS],True,Joann Waski,Kenneth Rothwell,aye,,aye,aye,aye,aye
"March 17, 2026",29,2026-250,"Authorizes the Town Clerk to Publish and Post Notice to Bidders for Twin Honda Outboard Motors, or Equal, Plus Additional Related Items and Installation for the Riverhead Police Department",ADOPTED [UNANIMOUS],True,Kenneth Rothwell,Robert Kern,aye,,aye,aye,aye,aye
"March 17, 2026",30,2026-251,Authorizes Town Clerk to Publish and Post Request for Proposals for Buses for Recreation Summer Day Camp Trips,ADOPTED [UNANIMOUS],True,Robert Kern,Denise Merrifield,aye,,aye,aye,aye,aye
"March 17, 2026",31,2026-252,"Adopts a Local Law Repealing Article 1 of Chapter 105, Titled “Accessory Apartments” of the Riverhead Town Code and Thereupon Enacting a New Part 7, Titled “Accessory Dwelling Unit(s) (ADUs)” of Chapter 217, Titled “Buildings, Building Construction and Improvements and Housing Standards” of the Riverhead Town Code",ADOPTED [UNANIMOUS],True,Denise Merrifield,Joann Waski,aye,,aye,aye,aye,aye
"March 17, 2026",32,2026-253,"Adopts A Local Law Amending Chapter 265 Of The Riverhead Town Code Entitled, “Sewers”",ADOPTED [UNANIMOUS],True,Joann Waski,Kenneth Rothwell,aye,,aye,aye,aye,aye
"March 17, 2026",33,2026-254,"Authorizes the Supervisor to Execute a Non-Binding, Project Scope Letter to PSEGLI for the redevelopment of 1129 West Main Street, Riverhead, New York, known as the “Perkins Building”",ADOPTED [UNANIMOUS],True,Kenneth Rothwell,Robert Kern,aye,,aye,aye,aye,aye
"March 17, 2026",34,2026-255,Authorizes the Supervisor to Execute an Agreement Authorizing the Town to Accept Funds from Suffolk County Office for the Aging for the Purpose of Supplementing the Town’s Nutrition Program for the Elderly 2026,ADOPTED [UNANIMOUS],True,Robert Kern,Denise Merrifield,aye,,aye,aye,aye,aye
"March 17, 2026",35,2026-256,Ratifies Execution Of A License Agreement With Research Foundation Of State University Of New York For Installation Of Fish Passage Camera At Grangebel Park,ADOPTED [UNANIMOUS],True,Denise Merrifield,Joann Waski,aye,,aye,aye,aye,aye
"March 17, 2026",36,2026-257,"Zenith Building Addition Site Plan Preliminary Approval 301 E. Main Street & 12 McDermott Ave, Riverhead, NY SCTM Nos. 600-129-4-1 & 600-129-4-5.2",ADOPTED [4 - 0],True,Joann Waski,Kenneth Rothwell,aye,,aye,aye,aye,aye
"March 17, 2026",37,2026-258,Ratifies Authorization for Town Attorney to Retain Special Counsel in Connection with Litigation Commenced by Suffolk County Water Authority,ADOPTED [UNANIMOUS],True,Kenneth Rothwell,Robert Kern,aye,,aye,aye,aye,aye
"March 17, 2026",38,2026-259,Approves ClearRiver Environmental Service Corp. as a Drainlayer for The Riverhead Sewer District,ADOPTED [UNANIMOUS],True,Robert Kern,Denise Merrifield,aye,,aye,aye,aye,aye
"March 17, 2026",39,2026-260,Approves Special Event Chapter 255 Application for The Greater Long Island Running Club (Kings Park 15K),ADOPTED [UNANIMOUS],True,Denise Merrifield,Joann Waski,aye,,aye,aye,aye,aye
"March 17, 2026",40,2026-261,Approves Special Event Chapter 255 Application for Polish Town Civic Association (Polish Town Street Fair and Festival),ADOPTED [UNANIMOUS],True,Joann Waski,Kenneth Rothwell,aye,,aye,aye,aye,aye
"March 17, 2026",41,2026-262,Approves Special Event Chapter 255 Application for Riverhead Rotary (Garden Festival),ADOPTED [UNANIMOUS],True,Kenneth Rothwell,Robert Kern,aye,,aye,aye,aye,aye
"March 17, 2026",42,2026-263,Pays Bills,ADOPTED [UNANIMOUS],True,Robert Kern,Denise Merrifield,aye,,aye,aye,aye,aye
"March 17, 2026",43,2026-264,"Adopts Final Scope for the Preparation of the DEIS for Duffy MX Motocross Track Special Permit and Site Plan Application 2822 River Rd, Calverton, NY SCTM No. 600-136-1-4",ADOPTED [UNANIMOUS],True,Denise Merrifield,Joann Waski,aye,,aye,aye,aye,aye
"March 17, 2026",44,2026-265,Authorizes Settlement of NYS Division of Human Rights Complaint,ADOPTED [UNANIMOUS],True,Joann Waski,Kenneth Rothwell,aye,,aye,aye,aye,aye
"March 17, 2026",45,2026-266,"Authorizes the Community Development Department to Apply for Community Project Funding a/k/a Congressionally Directed Spending (Senate) and Community Project Funding a/k/a Congressionally Directed Spending (House of Representatives) for Economic Development Initiative for Repaving, Draining, Public Works Facilities, Streetscape improvements",ADOPTED [UNANIMOUS],True,Denise Merrifield,Joann Waski,aye,,aye,aye,aye,aye
"March 17, 2026",46,2026-267,Authorizes the Community Development Department to Apply for Community Project Funding a/k/a Congressionally Directed Spending (Senate) and Community Project Funding a/k/a Congressionally Directed Spending (House of Representatives) for Police Vehicles,ADOPTED [UNANIMOUS],True,Kenneth Rothwell,Robert Kern,aye,,aye,aye,aye,aye
"March 3, 2026",1,2026-195,Water District Capital Project 82604 Extra Space 61 Main Rd Budget Adoption,ADOPTED [UNANIMOUS],True,Kenneth Rothwell,Robert Kern,aye,,aye,aye,aye,aye
"March 3, 2026",2,2026-196,Adopts Highway Department Budget Transfer for Additional Salt,ADOPTED [UNANIMOUS],True,Robert Kern,Denise Merrifield,aye,,aye,aye,aye,aye
"March 3, 2026",3,2026-197,Accepts Donation from The Chevy Youth Sports Team for PAL Football & Cheerleading,ADOPTED [UNANIMOUS],True,Denise Merrifield,Joann Waski,aye,,aye,aye,aye,aye
"March 3, 2026",4,2026-198,Authorizes Purchasing Director to Attend Annual New York State Association of Municipal Purchasing Officials Conference,ADOPTED [UNANIMOUS],True,Joann Waski,Kenneth Rothwell,aye,,aye,aye,aye,aye
"March 3, 2026",5,2026-199,Authorizes Sewer District Employees To Attend Seminar,[UNANIMOUS],True,Kenneth Rothwell,Robert Kern,aye,,aye,aye,aye,aye
"March 3, 2026",6,2026-200,Appoints an Account Clerk to the Recreation Department,ADOPTED [UNANIMOUS],True,Robert Kern,Denise Merrifield,aye,,aye,aye,aye,aye
"March 3, 2026",7,2026-201,Appoints a Building Plans Examiner,ADOPTED [UNANIMOUS],True,Denise Merrifield,Joann Waski,aye,,aye,aye,aye,aye
"March 3, 2026",8,2026-202,Reclassifies an Office Assistant to a Senior Office Assistant,ADOPTED [UNANIMOUS],True,Joann Waski,Kenneth Rothwell,aye,,aye,aye,aye,aye
"March 3, 2026",9,2026-203,Reclassifies an Account Clerk to a Senior Account Clerk,ADOPTED [UNANIMOUS],True,Kenneth Rothwell,Robert Kern,aye,,aye,aye,aye,aye
"March 3, 2026",10,2026-204,Ratifies the Resignation of a Building Plans Examiner,ADOPTED [UNANIMOUS],True,Robert Kern,Denise Merrifield,aye,,aye,aye,aye,aye
"March 3, 2026",11,2026-205,Appoints Denise Andrews to the Town of Riverhead Agricultural Advisory Committee,ADOPTED [UNANIMOUS],True,Denise Merrifield,Joann Waski,aye,,aye,aye,aye,aye
"March 3, 2026",12,2026-206,Appoints Walter Gravagna to the Town of Riverhead Agricultural Advisory Committee,ADOPTED [UNANIMOUS],True,Joann Waski,Kenneth Rothwell,aye,,aye,aye,aye,aye
"March 3, 2026",13,2026-207,Appoints Matt Wells to the Town of Riverhead Agricultural Advisory Committee,ADOPTED [UNANIMOUS],True,Kenneth Rothwell,Robert Kern,aye,,aye,aye,aye,aye
"March 3, 2026",14,2026-208,Reappoints Eve Kaplan to the Town or Riverhead Agricultural Advisory Committee,ADOPTED [UNANIMOUS],True,Robert Kern,Denise Merrifield,aye,,aye,aye,aye,aye
"March 3, 2026",15,2026-209,Extends Bid for Water Service Materials,ADOPTED [UNANIMOUS],True,Denise Merrifield,Joann Waski,aye,,aye,aye,aye,aye
"March 3, 2026",16,2026-210,Authorizes the Supervisor to Execute an Agreement with the Riverhead Lacrosse Club for Referee/Umpire Services and Team Fees for Town of Riverhead Police Athletic League Girls Lacrosse Program Grades K-8 for 2026 Calendar Year.,ADOPTED [UNANIMOUS],True,Joann Waski,Kenneth Rothwell,aye,,aye,aye,aye,aye
"March 3, 2026",17,2026-211,Authorizes the Community Development Department to Apply for Community Project Funding a/k/a Congressionally Directed Spending (Senate) and Community Project Funding a/k/a Congressionally Directed Spending (House of Representatives) for the Construction of Proposed RWD Public Water District Extension EXT 96 and EXT 97 and for Equipment for the Riverhead Police Department,ADOPTED [UNANIMOUS],True,Kenneth Rothwell,Robert Kern,aye,,aye,aye,aye,aye
"March 3, 2026",18,2026-212,Approves Special Event Chapter 255 Application for East End Arts & Humanities Council Inc. (Community Mosaic Street Painting Festival),ADOPTED [UNANIMOUS],True,Robert Kern,Denise Merrifield,aye,,aye,aye,aye,aye
"March 3, 2026",19,2026-213,Approves Special Event Chapter 255 Application for Jamesport Farm Brewery (JFB Food Truck Rodeo),ADOPTED [UNANIMOUS],True,Denise Merrifield,Joann Waski,aye,,aye,aye,aye,aye
"March 3, 2026",20,2026-214,Approves Special Event Chapter 255 Application for Jamesport Farm Brewery (JFB Car Show),ADOPTED [UNANIMOUS],True,Joann Waski,Kenneth Rothwell,aye,,aye,aye,aye,aye
"March 3, 2026",21,2026-215,Approves Special Event Chapter 255 Application for Jamesport Farm Brewery (Fresh Hop Festival),ADOPTED [UNANIMOUS],True,Kenneth Rothwell,Robert Kern,aye,,aye,aye,aye,aye
"March 3, 2026",22,2026-216,Approves Special Event Chapter 255 Application for Rise Life Services (Car Show 2026),ADOPTED [UNANIMOUS],True,Robert Kern,Denise Merrifield,aye,,aye,aye,aye,aye
"March 3, 2026",23,2026-217,"Authorizes Town Clerk to Publish and Post Public Notice to Consider an Amendment to Chapter 231 Article XXVII Section 69 titled ""Use Tenancy Permit - Fire Marshal Review""",ADOPTED [UNANIMOUS],True,Denise Merrifield,Joann Waski,aye,,aye,aye,aye,aye
"March 3, 2026",24,2026-218,"Authorizes Town Clerk to Publish and Post Notice to Consider an Amendment to Chapter 217 Article I Titled ""Administration"" Section 16.1Titled ""Change of Tenancy""",ADOPTED [UNANIMOUS],True,Joann Waski,Kenneth Rothwell,aye,,aye,aye,aye,aye
"March 3, 2026",25,2026-219,"Authorizes Town Clerk to Publish and Post Public Notice to Consider a Local Law to Amend Chapter 231 of the Riverhead Town Code Titled “Fire Prevention”, Article III “Administration”",ADOPTED [UNANIMOUS],True,Kenneth Rothwell,Robert Kern,aye,,aye,aye,aye,aye
"March 3, 2026",26,2026-220,Pays Bills,ADOPTED [UNANIMOUS],True,Robert Kern,Denise Merrifield,aye,,aye,aye,aye,aye
"March 3, 2026",27,2026-221,Designates Alcohol Service Vendors to Serve Alcohol at George Young Community Center and Authorizes the Supervisor to Execute a License Agreement with Designated Alcohol Service Vendors and the East End Emerald Society (Jamesport St. Patrick’s Parade),ADOPTED [UNANIMOUS],True,Denise Merrifield,Joann Waski,aye,,aye,aye,aye,aye
"February 18, 2026",1,2026-155,Water District Capital Project 82518 Sandy Pond Links Water Service Budget Adjustment,ADOPTED [UNANIMOUS],True,Kenneth Rothwell,Robert Kern,aye,,aye,aye,aye,aye
"February 18, 2026",2,2026-156,2026 Ambulance District Budget Adjustment,ADOPTED [UNANIMOUS],True,Robert Kern,Denise Merrifield,aye,,aye,aye,aye,aye
"February 18, 2026",3,2026-157,Accepts Donation of Trailers for the Riverhead Fire Marshal’s Office,ADOPTED [UNANIMOUS],True,Denise Merrifield,Joann Waski,aye,,aye,aye,aye,aye
"February 18, 2026",4,2026-158,Authorizes Removal of Fixed Assets,ADOPTED [UNANIMOUS],True,Joann Waski,Kenneth Rothwell,aye,,aye,aye,aye,aye
"February 18, 2026",5,2026-159,Authorizes Attendance at Seminar by Assistant Chief Fire Marshal,ADOPTED [UNANIMOUS],True,Kenneth Rothwell,Robert Kern,aye,,aye,aye,aye,aye
"February 18, 2026",6,2026-160,Authorizes One Police Department Employee to attend a Training,ADOPTED [UNANIMOUS],True,Robert Kern,Denise Merrifield,aye,,aye,aye,aye,aye
"February 18, 2026",7,2026-161,Appoints Automotive Equipment Operators,ADOPTED [UNANIMOUS],True,Denise Merrifield,Joann Waski,aye,,aye,aye,aye,aye
"February 18, 2026",8,2026-162,Amends Resolution 2026-113,ADOPTED [UNANIMOUS],True,Joann Waski,Kenneth Rothwell,aye,,aye,aye,aye,aye
"February 18, 2026",9,2026-163,Ratifies the Reclassification of a Senior Account Clerk to Principal Account Clerk,ADOPTED [UNANIMOUS],True,Kenneth Rothwell,Robert Kern,aye,,aye,aye,aye,aye
"February 18, 2026",10,2026-164,Approves an Unpaid Leave of Absence,ADOPTED [UNANIMOUS],True,Robert Kern,Denise Merrifield,aye,,aye,aye,aye,aye
"February 18, 2026",11,2026-165,Reappoints Monique Parsons to the Town of Riverhead Business Advisory Committee,ADOPTED [UNANIMOUS],True,Denise Merrifield,Joann Waski,aye,,aye,aye,aye,aye
"February 18, 2026",12,2026-166,Reappoints Connie Lassandro to the Town of Riverhead Business Advisory Committee,ADOPTED [UNANIMOUS],True,Joann Waski,Kenneth Rothwell,aye,,aye,aye,aye,aye
"February 18, 2026",13,2026-167,Reappoints Steve Shauger to the Town of Riverhead Business Advisory Committee,ADOPTED [UNANIMOUS],True,Kenneth Rothwell,Robert Kern,aye,,aye,aye,aye,aye
"February 18, 2026",14,2026-168,Reappoints Dean Del Prete to the Town of Rivehead Business Advisory Commitee,ADOPTED [UNANIMOUS],True,Robert Kern,Denise Merrifield,aye,,aye,aye,aye,aye
"February 18, 2026",15,2026-169,Reappoints Ray Castranova to the Town of Riverhead Business Advisory Committee,ADOPTED [UNANIMOUS],True,Denise Merrifield,Joann Waski,aye,,aye,aye,aye,aye
"February 18, 2026",16,2026-170,Reappoints Ike Israel to the Town of Riverhead Business Advisory Committee,ADOPTED [UNANIMOUS],True,Joann Waski,Kenneth Rothwell,aye,,aye,aye,aye,aye
"February 18, 2026",17,2026-171,Reappoints Lee Mendelsen to the Town of Riverhead Business Advisory Committee,ADOPTED [UNANIMOUS],True,Kenneth Rothwell,Robert Kern,aye,,aye,aye,aye,aye
"February 18, 2026",18,2026-172,Reappoints Scott Middleton to the Town of Riverhead Business Advisory Committee,ADOPTED [UNANIMOUS],True,Robert Kern,Denise Merrifield,aye,,aye,aye,aye,aye
"February 18, 2026",19,2026-173,"Adopts a Local Law To Amend Chapter 279 of the Riverhead Town Code Titled “Taxation”, Article VIII “Exemption for Volunteer Firefighters and Volunteer Ambulance Workers”",ADOPTED [UNANIMOUS],True,Denise Merrifield,Joann Waski,aye,,aye,aye,aye,aye
"February 18, 2026",20,2026-174,"Adopts a Local Law To Amend Chapter 279 of the Riverhead Town Code Titled “Taxation”, Enacting Article XI “Exemption for Surviving Spouses of Police Officers Killed in the Line of Duty”",ADOPTED [UNANIMOUS],True,Joann Waski,Kenneth Rothwell,aye,,aye,aye,aye,aye
"February 18, 2026",21,2026-175,"Authorizes Town Clerk to Publish and Post Public Notice to Consider an Amendment to Chapter 289, Entitled ""No Parking Certain Hours""",ADOPTED [UNANIMOUS],True,Kenneth Rothwell,Robert Kern,aye,,aye,aye,aye,aye
"February 18, 2026",22,2026-176,Authorizes Town Clerk to Publish and Post Notice to Bidders for Generator Maintenance and Emergency Service,ADOPTED [UNANIMOUS],True,Robert Kern,Denise Merrifield,aye,,aye,aye,aye,aye
"February 18, 2026",23,2026-177,Rejects Bids for PFAS Treatment at Well No. 5-2A; SRF Project No. 19591 – Riverhead Water District and Authorizes Town Clerk to Publish and Post Notice to Bidders for Rebid - PFAS Treatment at Well No. 5-2A; SRF Project No. 19591 – Riverhead Water District,ADOPTED [UNANIMOUS],True,Denise Merrifield,Joann Waski,aye,,aye,aye,aye,aye
"February 18, 2026",24,2026-178,"Authorizes the Town Attorney to Execute an Agreement with Municipal Valuation Services, Inc.",ADOPTED [UNANIMOUS],True,Joann Waski,Kenneth Rothwell,aye,,aye,aye,aye,aye
"February 18, 2026",25,2026-179,Authorizes the Supervisor to Execute an Agreement with the Nassau County Police Activity League – Lacrosse Unit for Referee/Umpire Services and Team Fees for Town of Riverhead Police Athletic League Boys Lacrosse Program Grades K-8 for 2026 Calendar Year.,ADOPTED [UNANIMOUS],True,Kenneth Rothwell,Robert Kern,aye,,aye,aye,aye,aye
"February 18, 2026",26,2026-180,"Authorizes the Supervisor to Execute a Professional Services Agreement with P.W. Grosser Consulting Engineering & Hydrogeologist, D.P.C. for the Meetinghouse Creek Stormwater Wetland and Habitat Restoration Project",ADOPTED [UNANIMOUS],True,Robert Kern,Denise Merrifield,aye,,aye,aye,aye,aye
"February 18, 2026",27,2026-181,"Authorizes The Supervisor to Execute a Professional Services Agreement with The Raynor Group, P.E. & L.S., PLLC",ADOPTED [UNANIMOUS],True,Denise Merrifield,Joann Waski,aye,,aye,aye,aye,aye
"February 18, 2026",28,2026-182,"Authorize Supervisor to Execute a License Agreement with DMS Apex Holdings, LLC (Skip Barber Racing School) to Utilize Runway at EPCAL",ADOPTED [UNANIMOUS],True,Joann Waski,Kenneth Rothwell,aye,,aye,aye,aye,aye
"February 18, 2026",29,2026-183,"Authorizes the Supervisor to Execute an Addendum to an Agreement with LVF Landscape Architects, PLLC (Playground)",ADOPTED [UNANIMOUS],True,Kenneth Rothwell,Robert Kern,aye,,aye,aye,aye,aye
"February 18, 2026",30,2026-184,"Ratifies the Authorization for the Town Attorney to Execute a Retainer Agreement with Certilman Balin Adler & Hyman, LLP",ADOPTED [UNANIMOUS],True,Robert Kern,Denise Merrifield,aye,,aye,aye,aye,aye
"February 18, 2026",31,2026-185,Authorizes the Supervisor to Issue a Letter to the Suffolk County Department of Health Services Allowing the Use of Pine Barrens Credits Originated from Property Located In Riverhead (Brentwood Legion Ambulance Service Inc.),ADOPTED [UNANIMOUS],True,Denise Merrifield,Joann Waski,aye,,aye,aye,aye,aye
"February 18, 2026",32,2026-186,Approves Special Event Chapter 255 Application for Riverhead Home Depot (Plant Event),ADOPTED [UNANIMOUS],True,Joann Waski,Kenneth Rothwell,aye,,aye,aye,aye,aye
"February 18, 2026",33,2026-187,Approves Special Event Chapter 255 Application for New York Marine Rescue Center (Run for the Ridley 5K),ADOPTED [UNANIMOUS],True,Kenneth Rothwell,Robert Kern,aye,,aye,aye,aye,aye
"February 18, 2026",34,2026-188,Approves Special Event Chapter 255 Application for Slow Food East End (Earth Day),ADOPTED [UNANIMOUS],True,Robert Kern,Denise Merrifield,aye,,aye,aye,aye,aye
"February 18, 2026",35,2026-189,Approves Special Event Chapter 255 Application for St. John the Baptist Ukrainian Church (Blessing of the Cars Car Show),ADOPTED [UNANIMOUS],True,Denise Merrifield,Joann Waski,aye,,aye,aye,aye,aye
"February 18, 2026",36,2026-190,"Ratifies the Amendment of Resolution 2026-148 Authorizing Submission of an Application to the Office of Parks, Recreation and Historic Preservation Environmental Bond Act Municipal Parks and Recreation Grant Program for Stotzky Park Lighting Replacement Project",ADOPTED [UNANIMOUS],True,Joann Waski,Kenneth Rothwell,aye,,aye,aye,aye,aye
"February 18, 2026",37,2026-191,Pays Bills,ADOPTED [UNANIMOUS],True,Kenneth Rothwell,Robert Kern,aye,,aye,aye,aye,aye
"February 18, 2026",38,2026-192,"Authorizes Lawrence Indimine Consulting Corp. to Conduct an Appraisal in Connection with a Real Property Tax Law, Article 7 Proceeding",ADOPTED [UNANIMOUS],True,Robert Kern,Denise Merrifield,aye,,aye,aye,aye,aye
"February 18, 2026",39,2026-193,"Authorize Supervisor to Execute a Retainer Agreement with Timothy James Hopkins, Esq. d/b/a Hopkins Law Services",ADOPTED [UNANIMOUS],True,Denise Merrifield,Joann Waski,aye,,aye,aye,aye,aye
"February 18, 2026",40,2026-194,Appoints Hearing Officer and Authorizes Suspension of an Employee,ADOPTED [UNANIMOUS],True,Joann Waski,Kenneth Rothwell,aye,,aye,aye,aye,aye
"February 3, 2026",1,2026-101,Authorizes Removal of Fixed Assets,ADOPTED [UNANIMOUS],True,Kenneth Rothwell,Robert Kern,aye,,aye,aye,aye,aye
"February 3, 2026",2,2026-102,Authorizes Financial Administrator to Establish a Budget for America 250 Donations,ADOPTED [UNANIMOUS],True,Robert Kern,Denise Merrifield,aye,,aye,aye,aye,aye
"February 3, 2026",3,2026-103,Water District Capital Project 81855 Plant 2A Budget Amendment,ADOPTED [UNANIMOUS],True,Denise Merrifield,Joann Waski,aye,,aye,aye,aye,aye
"February 3, 2026",4,2026-104,Water District Capital Project 82602 Riverhead Mazda 1419 Old Country Rd Budget Adoption,ADOPTED [UNANIMOUS],True,Joann Waski,Kenneth Rothwell,aye,,aye,aye,aye,aye
"February 3, 2026",5,2026-105,Sewer District Capital Project 82603 840 Old Country Rd Budget Adoption,ADOPTED [UNANIMOUS],True,Kenneth Rothwell,Robert Kern,aye,,aye,aye,aye,aye
"February 3, 2026",6,2026-106,Ratifies Acceptance Of Donation Of Plants From Gabrielsen Farms 2025,ADOPTED [UNANIMOUS],True,Robert Kern,Denise Merrifield,aye,,aye,aye,aye,aye
"February 3, 2026",7,2026-107,"Sets Fees For Riverhead Sewer District, Calverton Sewer District And Scavenger Waste",ADOPTED [UNANIMOUS],True,Denise Merrifield,Joann Waski,aye,,aye,aye,aye,aye
"February 3, 2026",8,2026-108,Authorization for Police Department Employees to attend a Training,ADOPTED [UNANIMOUS],True,Joann Waski,Kenneth Rothwell,aye,,aye,aye,aye,aye
"February 3, 2026",9,2026-109,Authorizes One Police Department Employee to attend a Training Conference,ADOPTED [UNANIMOUS],True,Kenneth Rothwell,Robert Kern,aye,,aye,aye,aye,aye
"February 3, 2026",10,2026-110,Establishes Standard Work Day for Elected Official,ADOPTED [UNANIMOUS],True,Robert Kern,Denise Merrifield,aye,,aye,aye,aye,aye
"February 3, 2026",11,2026-111,Amends Resolution 2026-2 Sets Salaries of General Town Employees for the Year 2026,ADOPTED [UNANIMOUS],True,Denise Merrifield,Joann Waski,aye,,aye,aye,aye,aye
"February 3, 2026",12,2026-112,Ratifies the Appointment of a Maintenance Mechanic II,ADOPTED [UNANIMOUS],True,Joann Waski,Kenneth Rothwell,aye,,aye,aye,aye,aye
"February 3, 2026",13,2026-113,Appoints an Assistant Chief Fire Marshal,ADOPTED [UNANIMOUS],True,Kenneth Rothwell,Robert Kern,aye,,aye,aye,aye,aye
"February 3, 2026",14,2026-114,Appoints a Senior Accountant,ADOPTED [UNANIMOUS],True,Robert Kern,Denise Merrifield,aye,,aye,aye,aye,aye
"February 3, 2026",15,2026-115,Appoints Marriage Officer James Wooten,ADOPTED [UNANIMOUS],True,Denise Merrifield,Joann Waski,aye,,aye,aye,aye,aye
"February 3, 2026",16,2026-116,Appoints Jeffrey Seeman as Member to the Town of Riverhead Climate Smart Community Task Force,ADOPTED [UNANIMOUS],True,Joann Waski,Kenneth Rothwell,aye,,aye,aye,aye,aye
"February 3, 2026",17,2026-117,Appoints Joseph Rutt as Coordinator for the Climate Smart Community Task Force for the Town of Riverhead,ADOPTED [UNANIMOUS],True,Kenneth Rothwell,Robert Kern,aye,,aye,aye,aye,aye
"February 3, 2026",18,2026-118,Reappoints and Appoints Members of the Internal Green Team of Climate Smart Community Task Force for the Town of Riverhead,ADOPTED [UNANIMOUS],True,Robert Kern,Denise Merrifield,aye,,aye,aye,aye,aye
"February 3, 2026",19,2026-119,Reappoints George Bartunek as Member of the Town of Riverhead Climate Smart Community Task Force,ADOPTED [UNANIMOUS],True,Denise Merrifield,Joann Waski,aye,,aye,aye,aye,aye
"February 3, 2026",20,2026-120,Reappoints Mark Haubner as Member of the Town of Riverhead Climate Smart Community Task Force,ADOPTED [UNANIMOUS],True,Joann Waski,Kenneth Rothwell,aye,,aye,aye,aye,aye
"February 3, 2026",21,2026-121,Reappoints Angela DeVito as Member of the Town of Riverhead Climate Smart Community Task Force,ADOPTED [UNANIMOUS],True,Kenneth Rothwell,Robert Kern,aye,,aye,aye,aye,aye
"February 3, 2026",22,2026-122,Reappoints Kenneth R. Rothwell as Member of the Town of Riverhead Climate Smart Community Task Force,ADOPTED [UNANIMOUS],True,Robert Kern,Denise Merrifield,aye,,aye,aye,abstain,aye
"February 3, 2026",23,2026-123,Reappoints Barbara Blass as Member of the Town of Riverhead Climate Smart Community Task Force,ADOPTED [UNANIMOUS],True,Denise Merrifield,Joann Waski,aye,,aye,aye,aye,aye
"February 3, 2026",24,2026-124,Reappoints Megan Carrick to the Town of Riverhead Architectural Review Board,ADOPTED [UNANIMOUS],True,Joann Waski,Kenneth Rothwell,aye,,aye,aye,aye,aye
"February 3, 2026",25,2026-125,"Reappoints Sean McCabe Sr., as Member of the Town of Riverhead Conservation Advisory Council",ADOPTED [UNANIMOUS],True,Kenneth Rothwell,Robert Kern,aye,,aye,aye,aye,aye
"February 3, 2026",26,2026-126,Reappoints Robert Fox as Member of the Town of Riverhead Conservation Advisory Council,ADOPTED [UNANIMOUS],True,Robert Kern,Denise Merrifield,aye,,aye,aye,aye,aye
"February 3, 2026",27,2026-127,Reappoints Charles Thomas as Member of the Town of Riverhead Conservation Advisory Council,ADOPTED [UNANIMOUS],True,Denise Merrifield,Joann Waski,aye,,aye,aye,aye,aye
"February 3, 2026",28,2026-128,Reappoints Duane Lewin as Member of the Town of Riverhead Conservation Advisory Council,ADOPTED [UNANIMOUS],True,Joann Waski,Kenneth Rothwell,aye,,aye,aye,aye,aye
"February 3, 2026",29,2026-129,Reappoints George Woodhull as Member of the Town of Riverhead Conservation Advisory Council,ADOPTED [UNANIMOUS],True,Kenneth Rothwell,Robert Kern,aye,,aye,aye,aye,aye
"February 3, 2026",30,2026-130,Reappoints Robert Kujawski as Member of the Town of Riverhead Conservation Advisory Council,ADOPTED [UNANIMOUS],True,Robert Kern,Denise Merrifield,aye,,aye,aye,aye,aye
"February 3, 2026",31,2026-131,Renews a Stipend for Pine Barrens Designee,ADOPTED [UNANIMOUS],True,Denise Merrifield,Joann Waski,aye,,aye,aye,aye,aye
"February 3, 2026",32,2026-132,Authorizes Supervisor to Sign an Agreement with Court Reporter (Galante),ADOPTED [UNANIMOUS],True,Joann Waski,Kenneth Rothwell,aye,,aye,aye,aye,aye
"February 3, 2026",33,2026-133,Authorizes the Supervisor to Issue a Letter to the Suffolk County Department of Health Services Authorizing the Use of Pine Barrens Credits Originating from Property Located in the Town of Riverhead (Irwin Krasnow),ADOPTED [UNANIMOUS],True,Kenneth Rothwell,Robert Kern,aye,,aye,aye,aye,aye
"February 3, 2026",34,2026-134,Ratifies the Authorization for the Supervisor to Execute an Amended Agreement with Assistant Recreation Superintendent I,ADOPTED [3 - 2],True,Robert Kern,Denise Merrifield,aye,,nay,aye,nay,aye
"February 3, 2026",35,2026-135,"Authorizes the Supervisor to Execute a Professional Services Agreement with Land Use Ecological Services, Inc. for the Meetinghouse Creek Road Bulkhead Reconstruction Project",ADOPTED [UNANIMOUS],True,Denise Merrifield,Joann Waski,aye,,aye,aye,aye,aye
"February 3, 2026",36,2026-136,"Resolution Authorizing Agreement with TAN Productions, Inc. for the “America 250 – Town of Riverhead” Commemorative Book",ADOPTED [UNANIMOUS],True,Joann Waski,Kenneth Rothwell,aye,,aye,aye,aye,aye
"February 3, 2026",37,2026-137,"Authorizes the Release of the Performance Bond for the Major Subdivision of NF Golf Resorts, LLC (a/k/a Highlands at Reeves)",ADOPTED [UNANIMOUS],True,Kenneth Rothwell,Robert Kern,aye,,aye,aye,aye,aye
"February 3, 2026",38,2026-138,Authorizes Town Clerk To Publish And Post Public Notice To Consider A Local Law To Amend Chapter 265 Entitled “Sewers” Of The Riverhead Town Code,ADOPTED [UNANIMOUS],True,Robert Kern,Denise Merrifield,aye,,aye,aye,aye,aye
"February 3, 2026",39,2026-139,Authorizes the Town Clerk to Publish and Post Notice to Bidders for Charter Buses,ADOPTED [UNANIMOUS],True,Denise Merrifield,Joann Waski,aye,,aye,aye,aye,aye
"February 3, 2026",40,2026-140,Authorize Issuance of a Request for Proposals for an Administrative Law Judge to Adjudicate Stop-Arm School Bus Camera Violations and Delegating Administration to the Town Attorney,ADOPTED [UNANIMOUS],True,Joann Waski,Kenneth Rothwell,aye,,aye,aye,aye,aye
"February 3, 2026",41,2026-141,"Extends Bid for Sensus Water Meter & Accessory Equipment, or Reasonable Equivalent, & Repair to Meter Reading Equipment for Riverhead Water District",ADOPTED [UNANIMOUS],True,Kenneth Rothwell,Robert Kern,aye,,aye,aye,aye,aye
"February 3, 2026",42,2026-142,Awards Bid for Construction of Well No. 2A - Contract E - Electrical Construction; Contract G - General Construction; Contract P - Mechanical and Well Pump Construction - Riverhead Water District,ADOPTED [UNANIMOUS],True,Robert Kern,Denise Merrifield,aye,,aye,aye,aye,aye
"February 3, 2026",43,2026-143,"Schedules Public Scoping Session for the Special Permit and Site Plan Application of Duffy MX Motocross Track 2822 River Road Calverton, NY SCTM No. 600-136-1-4",ADOPTED [UNANIMOUS],True,Denise Merrifield,Joann Waski,aye,,aye,aye,aye,aye
"February 3, 2026",44,2026-144,Designates the Senior Citizen Program Director as an Accountable Executive In Connection With The New York State Department Of Transportation (NYSDOT) Transit Asset Management Plan (TAM),ADOPTED [UNANIMOUS],True,Joann Waski,Kenneth Rothwell,aye,,aye,aye,aye,aye
"February 3, 2026",45,2026-145,"Authorizing Submission of an Application to the Office of Parks, Recreation and Historic Preservation Environmental Bond Act Municipal Parks and Recreation Grant Program for Stotzy Park Lighting Replacement Project",ADOPTED [UNANIMOUS],True,Kenneth Rothwell,Robert Kern,aye,,aye,aye,aye,aye
"February 3, 2026",46,2026-146,Authorizes the Community Development Department to Apply for a Municipal Parks and Recreation Grant,ADOPTED [UNANIMOUS],True,Robert Kern,Denise Merrifield,aye,,aye,aye,aye,aye
"February 3, 2026",47,2026-147,Approves Chapter 255 Special Event Application for Andrew Mc Morris Foundation (Andrew's Top Gun Run 5K),ADOPTED [UNANIMOUS],True,Denise Merrifield,Joann Waski,aye,,aye,aye,aye,aye
"February 3, 2026",48,2026-148,Pays Bills,ADOPTED [UNANIMOUS],True,Joann Waski,Kenneth Rothwell,aye,,aye,aye,aye,aye
"February 3, 2026",49,2026-149,"Authorizes Attendance at the 2026 Annual Meeting & Training School Held by the Associations of Towns (February 15-18, 2026)",ADOPTED [4 - 0],True,Kenneth Rothwell,Robert Kern,abstain,,aye,aye,aye,aye
"February 3, 2026",50,2026-150,Authorizes the Supervisor to Issue a Letter to the Suffolk County Department of Health Services Allowing the Use of Pine Barrens Credits Originated from Property Located In Riverhead (K & C Builders Inc.),ADOPTED [UNANIMOUS],True,Robert Kern,Denise Merrifield,aye,,aye,aye,aye,aye
"February 3, 2026",51,2026-151,Promotes a Police Officer to the Rank of Sergeant,ADOPTED [UNANIMOUS],True,Denise Merrifield,Joann Waski,aye,,aye,aye,aye,aye
"February 3, 2026",52,2026-152,Authorizes the Supervisor to Execute an Intermunicipal Agreement with the Town of Brookhaven for the Restoration of the Wading River Duck Pond,ADOPTED [UNANIMOUS],True,Joann Waski,Kenneth Rothwell,aye,,aye,aye,aye,aye
"February 3, 2026",53,2026-153,"Authorizes Town Clerk to Publish and Post Notice of a Public Hearing to Consider a Proposed Local Law Repealing Article 1 of Chapter 105, Titled “Accessory Apartments” of the Riverhead Town Code and Thereupon Enacting a New Part 7, Titled “Accessory Dwelling Unit(s) (ADUs)” of Chapter 217, Titled “Buildings, Building Construction and Improvements and Housing Standards” of the Riverhead Town Code.",ADOPTED [UNANIMOUS],True,Kenneth Rothwell,Robert Kern,aye,,aye,aye,aye,aye
"February 3, 2026",54,2026-154,"Authorizes Town Clerk to Publish and Post Public Notice to Consider a Local Law to Amend Chapter 279 of the Riverhead Town Code Titled “Taxation”, Enacting Article XI “Exemption For Surviving Spouses of Police Officers Killed in the Line of Duty”",ADOPTED [UNANIMOUS],True,Kenneth Rothwell,Robert Kern,aye,,aye,aye,aye,aye
"January 21, 2026",1,2026-61,Water District Capital Project 82601 Q’Doba Restaurant 949 Old Country Rd Budget Adoption,ADOPTED [UNANIMOUS],True,Kenneth Rothwell,Robert Kern,aye,,aye,aye,aye,aye
"January 21, 2026",2,2026-62,Water District Capital Project #82424 Budget Adjustment for Electrical Upgrade at Plant No. 7,ADOPTED [UNANIMOUS],True,Robert Kern,Denise Merrifield,aye,,aye,aye,aye,aye
"January 21, 2026",3,2026-63,Amends Town Board Resolution 2026-17,ADOPTED [UNANIMOUS],True,Denise Merrifield,Joann Waski,aye,,aye,aye,aye,aye
"January 21, 2026",4,2026-64,Approves Sewer District Request for Change Order No. 1 Related to the Electrical Contract for the Class A Biosolids Upgrade Project,ADOPTED [UNANIMOUS],True,Joann Waski,Kenneth Rothwell,aye,,aye,aye,aye,aye
"January 21, 2026",5,2026-65,Approves Sewer District Request for Change Order No. 2 Related to the Contract E - Electrical Construction for the Class A Biosolids Upgrade Project,ADOPTED [UNANIMOUS],True,Kenneth Rothwell,Robert Kern,aye,,aye,aye,aye,aye
"January 21, 2026",6,2026-66,Authorizes Sewer District Employees To Attend NYWEA Meeting And Training Conference,ADOPTED [UNANIMOUS],True,Robert Kern,Denise Merrifield,aye,,aye,aye,aye,aye
"January 21, 2026",7,2026-67,Authorizes Attendance at the IAAI Conference By Chief Fire Marshal,ADOPTED [UNANIMOUS],True,Denise Merrifield,Joann Waski,aye,,aye,aye,aye,aye
"January 21, 2026",8,2026-68,Ratifies the Fees for the 2026 Winter Brochure,ADOPTED [UNANIMOUS],True,Joann Waski,Kenneth Rothwell,aye,,aye,aye,aye,aye
"January 21, 2026",9,2026-69,Sets the 2026 Recreation Fee Schedule,ADOPTED [UNANIMOUS],True,Kenneth Rothwell,Robert Kern,aye,,aye,aye,aye,aye
"January 21, 2026",10,2026-70,Sets Fire Prevention Construction Fees 2026,ADOPTED [UNANIMOUS],True,Robert Kern,Denise Merrifield,aye,,aye,aye,aye,aye
"January 21, 2026",11,2026-71,Sets Fire Prevention Operating Permit Fees 2026,ADOPTED [UNANIMOUS],True,Denise Merrifield,Joann Waski,aye,,aye,aye,aye,aye
"January 21, 2026",12,2026-72,Appoints an Electrical Inspector,ADOPTED [UNANIMOUS],True,Joann Waski,Kenneth Rothwell,aye,,aye,aye,aye,aye
"January 21, 2026",13,2026-73,Ratifies the Appointment of a Part-Time Code Enforcement Officer,ADOPTED [UNANIMOUS],True,Kenneth Rothwell,Robert Kern,aye,,aye,aye,aye,aye
"January 21, 2026",14,2026-74,Ratifies Reappointment of Member of the Riverhead Farmland Preservation Committee -Matt Schmitt,ADOPTED [UNANIMOUS],True,Robert Kern,Denise Merrifield,aye,,aye,aye,aye,aye
"January 21, 2026",15,2026-75,Amendment To Lease Payment Provision Of Pre-Possession And Lease Agreement,ADOPTED [UNANIMOUS],True,Denise Merrifield,Joann Waski,aye,,aye,aye,aye,aye
"January 21, 2026",16,2026-76,Authorizes the Supervisor to Execute a License Agreement with the Town of Riverhead Community Development Agency (CDA) for USGA Vehicle Parking,ADOPTED [UNANIMOUS],True,Joann Waski,Kenneth Rothwell,aye,,aye,aye,aye,aye
"January 21, 2026",17,2026-77,Authorizes the Supervisor to Sign a Memorandum of Agreement and Waiver & Release for Eastern Suffolk BOCES Interns,ADOPTED [UNANIMOUS],True,Kenneth Rothwell,Robert Kern,aye,,aye,aye,aye,aye
"January 21, 2026",18,2026-78,Authorizes The Supervisor To Execute Lease Agreement Authorizing The Town To Lease An Automobile From Suffolk County Office For The Aging,ADOPTED [UNANIMOUS],True,Robert Kern,Denise Merrifield,aye,,aye,aye,aye,aye
"January 21, 2026",19,2026-79,"Authorize the Supervisor to Execute a License Agreement with United States Golf Association (USGA), SEQRA Classification, Lead Agency and Negative Declaration",ADOPTED [UNANIMOUS],True,Denise Merrifield,Joann Waski,aye,,aye,aye,aye,aye
"January 21, 2026",20,2026-80,"Authorizes Renewal Of A Musical Works License Agreement With The American Society Of Composers, Authors And Publishers (ASCAP) 2026",ADOPTED [UNANIMOUS],True,Joann Waski,Kenneth Rothwell,aye,,aye,aye,aye,aye
"January 21, 2026",21,2026-81,"Approves Extension of an Agreement with Mark Conklin, Nunc Pro Tunc",ADOPTED [UNANIMOUS],True,Kenneth Rothwell,Robert Kern,aye,,aye,aye,aye,aye
"January 21, 2026",22,2026-82,"Authorizes Town Clerk to Publish and Post Public Notice to Consider a Local Law to Amend Chapter 279 of the Riverhead Town Code Titled “Taxation”, Article VIII “Exemption for Volunteer Firefighters and Volunteer Ambulance Workers”",ADOPTED [UNANIMOUS],True,Robert Kern,Denise Merrifield,aye,,aye,aye,aye,aye
"January 21, 2026",23,2026-83,"Classifies Special Permit Application of Hampton Jitney Battery Energy Storage System as an Unlisted Action Pursuant to SEQRA and Issues a Negative Declaration, 253 Edwards Avenue, Calverton (SCTM No. 600-117-1-8.6)",ADOPTED [UNANIMOUS],True,Denise Merrifield,Joann Waski,aye,,aye,aye,aye,aye
"January 21, 2026",24,2026-84,"Authorizes Town Clerk to Publish and Post Notice for Public Hearing for the Special Permit Application Entitled Hampton Jitney Battery Energy Storage System, 253 Edwards Avenue, Calverton (SCTM No. 600-117-1-8.6)",ADOPTED [UNANIMOUS],True,Joann Waski,Kenneth Rothwell,aye,,aye,aye,aye,aye
"January 21, 2026",25,2026-85,"Classifies an Action as Unlisted Pursuant to SEQRA, Assumes Lead Agency, and Issues a Negative Declaration for the Site Plan and Special Permit Applications Entitled 221 Scott Avenue Energy Storage System, 221 Scott Avenue, Calverton NY SCTM No. 600-135.20-1-12",ADOPTED [UNANIMOUS],True,Kenneth Rothwell,Robert Kern,aye,,aye,aye,aye,aye
"January 21, 2026",26,2026-86,"Authorizes Town Clerk to Publish and Post Public Notice of Public Hearing for the Site Plan and Special Permit Applications Entitled 221 Scott Avenue Energy Storage System 221 Scott Avenue, Calverton NY SCTM NO. 600-135.20-1-12",ADOPTED [UNANIMOUS],True,Robert Kern,Denise Merrifield,aye,,aye,aye,aye,aye
"January 21, 2026",27,2026-87,Authorizes the Town Clerk to Publish and Post Notice to Bidders for Meetinghouse Creek Road Bulkhead Renovation,ADOPTED [UNANIMOUS],True,Denise Merrifield,Joann Waski,aye,,aye,aye,aye,aye
"January 21, 2026",28,2026-88,Authorizes Town Clerk to Publish and Post Bid for Propane Fuel and Equipment Maintenance,ADOPTED [UNANIMOUS],True,Joann Waski,Kenneth Rothwell,aye,,aye,aye,aye,aye
"January 21, 2026",29,2026-89,Extends Bid Nunc Pro Tunc for Bid # 2022-35 Traffic Signal Emergency Repair and Additional Work As Authorized,ADOPTED [UNANIMOUS],True,Kenneth Rothwell,Robert Kern,aye,,aye,aye,aye,aye
"January 21, 2026",30,2026-90,Awards Bid for Rehabilitation of Plant No. 7 - Electrical Upgrades- Riverhead Water District,ADOPTED [UNANIMOUS],True,Robert Kern,Denise Merrifield,aye,,aye,aye,aye,aye
"January 21, 2026",31,2026-91,Awards Re-Bid for Truck Parts,ADOPTED [UNANIMOUS],True,Denise Merrifield,Joann Waski,aye,,aye,aye,aye,aye
"January 21, 2026",32,2026-92,"Resolution For Home Rule Request In Support Of Bill (Senate Bill #S.8378- -B/Assembly Bill #A.8809--B) For “An Act To Amend Chapter 495 Of The Laws Of 2011 Relating To The Conveyance Of Land Formerly Used As An Armory To The Town Of Riverhead, County Of Suffolk In Relation To The Use Of Such Property”",ADOPTED [UNANIMOUS],True,Joann Waski,Kenneth Rothwell,aye,,aye,aye,aye,aye
"January 21, 2026",33,2026-93,"Authorizes the Submission of A Letter of Intent and Grant Application to New York SEA GRANT for A Study and Plan to Address Flooding Issues on Creek Road and Sound Road in Wading River, NY",ADOPTED [UNANIMOUS],True,Kenneth Rothwell,Robert Kern,aye,,aye,aye,aye,aye
"January 21, 2026",34,2026-94,Approves Special Event Chapter 255 Application for Chicken Kidz LLC (Consignment Event),ADOPTED [UNANIMOUS],True,Robert Kern,Denise Merrifield,aye,,aye,aye,aye,aye
"January 21, 2026",35,2026-95,Pays Bills,ADOPTED [UNANIMOUS],True,Denise Merrifield,Joann Waski,aye,,aye,aye,aye,aye
"January 21, 2026",36,2026-96,Appoints a Network and Systems Specialist II,ADOPTED [UNANIMOUS],True,Joann Waski,Kenneth Rothwell,aye,,aye,aye,aye,aye
"January 21, 2026",37,2026-97,Authorizes the Supervisor to Execute an Agreement with New York State Urban Development Corporation d/b/a Empire State Development,ADOPTED [UNANIMOUS],True,Kenneth Rothwell,Robert Kern,aye,,aye,aye,aye,aye
"January 21, 2026",38,2026-98,Authorize Supervisor to Sign a Consultant/Professional Services Agreement with Joan Mottern,ADOPTED [UNANIMOUS],True,Kenneth Rothwell,Robert Kern,aye,,aye,aye,aye,aye
"January 21, 2026",39,2026-99,Approves the Retirement of an Administrative Assistant,ADOPTED [UNANIMOUS],True,Robert Kern,Denise Merrifield,aye,,aye,aye,aye,aye
"January 21, 2026",40,2026-100,"Authorize the Supervisor to Execute Agreement with the CSEA, Local 1000, AFSCME, AFL-CIO, Riverhead Unit of the Suffolk Local #852",ADOPTED [UNANIMOUS],True,Denise Merrifield,Joann Waski,aye,,aye,aye,aye,aye
"January 6, 2026",1,2026-1,Sets Salaries of Elected Officials for the Year 2026,ADOPTED [UNANIMOUS],True,Kenneth Rothwell,Robert Kern,aye,,aye,aye,aye,aye
"January 6, 2026",2,2026-2,Sets Salaries of General Town Employees for the Year 2026,ADOPTED [UNANIMOUS],True,Robert Kern,Denise Merrifield,aye,,aye,aye,aye,aye
"January 6, 2026",3,2026-3,Sets Salaries of the Highway Department for the Year 2026,ADOPTED [UNANIMOUS],True,Denise Merrifield,Joann Waski,aye,,aye,aye,aye,aye
"January 6, 2026",4,2026-4,Sets Salaries of Police Officers for the Year of 2026,ADOPTED [UNANIMOUS],True,Joann Waski,Kenneth Rothwell,aye,,aye,aye,aye,aye
"January 6, 2026",5,2026-5,Sets Salaries of Sewer/Scavenger Waste District for the Year 2026,ADOPTED [UNANIMOUS],True,Kenneth Rothwell,Robert Kern,aye,,aye,aye,aye,aye
"January 6, 2026",6,2026-6,Sets Salaries of Street Lighting District for the Year 2026,ADOPTED [UNANIMOUS],True,Robert Kern,Denise Merrifield,aye,,aye,aye,aye,aye
"January 6, 2026",7,2026-7,Sets Salaries of the Water District for the Year 2026,ADOPTED [UNANIMOUS],True,Denise Merrifield,Joann Waski,aye,,aye,aye,aye,aye
"January 6, 2026",8,2026-8,Sets Salaries of Various Boards for the Year 2026,ADOPTED [UNANIMOUS],True,Joann Waski,Kenneth Rothwell,aye,,aye,aye,aye,aye
"January 6, 2026",9,2026-9,Sets Salaries for 2026 Call-In and Seasonal Recreation Personnel,TABLED,False,Kenneth Rothwell,Robert Kern,aye,,aye,aye,aye,aye
"January 6, 2026",10,2026-10,Rehires and Sets Salaries for Various Call-In Recreation Personnel for 2026,TABLED,False,Robert Kern,Denise Merrifield,aye,,aye,aye,aye,aye
"January 6, 2026",11,2026-11,Appoints Financial Advisor,ADOPTED [UNANIMOUS],True,Denise Merrifield,Joann Waski,aye,,aye,aye,aye,aye
"January 6, 2026",12,2026-12,Appoints a Water Treatment Plant Operator Trainee,ADOPTED [UNANIMOUS],True,Joann Waski,Kenneth Rothwell,aye,,aye,aye,aye,aye
"January 6, 2026",13,2026-13,"Appoints a Wastewater Treatment Plant Operator 4A, Internally designated as Deputy Sewer District Superintendent",ADOPTED [UNANIMOUS],True,Kenneth Rothwell,Robert Kern,aye,,aye,aye,aye,aye
"January 6, 2026",14,2026-14,Ratifies the Appointment of a Wastewater Treatment Plant Operator 2A,ADOPTED [UNANIMOUS],True,Robert Kern,Denise Merrifield,aye,,aye,aye,aye,aye
"January 6, 2026",15,2026-15,Amends/Corrects Resolution #2025-981 Appointing Deputy Highway Superintendent,ADOPTED [UNANIMOUS],True,Denise Merrifield,Joann Waski,aye,,aye,aye,aye,aye
"January 6, 2026",16,2026-16,Ratifies the Reclassification of a Maintenance Mechanic III to a Maintenance Mechanic IV (Berry),ADOPTED [UNANIMOUS],True,Joann Waski,Kenneth Rothwell,aye,,aye,aye,aye,aye
"January 6, 2026",17,2026-17,Water District Capital Project 82520 The Zenith Group Budget Adoption,ADOPTED [UNANIMOUS],True,Kenneth Rothwell,Robert Kern,aye,,aye,aye,aye,aye
"January 6, 2026",18,2026-18,Budget Transfer for 2025 Legal Fees,ADOPTED [UNANIMOUS],True,Robert Kern,Denise Merrifield,aye,,aye,aye,aye,aye
"January 6, 2026",19,2026-19,"Budget Adjustment for Final Demolition Costs at 39 Pye Lane, Jamesport, New York",ADOPTED [UNANIMOUS],True,Denise Merrifield,Joann Waski,aye,,aye,aye,aye,aye
"January 6, 2026",20,2026-20,Approves Sewer District Request For Change Order No. 1 Related To The Class A Biosolids Upgrade Project,ADOPTED [UNANIMOUS],True,Joann Waski,Kenneth Rothwell,aye,,aye,aye,aye,aye
"January 6, 2026",21,2026-21,Approves Sewer District Request For Change Order No. 2 Related To The Class A Biosolids Upgrade Project,ADOPTED [UNANIMOUS],True,Kenneth Rothwell,Robert Kern,aye,,aye,aye,aye,aye
"January 6, 2026",22,2026-22,Authorizes the Removal of Fixed Assets,ADOPTED [UNANIMOUS],True,Robert Kern,Denise Merrifield,aye,,aye,aye,aye,aye
"January 6, 2026",23,2026-23,Authorizes Eagle Scout Project,ADOPTED [UNANIMOUS],True,Denise Merrifield,Joann Waski,aye,,aye,aye,aye,aye
"January 6, 2026",24,2026-24,Accepts Donation from Polish Town Civic Association,ADOPTED [UNANIMOUS],True,Joann Waski,Kenneth Rothwell,aye,,aye,aye,aye,aye
"January 6, 2026",25,2026-25,"Authorizes the Attendance at the 2026 Annual Meeting & Training School Held by the Association of Towns (February 15 - 18, 2026)",ADOPTED [4 - 0],True,Kenneth Rothwell,Robert Kern,aye,,aye,abstain,aye,aye
"January 6, 2026",26,2026-26,Authorization for One Police Department Employee to attend a Training,ADOPTED [UNANIMOUS],True,Robert Kern,Denise Merrifield,aye,,aye,aye,aye,aye
"January 6, 2026",27,2026-27,Ratifies the Authorization for Police Department Employees to Attend a Training,ADOPTED [UNANIMOUS],True,Denise Merrifield,Joann Waski,aye,,aye,aye,aye,aye
"January 6, 2026",28,2026-28,Authorizes Attendance at Seminar by Fire Marshal,ADOPTED [UNANIMOUS],True,Joann Waski,Kenneth Rothwell,aye,,aye,aye,aye,aye
"January 6, 2026",29,2026-29,Reappoints John M. Porchia As Member to the Zoning Board of Appeals,ADOPTED [UNANIMOUS],True,Kenneth Rothwell,Robert Kern,aye,,aye,aye,aye,aye
"January 6, 2026",30,2026-30,Reappoints Ralph Gazzillo to Serve as Vice-Chairman of the Zoning Board of Appeals of the Town of Riverhead,ADOPTED [UNANIMOUS],True,Robert Kern,Denise Merrifield,aye,,aye,aye,aye,aye
"January 6, 2026",31,2026-31,Reappoints Otto Wittmeier to Serve as Chairman of the Zoning Board of Appeals of the Town of Riverhead,ADOPTED [UNANIMOUS],True,Denise Merrifield,Joann Waski,aye,,aye,aye,aye,aye
"January 6, 2026",32,2026-32,Reappoints Edward Densieski to Serve as Chairman of the Planning Board of the Town of Riverhead,ADOPTED [UNANIMOUS],True,Joann Waski,Kenneth Rothwell,aye,,aye,aye,aye,aye
"January 6, 2026",33,2026-33,Reappoints John Hogan to Serve as Vice-Chairman of the Planning board of the Town of Riverhead,ADOPTED [UNANIMOUS],True,Kenneth Rothwell,Robert Kern,aye,,aye,aye,aye,aye
"January 6, 2026",34,2026-34,Reappoints Daniel Zaweski as Member to the Zoning Board of Appeals for the Town of Riverhead,ADOPTED [UNANIMOUS],True,Robert Kern,Denise Merrifield,aye,,aye,aye,aye,aye
"January 6, 2026",35,2026-35,Reappoints Joseph Baier as Member to the Town of Riverhead Planning Board,ADOPTED [UNANIMOUS],True,Denise Merrifield,Joann Waski,aye,,aye,aye,aye,aye
"January 6, 2026",36,2026-36,Reappoints Legal Representation for the Zoning Board of Appeals,ADOPTED [UNANIMOUS],True,Joann Waski,Kenneth Rothwell,aye,,aye,aye,aye,aye
"January 6, 2026",37,2026-37,Appoints Bond Counsel,ADOPTED [UNANIMOUS],True,Kenneth Rothwell,Robert Kern,aye,,aye,aye,aye,aye
"January 6, 2026",38,2026-38,Approves the Retirement of a Heavy Equipment Operator,ADOPTED [UNANIMOUS],True,Robert Kern,Denise Merrifield,aye,,aye,aye,aye,aye
"January 6, 2026",39,2026-39,Accepts the Retirement of a Police Sergeant,ADOPTED [UNANIMOUS],True,Denise Merrifield,Joann Waski,aye,,aye,aye,aye,aye
"January 6, 2026",40,2026-40,Accepts the Retirement of a Public Safety Dispatcher,ADOPTED [UNANIMOUS],True,Joann Waski,Kenneth Rothwell,aye,,aye,aye,aye,aye
"January 6, 2026",41,2026-41,Ratifies the Resignation of a Maintenance Mechanic III,ADOPTED [UNANIMOUS],True,Kenneth Rothwell,Robert Kern,aye,,aye,aye,aye,aye
"January 6, 2026",42,2026-42,Ratifies the Resignation of an Automotive Equipment Operator,ADOPTED [UNANIMOUS],True,Robert Kern,Denise Merrifield,aye,,aye,aye,aye,aye
"January 6, 2026",43,2026-43,Ratifies the Approval of an Unpaid Leave of Absence,ADOPTED [UNANIMOUS],True,Denise Merrifield,Joann Waski,aye,,aye,aye,aye,aye
"January 6, 2026",44,2026-44,Authorizes the Supervisor to Execute Memorandum of Understanding with the County of Suffolk and Suffolk County Sheriff Related to Flock Safety Cameras,ADOPTED [UNANIMOUS],True,Joann Waski,Kenneth Rothwell,aye,,aye,aye,aye,aye
"January 6, 2026",45,2026-45,Authorizes The Supervisor to Execute A 2026 Musical Works License Agreement With SESAC,ADOPTED [UNANIMOUS],True,Kenneth Rothwell,Robert Kern,aye,,aye,aye,aye,aye
"January 6, 2026",46,2026-46,Authorizes Supervisor to Execute an Agreement with Assistant Recreation Superintendent I,ADOPTED [UNANIMOUS],True,Robert Kern,Denise Merrifield,aye,,aye,aye,aye,aye
"January 6, 2026",47,2026-47,Authorizes Supervisor to Execute an Agreement with Network & Systems Administrator,[UNANIMOUS],True,Denise Merrifield,Joann Waski,aye,,aye,aye,aye,aye
"January 6, 2026",48,2026-48,"Authorizes the Filing of an Application for New York State Assistance from the Household Hazardous Waste (HHW) State Assistance Program and Signing of the Associated State Contract, Under the Appropriate Laws of New York State",ADOPTED [UNANIMOUS],True,Joann Waski,Kenneth Rothwell,aye,,aye,aye,aye,aye
"January 6, 2026",49,2026-49,"Authorizes Town Clerk to Post and Public Notice of Public Hearing to Amend Town Code Chapter 301, Article I Entitled ""Title, Purpose, Definitions and Interpretation""",ADOPTED [UNANIMOUS],True,Kenneth Rothwell,Robert Kern,aye,,aye,aye,aye,aye
"January 6, 2026",50,2026-50,"Authorizes Town Clerk to Post and Publish Notice of Public Hearing to Amend Town Code Chapter 301, Article XLII Entitled ""Transfer of Development Rights""",ADOPTED [UNANIMOUS],True,Robert Kern,Denise Merrifield,aye,,aye,aye,aye,aye
"January 6, 2026",51,2026-51,Approves Special Event Chapter 255 Application for East End Emerald Society (Jamesport St. Patrick's Parade),ADOPTED [UNANIMOUS],True,Denise Merrifield,Joann Waski,aye,,aye,aye,aye,aye
"January 6, 2026",52,2026-52,Adopts 2026 Donations Policy,ADOPTED [UNANIMOUS],True,Joann Waski,Kenneth Rothwell,aye,,aye,aye,aye,aye
"January 6, 2026",53,2026-53,Adopts 2026 Investment Policy,ADOPTED [UNANIMOUS],True,Kenneth Rothwell,Robert Kern,aye,,aye,aye,aye,aye
"January 6, 2026",54,2026-54,Ratifies the Authorization of a Grant Application,ADOPTED [UNANIMOUS],True,Robert Kern,Denise Merrifield,aye,,aye,aye,aye,aye
"January 6, 2026",55,2026-55,Pays Bills,ADOPTED [UNANIMOUS],True,Denise Merrifield,Joann Waski,aye,,aye,aye,aye,aye
"January 6, 2026",56,2026-56,Ratifies the Appointment of a Part-Time Code Enforcement Officer,ADOPTED [UNANIMOUS],True,Joann Waski,Kenneth Rothwell,aye,,aye,aye,aye,aye
"January 6, 2026",57,2026-57,Ratifies the Termination of an Employee,ADOPTED [UNANIMOUS],True,Kenneth Rothwell,Robert Kern,aye,,aye,aye,aye,aye
"January 6, 2026",58,2026-58,Acknowledges Appointment of David Cote (Legislative Aide to Town Supervisor) and Sets Terms and Conditions of Employment,ADOPTED [UNANIMOUS],True,Robert Kern,Denise Merrifield,aye,,aye,aye,aye,aye
"January 6, 2026",59,2026-59,Acknowledges Appointment of Chief of Staff (Burkowsky),ADOPTED [UNANIMOUS],True,Denise Merrifield,Joann Waski,aye,,aye,aye,aye,aye
"January 6, 2026",60,2026-60,Acknowledges Appointment of Deputy Supervisor (Higgins),ADOPTED [UNANIMOUS],True,Joann Waski,Kenneth Rothwell,aye,,aye,aye,aye,aye
"December 30, 2025",1,2025-1035,Ratifies Budget Adjustment for the Purchase of a New Dump Truck for the Highway Department,ADOPTED [UNANIMOUS],True,Denise Merrifield,Joann Waski,,aye,,aye,,aye
"December 30, 2025",2,2025-1036,Approves Transfer of Funds for the Suffolk County Fiscal Year 2024 & 2025 Community Development Block Grant Funds,ADOPTED [3 - 1],True,Joann Waski,Denise Merrifield,,aye,,aye,,aye
"December 16, 2025",1,2025-973,Water District Capital Project #82335 Budget Adjustment,ADOPTED [UNANIMOUS],True,Kenneth Rothwell,Robert Kern,,aye,aye,aye,aye,aye
"December 16, 2025",2,2025-974,Water District Capital Project #82301 Budget Adjustment,ADOPTED [UNANIMOUS],True,Robert Kern,Denise Merrifield,,aye,aye,aye,aye,aye
"December 16, 2025",3,2025-975,Budget Transfer for 2025 Legal Fees,ADOPTED [UNANIMOUS],True,Denise Merrifield,Joann Waski,,aye,aye,aye,aye,aye
"December 16, 2025",4,2025-976,Budget Adjustment for Police Department Drone Grant,ADOPTED [UNANIMOUS],True,Joann Waski,Kenneth Rothwell,,aye,aye,aye,aye,aye
"December 16, 2025",5,2025-977,Reappoints Legal Representation for the Zoning Board of Appeals,ADOPTED [UNANIMOUS],True,Kenneth Rothwell,Robert Kern,,aye,aye,aye,aye,aye
"December 16, 2025",6,2025-978,Reappoints a Zoning Officer,ADOPTED [UNANIMOUS],True,Robert Kern,Denise Merrifield,,aye,aye,aye,aye,aye
"December 16, 2025",7,2025-979,Reappoints Legal Representation for the Planning Board,ADOPTED [UNANIMOUS],True,Denise Merrifield,Joann Waski,,aye,aye,aye,aye,aye
"December 16, 2025",8,2025-980,Reappoints Deputy Registrar of Vital Statistics (Vanessa LeCann),ADOPTED [UNANIMOUS],True,Joann Waski,Kenneth Rothwell,,aye,aye,aye,aye,aye
"December 16, 2025",9,2025-981,Appoints Deputy Highway Superintendent,ADOPTED [UNANIMOUS],True,Kenneth Rothwell,Robert Kern,,aye,aye,aye,aye,aye
"December 16, 2025",10,2025-982,Authorizes the Promotion of a Detective,ADOPTED [UNANIMOUS],True,Robert Kern,Denise Merrifield,,aye,aye,aye,aye,aye
"December 16, 2025",11,2025-983,Authorizes the Promotion of a Detective,ADOPTED [UNANIMOUS],True,Denise Merrifield,Joann Waski,,aye,aye,aye,aye,aye
"December 16, 2025",12,2025-984,Sets Health Insurance Contribution Rates for Select Positions,ADOPTED [UNANIMOUS],True,Joann Waski,Kenneth Rothwell,,aye,aye,aye,aye,aye
"December 16, 2025",13,2025-985,"Setting Terms And Conditions Of Employment For Deputy Highway Superintendent, Andrew Dick",ADOPTED [UNANIMOUS],True,Kenneth Rothwell,Robert Kern,,aye,aye,aye,aye,aye
"December 16, 2025",14,2025-986,Ratifies the Reclassification of a Code Enforcement Officer- Spanish Speaking to Ordinance Inspector- Spanish Speaking,ADOPTED [UNANIMOUS],True,Robert Kern,Denise Merrifield,,aye,aye,aye,aye,aye
"December 16, 2025",15,2025-987,Ratifies the Transfer of an Employee,ADOPTED [UNANIMOUS],True,Denise Merrifield,Joann Waski,,aye,aye,aye,aye,aye
"December 16, 2025",16,2025-988,Amends Employment Terms and Conditions Between the Town of Riverhead and Dawn C. Thomas,ADOPTED [UNANIMOUS],True,Joann Waski,Kenneth Rothwell,,aye,aye,aye,aye,aye
"December 16, 2025",17,2025-989,Amends Employment Contract Between the Town of Riverhead and Danielle Hurley,ADOPTED [UNANIMOUS],True,Kenneth Rothwell,Robert Kern,,aye,aye,aye,aye,aye
"December 16, 2025",18,2025-990,Amends Employment Contract Between the Town of Riverhead and Vanessa LeCann,ADOPTED [UNANIMOUS],True,Robert Kern,Denise Merrifield,,aye,aye,aye,aye,aye
"December 16, 2025",19,2025-991,Ratifies and Accepts the Resignation of a Part-time Police Officer,ADOPTED [UNANIMOUS],True,Denise Merrifield,Joann Waski,,aye,aye,aye,aye,aye
"December 16, 2025",20,2025-992,Amends Health Insurance Contribution Rate (Richards),ADOPTED [UNANIMOUS],True,Joann Waski,Kenneth Rothwell,,aye,aye,aye,aye,aye
"December 16, 2025",21,2025-993,Amends Health Insurance Contribution Rate (LeCann),ADOPTED [UNANIMOUS],True,Kenneth Rothwell,Robert Kern,,aye,aye,aye,aye,aye
"December 16, 2025",22,2025-994,Amends Employment Contract Between the Town of Riverhead and Dionne Marshak,ADOPTED [UNANIMOUS],True,Robert Kern,Denise Merrifield,,aye,aye,aye,aye,aye
"December 16, 2025",23,2025-995,"Amends Terms and Conditions of Employment, Personnel Director",ADOPTED [UNANIMOUS],True,Denise Merrifield,Joann Waski,,aye,aye,aye,aye,aye
"December 16, 2025",24,2025-996,Amends Employment Contract Between the Town of Riverhead and Victoria Pilo,ADOPTED [UNANIMOUS],True,Joann Waski,Kenneth Rothwell,,aye,aye,aye,aye,aye
"December 16, 2025",25,2025-997,Amends Resolution #2024-33 for Town Attorney,ADOPTED [UNANIMOUS],True,Kenneth Rothwell,Robert Kern,,aye,aye,aye,aye,aye
"December 16, 2025",26,2025-998,Approves the Continuation of a Stipend for an IT Employee,ADOPTED [UNANIMOUS],True,Robert Kern,Denise Merrifield,,aye,aye,aye,aye,aye
"December 16, 2025",27,2025-999,Approves a Stipend for a Spanish-speaking Justice Court Clerk,ADOPTED [UNANIMOUS],True,Denise Merrifield,Joann Waski,,aye,aye,aye,aye,aye
"December 16, 2025",28,2025-1000,Authorizes Sewer District Employees to Attend Seminar,ADOPTED [UNANIMOUS],True,Joann Waski,Kenneth Rothwell,,aye,aye,aye,aye,aye
"December 16, 2025",29,2025-1001,Approves CSEA 2026-2029 Contract,ADOPTED [UNANIMOUS],True,Kenneth Rothwell,Robert Kern,,aye,aye,aye,aye,aye
"December 16, 2025",30,2025-1002,Authorizes the Community Development Department to Apply for a Grant,ADOPTED [UNANIMOUS],True,Robert Kern,Denise Merrifield,,aye,aye,aye,aye,aye
"December 16, 2025",31,2025-1003,Amends Town Board Resolution 2025-591,ADOPTED [UNANIMOUS],True,Denise Merrifield,Joann Waski,,aye,aye,aye,aye,aye
"December 16, 2025",32,2025-1004,Amends Town Board Resolution 2025-706,ADOPTED [UNANIMOUS],True,Joann Waski,Kenneth Rothwell,,aye,aye,aye,aye,aye
"December 16, 2025",33,2025-1005,Awards Request for Proposals for Audit Services for the Town of Riverhead Community Preservation Fund,ADOPTED [UNANIMOUS],True,Kenneth Rothwell,Robert Kern,,aye,aye,aye,aye,aye
"December 16, 2025",34,2025-1006,Awards Rebid for Food and Meat Products,ADOPTED [UNANIMOUS],True,Robert Kern,Denise Merrifield,,aye,aye,aye,aye,aye
"December 16, 2025",35,2025-1007,Extends Bid for Directional Drilling Service — Riverhead Water District,ADOPTED [UNANIMOUS],True,Denise Merrifield,Joann Waski,,aye,aye,aye,aye,aye
"December 16, 2025",36,2025-1008,Extends Bid for Electrical System Maintenance and Emergency Service — Riverhead Water District,ADOPTED [UNANIMOUS],True,Joann Waski,Kenneth Rothwell,,aye,aye,aye,aye,aye
"December 16, 2025",37,2025-1009,Extends Bid for Mechanical Maintenance and Emergency Services - Riverhead Water District,ADOPTED [UNANIMOUS],True,Kenneth Rothwell,Robert Kern,,aye,aye,aye,aye,aye
"December 16, 2025",38,2025-1010,Extends Bid for Process Control System Maintenance and Emergency Service — Riverhead Water District,ADOPTED [UNANIMOUS],True,Robert Kern,Denise Merrifield,,aye,aye,aye,aye,aye
"December 16, 2025",39,2025-1011,Extends Bid for Hydraulic Control Valve Maintenance Services — Riverhead Water District,ADOPTED [UNANIMOUS],True,Denise Merrifield,Joann Waski,,aye,aye,aye,aye,aye
"December 16, 2025",40,2025-1012,Extends Bid for Water Distribution System Maintenance and Emergency Services — Riverhead Water District,ADOPTED [UNANIMOUS],True,Joann Waski,Kenneth Rothwell,,aye,aye,aye,aye,aye
"December 16, 2025",41,2025-1013,Extends Bid for E-Waste Collection and Recycling,ADOPTED [UNANIMOUS],True,Kenneth Rothwell,Robert Kern,,aye,aye,aye,aye,aye
"December 16, 2025",42,2025-1014,Authorizes Town Clerk to Publish and Post Notice to Bidders for Installation for Water Mains for 203 East Main Street — Riverhead Water District,ADOPTED [UNANIMOUS],True,Robert Kern,Denise Merrifield,,aye,aye,aye,aye,aye
"December 16, 2025",43,2025-1015,Authorizes Town Clerk to Publish and Post Notice to Bidders for PFA Treatment at Well No. 5-2A; SRF Project No.19591 — Riverhead Water District,ADOPTED [UNANIMOUS],True,Denise Merrifield,Joann Waski,,aye,aye,aye,aye,aye
"December 16, 2025",44,2025-1016,Authorizes the Town Clerk to Publish and Post Notice to Bidders for Chemical for Riverhead Sewer District,ADOPTED [UNANIMOUS],True,Joann Waski,Kenneth Rothwell,,aye,aye,aye,aye,aye
"December 16, 2025",45,2025-1017,Ratifies Authorization of Town Clerk to Publish and Post Request for Proposals for Construction Manager for New Headquarters Building for Riverhead Volunteer Ambulance Corp,ADOPTED [UNANIMOUS],True,Kenneth Rothwell,Robert Kern,,aye,aye,aye,aye,aye
"December 16, 2025",46,2025-1018,"Adopts Local Law to Amend Chapter 301 of the Riverhead Town Code titled ""Zoning and Land Development,"" Article XVIII: Business Center (BC) Zoning Use District",ADOPTED [UNANIMOUS],True,Robert Kern,Denise Merrifield,,aye,aye,aye,aye,aye
"December 16, 2025",47,2025-1019,"Adopts a Local Law to Amend Chapter 231 of the Riverhead Town Code Titled “Fire Prevention”, Article I “General Provisions; Enforcement”",ADOPTED [UNANIMOUS],True,Denise Merrifield,Joann Waski,,aye,aye,aye,aye,aye
"December 16, 2025",48,2025-1020,"Adopts Local Law to Amend Chapter 301 of the Riverhead Town Code Titled ""Zoning and Land Development,"" Article XXII: Shopping Center (SC) Zoning Use District",ADOPTED [UNANIMOUS],True,Joann Waski,Kenneth Rothwell,,aye,aye,aye,aye,aye
"December 16, 2025",49,2025-1021,"Adopts a Local Law to Amend Chapter 289 of the Riverhead Town Code Titled “Vehicles, Traffic and Parking Regulations”, Article II “Traffic Regulations”",ADOPTED [UNANIMOUS],True,Kenneth Rothwell,Robert Kern,,aye,aye,aye,aye,aye
"December 16, 2025",50,2025-1022,"Authorizes Supervisor to Execute Professional Services Agreement with AM Weber Associates, LLC",ADOPTED [UNANIMOUS],True,Robert Kern,Denise Merrifield,,aye,aye,aye,aye,aye
"December 16, 2025",51,2025-1023,Authorizes the Supervisor to Execute a Professional Services Agreement With DXA Studio Architecture PLLC,ADOPTED [UNANIMOUS],True,Denise Merrifield,Joann Waski,,aye,aye,aye,aye,aye
"December 16, 2025",52,2025-1024,Authorize Supervisor to Execute a License Agreement with Race Track Not Street LLC to Utilize Runway at EPCAL,ADOPTED [UNANIMOUS],True,Joann Waski,Kenneth Rothwell,,aye,aye,aye,aye,aye
"December 16, 2025",53,2025-1025,Authorizes the Supervisor to Execute an Agreement with Island Exterior Fabricators,ADOPTED [UNANIMOUS],True,Kenneth Rothwell,Robert Kern,,aye,aye,aye,aye,aye
"December 16, 2025",54,2025-1026,Authorizes the Supervisor to Execute an Amendment to the Contract Authorizing The Town To Accept Funds From Suffolk County Office For The Aging For The Purpose Of Supplementing The Town’s Nutrition Program For The Elderly,ADOPTED [UNANIMOUS],True,Robert Kern,Denise Merrifield,,aye,aye,aye,aye,aye
"December 16, 2025",55,2025-1027,Ratifies Authorization For The Supervisor To Sign A Consultant/Professional Services Agreement With Carol Sclafani,ADOPTED [UNANIMOUS],True,Denise Merrifield,Joann Waski,,aye,aye,aye,aye,aye
"December 16, 2025",56,2025-1028,Cancels Letter of Credit Posted By Eastern Site Development Inc. as Town of Riverhead Drainlayer,ADOPTED [UNANIMOUS],True,Joann Waski,Kenneth Rothwell,,aye,aye,aye,aye,aye
"December 16, 2025",57,2025-1029,Establishes Time of Regular Meetings of the Community Development Agency 2026,ADOPTED [UNANIMOUS],True,Kenneth Rothwell,Robert Kern,,aye,aye,aye,aye,aye
"December 16, 2025",58,2025-1030,Establishes Time of Regular Meetings of the Town Board 2026,ADOPTED [UNANIMOUS],True,Robert Kern,Denise Merrifield,,aye,aye,aye,aye,aye
"December 16, 2025",59,2025-1031,Appoints Official Print Newspaper for The Town of Riverhead 2026,ADOPTED [UNANIMOUS],True,Denise Merrifield,Joann Waski,,aye,aye,aye,aye,aye
"December 16, 2025",60,2025-1032,Approves Special Event Chapter 255 Application for The Bob Feller Act of Valor Foundation (5K Run Act of Valor Foundation),ADOPTED [UNANIMOUS],True,Joann Waski,Kenneth Rothwell,,aye,aye,aye,aye,aye
"December 16, 2025",61,2025-1033,Approves Special Event Chapter 255 Application for Race Track Not Street (2026 Spring Fling at EPCAL),ADOPTED [UNANIMOUS],True,Kenneth Rothwell,Robert Kern,,aye,aye,aye,aye,aye
"December 16, 2025",62,2025-1034,Pays Bills,ADOPTED [UNANIMOUS],True,Robert Kern,Denise Merrifield,,aye,aye,aye,aye,aye
"December 2, 2025",1,2025-946,Authorizes The Removal of Fixed Assets,ADOPTED [UNANIMOUS],True,Kenneth Rothwell,Robert Kern,,aye,aye,aye,aye,aye
"December 2, 2025",2,2025-947,Ratifies Water District Budget Transfer,ADOPTED [UNANIMOUS],True,Robert Kern,Denise Merrifield,,aye,aye,aye,aye,aye
"December 2, 2025",3,2025-948,Ratifies Sewer District Budget Transfer,ADOPTED [UNANIMOUS],True,Denise Merrifield,Joann Waski,,aye,aye,aye,aye,aye
"December 2, 2025",4,2025-949,Resolution to Amend No Net Nitrogen Fund and Set New Fund Rate for Riverhead and Calverton Sewer Districts,ADOPTED [UNANIMOUS],True,Joann Waski,Kenneth Rothwell,,aye,aye,aye,aye,aye
"December 2, 2025",5,2025-950,Sewer District Capital Project #82210 Budget Adjustment for Biosolids Facility,ADOPTED [UNANIMOUS],True,Kenneth Rothwell,Robert Kern,,aye,aye,aye,aye,aye
"December 2, 2025",6,2025-951,Reappoints a Temporary Office Assistant to the Tax Receiver's Office,ADOPTED [UNANIMOUS],True,Robert Kern,Denise Merrifield,,aye,aye,aye,aye,aye
"December 2, 2025",7,2025-952,Ratifies the Appointment of a Call-In Recreation Aide to the Recreation Department,ADOPTED [UNANIMOUS],True,Denise Merrifield,Joann Waski,,aye,aye,aye,aye,aye
"December 2, 2025",8,2025-953,Approves Salary Increase for a Custodial Worker III,ADOPTED [UNANIMOUS],True,Joann Waski,Kenneth Rothwell,,aye,aye,aye,aye,aye
"December 2, 2025",9,2025-954,Accepts the Retirement of John Apicello from his Positions,ADOPTED [UNANIMOUS],True,Kenneth Rothwell,Robert Kern,,aye,aye,aye,aye,aye
"December 2, 2025",10,2025-955,Ratifies the Resignation of an Automotive Equipment Operator,ADOPTED [UNANIMOUS],True,Robert Kern,Denise Merrifield,,aye,aye,aye,aye,aye
"December 2, 2025",11,2025-956,Authorizing the Carry-Over of Vacation Time,ADOPTED [UNANIMOUS],True,Denise Merrifield,Joann Waski,,aye,aye,aye,aye,aye
"December 2, 2025",12,2025-957,Awards Bid for General Hardware Items,ADOPTED [UNANIMOUS],True,Joann Waski,Kenneth Rothwell,,aye,aye,aye,aye,aye
"December 2, 2025",13,2025-958,Awards Bid for Cimline M-Series M-1 Unit Melter Applicator or Equal,ADOPTED [UNANIMOUS],True,Kenneth Rothwell,Robert Kern,,aye,aye,aye,aye,aye
"December 2, 2025",14,2025-959,Authorizes Supervisor to Accept Donation from Riverhead Beverage for the PAL Soccer Program,ADOPTED [UNANIMOUS],True,Robert Kern,Denise Merrifield,,aye,aye,aye,aye,aye
"December 2, 2025",15,2025-960,Authorizes Submission of Grant Application to Suffolk County for Program Year 2026 Community Development Block Grant Funding,ADOPTED [UNANIMOUS],True,Denise Merrifield,Joann Waski,,aye,aye,aye,aye,aye
"December 2, 2025",16,2025-961,"Authorizes Shot Gun Hunting for Deer on Town Property at Enterprise Park at Calverton (SCTM No. 600-135-1-7.33, Et Al.) and 1751 Sound Avenue, Calverton (SCTM No. 600-60-1-2) from January 4, 2026, to January 31, 2026, Sunrise to Sunset",ADOPTED [UNANIMOUS],True,Joann Waski,Kenneth Rothwell,,aye,aye,aye,aye,aye
"December 2, 2025",17,2025-962,Authorizes Extension of Time to Remit Real Property Taxes for Senior Citizens Receiving Exemption (property tax reduction for qualified senior citizens) Pursuant to Real Property Tax Law (RPTL) 467; Enhanced STAR (qualified seniors meeting income criteria) Pursuant to RPTL Section 425; or Credit Pursuant to RPTL 606 (eee),ADOPTED [UNANIMOUS],True,Kenneth Rothwell,Robert Kern,,aye,aye,aye,aye,aye
"December 2, 2025",18,2025-963,Adopts a Local Law to Amend Chapter 263 of the Riverhead Town Code Titled “Rental Dwelling Units”,ADOPTED [UNANIMOUS],True,Robert Kern,Denise Merrifield,,aye,aye,aye,aye,aye
"December 2, 2025",19,2025-964,Resolution To Authorize Supervisor to Execute an Intermunicipal Agreement Consistent with Town Law §64(e)14(a) and (b),ADOPTED [UNANIMOUS],True,Denise Merrifield,Joann Waski,,aye,aye,aye,aye,aye
"December 2, 2025",20,2025-965,"Authorizes the Chief of Police to Execute an Agreement with Riverhead Community Awareness Program, Inc.",ADOPTED [UNANIMOUS],True,Joann Waski,Kenneth Rothwell,,aye,aye,aye,aye,aye
"December 2, 2025",21,2025-966,Authorizes the Riverhead Police Department to Apply for a Grant,ADOPTED [UNANIMOUS],True,Kenneth Rothwell,Robert Kern,,aye,aye,aye,aye,aye
"December 2, 2025",22,2025-967,Extends Bid Nunc Pro Tunc for Well and Pump Service for Riverhead Water District,ADOPTED [UNANIMOUS],True,Robert Kern,Denise Merrifield,,aye,aye,aye,aye,aye
"December 2, 2025",23,2025-968,"Approves Special Event Chapter 255 Application for Duck Pond Gathering (Rooted: Spring Fest on May 16, 2026)",ADOPTED [UNANIMOUS],True,Denise Merrifield,Joann Waski,,aye,aye,aye,aye,aye
"December 2, 2025",24,2025-969,"Approves Special Event Chapter 255 Application for Duck Pond Gathering (The Village Vibe, October 24, 2026)",ADOPTED [UNANIMOUS],True,Joann Waski,Kenneth Rothwell,,aye,aye,aye,aye,aye
"December 2, 2025",25,2025-970,"Accept Donation(s) from a Committee Organized for the Purpose of Scheduling and Hosting Events to Display, Promote, and Celebrate the 250th Anniversary of America and Authorize the Financial Administrator to Establish Accounting Controls",ADOPTED [UNANIMOUS],True,Kenneth Rothwell,Robert Kern,,aye,aye,aye,aye,aye
"December 2, 2025",26,2025-971,"Amends Petty Cash Accounts with Deletion, Rescission and Closure of Some Petty Cash Accounts",ADOPTED [UNANIMOUS],True,Robert Kern,Denise Merrifield,,aye,aye,aye,aye,aye
"December 2, 2025",27,2025-972,Pays Bills,ADOPTED [UNANIMOUS],True,Denise Merrifield,Joann Waski,,aye,aye,aye,aye,aye
"November 18, 2025",1,2025-921,Approves Expenditure of Trust and Agency Account Funds and Community Benefit Funds to Riverhead CAP 2026-2027,ADOPTED [UNANIMOUS],True,Kenneth Rothwell,Robert Kern,,aye,aye,aye,aye,aye
"November 18, 2025",2,2025-922,Authorizes the Removal of Fixed Assets,ADOPTED [UNANIMOUS],True,Robert Kern,Denise Merrifield,,aye,aye,aye,aye,aye
"November 18, 2025",3,2025-923,Ratifies the Authorization for the Recreation Superintendent to attend the 2025 NYSRPS Conference,ADOPTED [UNANIMOUS],True,Denise Merrifield,Joann Waski,,aye,aye,aye,aye,aye
"November 18, 2025",4,2025-924,Appoints an Automotive Equipment Operator,ADOPTED [UNANIMOUS],True,Joann Waski,Kenneth Rothwell,,aye,aye,aye,aye,aye
"November 18, 2025",5,2025-925,Appoints an Automotive Equipment Operator,ADOPTED [UNANIMOUS],True,Kenneth Rothwell,Robert Kern,,aye,aye,aye,aye,aye
"November 18, 2025",6,2025-926,Ratifies the Appointment of a Maintenance Mechanic II,ADOPTED [UNANIMOUS],True,Robert Kern,Denise Merrifield,,aye,aye,aye,aye,aye
"November 18, 2025",7,2025-927,Appoints Traffic Control Specialists to the Police Department,ADOPTED [UNANIMOUS],True,Denise Merrifield,Joann Waski,,aye,aye,aye,aye,aye
"November 18, 2025",8,2025-928,Appoints a Town Board Coordinator,ADOPTED [UNANIMOUS],True,Joann Waski,Kenneth Rothwell,,aye,aye,aye,aye,aye
"November 18, 2025",9,2025-929,Setting Terms and Conditions of Employment for Town Board Coordinator Stamatina Poulos Boulier,ADOPTED [UNANIMOUS],True,Kenneth Rothwell,Robert Kern,,aye,aye,aye,aye,aye
"November 18, 2025",10,2025-930,Authorizes the Promotion of a Detective,ADOPTED [UNANIMOUS],True,Robert Kern,Denise Merrifield,,aye,aye,aye,aye,aye
"November 18, 2025",11,2025-931,Ratifies the Reclassification of a Senior Office Assistant to a Principal Office Assistant,ADOPTED [UNANIMOUS],True,Denise Merrifield,Joann Waski,,aye,aye,aye,aye,aye
"November 18, 2025",12,2025-932,Ratifies the Resignation of a Code Enforcement Officer,ADOPTED [UNANIMOUS],True,Joann Waski,Kenneth Rothwell,,aye,aye,aye,aye,aye
"November 18, 2025",13,2025-933,Ratifies the Resignation of a Water Treatment Plant Operator IIB,ADOPTED [UNANIMOUS],True,Kenneth Rothwell,Robert Kern,,aye,aye,aye,aye,aye
"November 18, 2025",14,2025-934,Ratifies Authorization for James K. Tellatin of Integra Healthcare and Senior Housing to Conduct an Appraisal of Wellbridge Drug and Alcohol Treatment Center,ADOPTED [UNANIMOUS],True,Robert Kern,Denise Merrifield,,aye,aye,aye,aye,aye
"November 18, 2025",15,2025-935,Awards Bid for Removal of Household Hazardous Waste,ADOPTED [UNANIMOUS],True,Denise Merrifield,Joann Waski,,aye,aye,aye,aye,aye
"November 18, 2025",16,2025-936,"Authorizes Goodman-Marks Associates, Inc. to Conduct an Appraisal in connection with Tax Grievance litigation entitled United Riverhead Terminal, Inc. v. The Board of Assessors, et al.",ADOPTED [UNANIMOUS],True,Joann Waski,Kenneth Rothwell,,aye,aye,aye,aye,aye
"November 18, 2025",17,2025-937,"Authorizes Appraisal Economics To Conduct An Appraisal In Connection With Tax Grievance Litigation Entitled United Riverhead Terminal, Inc. V. The Board Of Assessors, Et Al.",ADOPTED [UNANIMOUS],True,Kenneth Rothwell,Robert Kern,,aye,aye,aye,aye,aye
"November 18, 2025",18,2025-938,Approves Extension of License Agreement with United States Department of the Interior Fish and Wildlife Service Access for Hyfi Water Level Logging Equipment At Wading River Boat Ramp,ADOPTED [UNANIMOUS],True,Robert Kern,Denise Merrifield,,aye,aye,aye,aye,aye
"November 18, 2025",19,2025-939,"A Resolution of the Town Board of the Town of Riverhead, Designating The Jazz Loft Inc., as a Qualified and Eligible Sponsor for the Purchase and Redevelopment of Town-Owned Property known as the Vail-Leavitt Music Hall and Described as SCTM# 0600-128.00-6.00-080.00 Located at 18 Peconic Avenue, Riverhead, New York 11901",ADOPTED [4 - 1],True,Denise Merrifield,Joann Waski,,aye,nay,aye,aye,aye
"November 18, 2025",20,2025-940,Approves Special Event Chapter 255 Application for The Lions Club of Riverhead (Christmas Parade and Extravaganza),ADOPTED [UNANIMOUS],True,Joann Waski,Kenneth Rothwell,,aye,aye,aye,aye,aye
"November 18, 2025",21,2025-941,"Designates Alcohol Service Vendors to Serve Alcohol At The ""Christmas Parade and Extravaganza"" Festival and Authorizes the Supervisor to Execute a License Agreement With Designated Alcohol Service Vendors and Lion’s Club of Riverhead",ADOPTED [UNANIMOUS],True,Kenneth Rothwell,Robert Kern,,aye,aye,aye,aye,aye
"November 18, 2025",22,2025-942,The Publication and Posting of a Notice to Amend the Community Development Block Grant (CDBG) Budget for Program Years 2024 & 2025,ADOPTED [4 - 1],True,Robert Kern,Denise Merrifield,,aye,nay,aye,aye,aye
"November 18, 2025",23,2025-943,Adopts a Local Law to Override the Tax Levy Limit Established By and Set Forth in Article Two §3-C Of The General Municipal Law,ADOPTED [UNANIMOUS],True,Denise Merrifield,Joann Waski,,aye,aye,aye,aye,aye
"November 18, 2025",24,2025-944,Adopts Town of Riverhead 2026 Annual Budget,ADOPTED [UNANIMOUS],True,Joann Waski,Kenneth Rothwell,,aye,aye,aye,aye,aye
"November 18, 2025",25,2025-945,Pays Bills,ADOPTED [UNANIMOUS],True,Kenneth Rothwell,Robert Kern,,aye,aye,aye,aye,aye
"November 6, 2025",1,2025-895,Highway Department Budget Transfer – Garage Doors,ADOPTED [UNANIMOUS],True,Kenneth Rothwell,Denise Merrifield,,aye,,aye,aye,aye
"November 6, 2025",2,2025-896,"Budget Adjustment for Administrative Charges - Chapter 217 - 40 17th Street, Wading River, New York",ADOPTED [UNANIMOUS],True,Denise Merrifield,Joann Waski,,aye,,aye,aye,aye
"November 6, 2025",3,2025-897,Capital Project #72515 Budget Adjustment — Additional Costs for Improvements at Two Bears Park,ADOPTED [UNANIMOUS],True,Joann Waski,Kenneth Rothwell,,aye,,aye,aye,aye
"November 6, 2025",4,2025-898,Water District Capital Project 82518 Sandy Pond Links Town Hydrant Budget Adoption,ADOPTED [UNANIMOUS],True,Kenneth Rothwell,Denise Merrifield,,aye,,aye,aye,aye
"November 6, 2025",5,2025-899,Water District Capital Project #82335 437-483 Youngs Ave Landfill Solar Project Budget Adjustment,ADOPTED [UNANIMOUS],True,Denise Merrifield,Joann Waski,,aye,,aye,aye,aye
"November 6, 2025",6,2025-900,Ratifies the Appointment of a Call-In Mini Bus Driver,ADOPTED [UNANIMOUS],True,Joann Waski,Kenneth Rothwell,,aye,,aye,aye,aye
"November 6, 2025",7,2025-901,Ratifies the Provisional Appointment of an Account Clerk,ADOPTED [UNANIMOUS],True,Kenneth Rothwell,Denise Merrifield,,aye,,aye,aye,aye
"November 6, 2025",8,2025-902,Ratifies the Acceptance of Resignation from a Public Safety Dispatcher,ADOPTED [UNANIMOUS],True,Denise Merrifield,Joann Waski,,aye,,aye,aye,aye
"November 6, 2025",9,2025-903,Accepts the Resignation of a Maintenance Mechanic II,ADOPTED [UNANIMOUS],True,Joann Waski,Kenneth Rothwell,,aye,,aye,aye,aye
"November 6, 2025",10,2025-904,Appoints Police Chief to the Riverhead Police Department,ADOPTED [UNANIMOUS],True,Kenneth Rothwell,Denise Merrifield,,aye,,aye,aye,aye
"November 6, 2025",11,2025-905,Amends Terms & Conditions for Employee H. Kreymborg,ADOPTED [UNANIMOUS],True,Denise Merrifield,Joann Waski,,aye,,aye,aye,aye
"November 6, 2025",12,2025-906,Authorizing the Hiring of an Administrative Law Judge to Conduct Stop- Arm Camera Hearings Pursuant to Chapter 105 of the Riverhead Town Code,ADOPTED [UNANIMOUS],True,Joann Waski,Kenneth Rothwell,,aye,,aye,aye,aye
"November 6, 2025",13,2025-907,"Authorizes Town Clerk to Publish and Post Public Notice to Consider a Local Law to Amend Chapter 289 of the Riverhead Town Code Titled “Vehicles, Traffic and Parking Regulations”, Article II “Traffic Regulations”",ADOPTED [UNANIMOUS],True,Kenneth Rothwell,Denise Merrifield,,aye,,aye,aye,aye
"November 6, 2025",14,2025-908,"Authorize Town Clerk to Publish and Post Public Notice to Consider a Local Law to Amend Chapter 231 of the Riverhead Town Code Titled “Fire Prevention”, Article I “General Provisions; Enforcement”",ADOPTED [UNANIMOUS],True,Denise Merrifield,Joann Waski,,aye,,aye,aye,aye
"November 6, 2025",15,2025-909,Authorizes the Town Clerk to Publish and Post Notice to Bidders for Construction of Well No. 2A - Contract E - Electrical Construction; Contract G - General Construction; Contract P - Mechanical and Well Pump Construction - Riverhead Water District,ADOPTED [UNANIMOUS],True,Joann Waski,Kenneth Rothwell,,aye,,aye,aye,aye
"November 6, 2025",16,2025-910,Authorizes the Town Clerk to Publish and Post Notice to Bidders for General Hardware Items,ADOPTED [UNANIMOUS],True,Kenneth Rothwell,Denise Merrifield,,aye,,aye,aye,aye
"November 6, 2025",17,2025-911,Authorizes the Town Clerk to Publish and Post Notice of Request for Proposals for Audit Services for Town of Riverhead Community Preservation Fund,ADOPTED [UNANIMOUS],True,Denise Merrifield,Joann Waski,,aye,,aye,aye,aye
"November 6, 2025",18,2025-912,Reject Bids for Food and Meat and Authorizes Town Clerk to Publish and Post Notice to Bidders for Rebid for Food and Meat Products,ADOPTED [UNANIMOUS],True,Joann Waski,Kenneth Rothwell,,aye,,aye,aye,aye
"November 6, 2025",19,2025-913,Awards Bid for CVE US NY Riverhead 215 LLC Riverhead Landfill Water Main Extension,ADOPTED [UNANIMOUS],True,Kenneth Rothwell,Denise Merrifield,,aye,,aye,aye,aye
"November 6, 2025",20,2025-914,Corrects Resolution 2025-848,ADOPTED [UNANIMOUS],True,Denise Merrifield,Joann Waski,,aye,,aye,aye,aye
"November 6, 2025",21,2025-915,"Ratifies the Authorization for the Supervisor to Execute a Stipulation with Local 1000, AFSCME, AFL_CIO Riverhead Unit of the Suffolk Local 852",ADOPTED [UNANIMOUS],True,Joann Waski,Kenneth Rothwell,,aye,,aye,aye,aye
"November 6, 2025",22,2025-916,"Authorizes the Town Attorney to Execute an Agreement with Municipal Valuation Services, Inc.",ADOPTED [UNANIMOUS],True,Kenneth Rothwell,Denise Merrifield,,aye,,aye,aye,aye
"November 6, 2025",23,2025-917,Ratifies the Authorization for the Supervisor to Execute a Professional Services Agreement with Inter-Fluve Engineering for the Meetinghouse Creek Stormwater Wetland and Habitat Restoration Project,ADOPTED [UNANIMOUS],True,Denise Merrifield,Joann Waski,,aye,,aye,aye,aye
"November 6, 2025",24,2025-918,Authorizes the Supervisor to Execute an Agreement Special FX Wizard Inc. for a Fireworks Display,ADOPTED [UNANIMOUS],True,Joann Waski,Kenneth Rothwell,,aye,,aye,aye,aye
"November 6, 2025",25,2025-919,"Approves Chapter 255 Special Event Application for the Cystic Fibrosis Foundation (May 30, 2026)",ADOPTED [UNANIMOUS],True,Kenneth Rothwell,Denise Merrifield,,aye,,aye,aye,aye
"November 6, 2025",26,2025-920,Pays Bills,ADOPTED [UNANIMOUS],True,Denise Merrifield,Joann Waski,,aye,,aye,aye,aye
"October 21, 2025",1,2025-862,Water District Capital Project 82517 Summerwind Farm Subdivision Budget Adoption,ADOPTED [UNANIMOUS],True,Kenneth Rothwell,Robert Kern,,aye,aye,aye,aye,aye
"October 21, 2025",2,2025-863,Ratifies Budget Adoption for Capital Project #72519 Improvements at Bayberry Park,ADOPTED [UNANIMOUS],True,Robert Kern,Denise Merrifield,,aye,aye,aye,aye,aye
"October 21, 2025",3,2025-864,Ambulance District Fund Balance Transfer - Chassis and Body Remount,ADOPTED [UNANIMOUS],True,Denise Merrifield,Joann Waski,,aye,aye,aye,aye,aye
"October 21, 2025",4,2025-865,Ratifies Highway Department Budget Transfer for the Salt Barn Repair,ADOPTED [UNANIMOUS],True,Joann Waski,Kenneth Rothwell,,aye,aye,aye,aye,aye
"October 21, 2025",5,2025-866,Amends Town Board Resolution 2022-580,ADOPTED [UNANIMOUS],True,Kenneth Rothwell,Robert Kern,,aye,aye,aye,aye,aye
"October 21, 2025",6,2025-867,Amends Town Board Resolution 2022-583,ADOPTED [UNANIMOUS],True,Robert Kern,Denise Merrifield,,aye,aye,aye,aye,aye
"October 21, 2025",7,2025-868,Authorized the Removal of Fixed Assets,ADOPTED [UNANIMOUS],True,Denise Merrifield,Joann Waski,,aye,aye,aye,aye,aye
"October 21, 2025",8,2025-869,Appoints an Automotive Equipment Operator,ADOPTED [UNANIMOUS],True,Joann Waski,Kenneth Rothwell,,aye,aye,aye,aye,aye
"October 21, 2025",9,2025-870,Appoints a Senior Accountant,ADOPTED [UNANIMOUS],True,Kenneth Rothwell,Robert Kern,,aye,aye,aye,aye,aye
"October 21, 2025",10,2025-871,Appoints an Office Assistant,ADOPTED [UNANIMOUS],True,Robert Kern,Denise Merrifield,,aye,aye,aye,aye,aye
"October 21, 2025",11,2025-872,Ratifies the Appointment of an Automotive Equipment Operator,ADOPTED [UNANIMOUS],True,Denise Merrifield,Joann Waski,,aye,aye,aye,aye,aye
"October 21, 2025",12,2025-873,Ratifies the Appointment of a Call-In Food Service Worker,ADOPTED [UNANIMOUS],True,Joann Waski,Kenneth Rothwell,,aye,aye,aye,aye,aye
"October 21, 2025",13,2025-874,Terminates a Principal Accountant,ADOPTED [UNANIMOUS],True,Kenneth Rothwell,Robert Kern,,aye,aye,aye,aye,aye
"October 21, 2025",14,2025-875,Appoints a Principal Accountant & Deputy Financial Administrator,ADOPTED [UNANIMOUS],True,Robert Kern,Denise Merrifield,,aye,aye,aye,aye,aye
"October 21, 2025",15,2025-876,Ratifies the Termination of an Office Assistant,ADOPTED [UNANIMOUS],True,Denise Merrifield,Joann Waski,,aye,aye,aye,aye,aye
"October 21, 2025",16,2025-877,Acceptance of 2024 Audited Financial Statements,ADOPTED [UNANIMOUS],True,Joann Waski,Kenneth Rothwell,,aye,aye,aye,aye,aye
"October 21, 2025",17,2025-878,"Assumes Lead Agency Status, Issues Positive Declaration Pursuant to SEQRA for the Special Permit and Site Plan Application of Duffy MX Motocross Track 2822 River Rd, Calverton, NY SCTM No. 600-136-1-4",ADOPTED [UNANIMOUS],True,Kenneth Rothwell,Robert Kern,,aye,aye,aye,aye,aye
"October 21, 2025",18,2025-879,"Approves Fireworks Application for Main Street Agency & Associates, LLC (Halloween Fest October 25, 2025)",ADOPTED [UNANIMOUS],True,Robert Kern,Denise Merrifield,,aye,aye,aye,aye,aye
"October 21, 2025",19,2025-880,"Approves Fireworks Application for Baiting Hollow Club (October 28, 2025)",ADOPTED [UNANIMOUS],True,Denise Merrifield,Joann Waski,,aye,aye,aye,aye,aye
"October 21, 2025",20,2025-881,Approves Special Event Chapter 255 Application for Race Track Not Street (2026 Summer Motorsports Classic),ADOPTED [UNANIMOUS],True,Joann Waski,Kenneth Rothwell,,aye,aye,aye,aye,aye
"October 21, 2025",21,2025-882,Approves Special Event Chapter 255 Application for Race Track Not Street (2026 Fall Motorsports Classic),ADOPTED [UNANIMOUS],True,Kenneth Rothwell,Robert Kern,,aye,aye,aye,aye,aye
"October 21, 2025",22,2025-883,Ratifies Authorization For The Supervisor To Sign An Agreement With The Riverhead Lions Club For Use Of The Town Square,ADOPTED [UNANIMOUS],True,Robert Kern,Denise Merrifield,,aye,aye,aye,aye,aye
"October 21, 2025",23,2025-884,"Ratifies the Authorization for the Supervisor to Execute a License Agreement for Site Access and Staging with Long Island Electric Utility Servco LLC, as Agent for and on behalf of Long Island Lighting Company d/b/a LIPA",ADOPTED [UNANIMOUS],True,Denise Merrifield,Joann Waski,,aye,aye,aye,aye,aye
"October 21, 2025",24,2025-885,Authorizes the Town Clerk to Publish and Post a Notice to Bidders for Cimline M-Series M-1 Unit Melter Applicator or Equal,ADOPTED [UNANIMOUS],True,Joann Waski,Kenneth Rothwell,,aye,aye,aye,aye,aye
"October 21, 2025",25,2025-886,Authorizes the Town Clerk to Publish and Post Notice to Bidders for Rehabilitation of Plant No. 7 – Electrical Upgrades - Riverhead Water District,ADOPTED [UNANIMOUS],True,Kenneth Rothwell,Robert Kern,,aye,aye,aye,aye,aye
"October 21, 2025",26,2025-887,Authorize Town Clerk to Publish and Post Public Notice to Consider a Local Law to Amend Chapter 263 of the Riverhead Town Code Titled “Rental Dwelling Units”,ADOPTED [UNANIMOUS],True,Robert Kern,Denise Merrifield,,aye,aye,aye,aye,aye
"October 21, 2025",27,2025-888,"Authorizes the Town Attorney to Bring Legal Action Against the Office of Cannabis Management, the Cannabis Control Board, and the State of New York",ADOPTED [UNANIMOUS],True,Denise Merrifield,Joann Waski,,aye,aye,aye,aye,aye
"October 21, 2025",28,2025-889,"Waives Requirements for Compliance with Article XLVIII for a Proposed Sign at the Riverhead Fire District Headquarters 540 Roanoke Avenue, Riverhead, NY SCTM No. 600-126-4-31.1",ADOPTED [UNANIMOUS],True,Joann Waski,Kenneth Rothwell,,aye,aye,aye,aye,aye
"October 21, 2025",29,2025-890,"Makes Finding on the Site Plan Application for Timothy Hill Children's Ranch Barn Relative to the Town Board Special Permit 298 Middle Road, Riverhead, NY SCTM No. 600-84-1-19",ADOPTED [UNANIMOUS],True,Kenneth Rothwell,Robert Kern,,aye,aye,aye,aye,aye
"October 21, 2025",30,2025-891,Authorizes the Community Development Department to Apply for a Grant Offered by the Department of Justice,ADOPTED [UNANIMOUS],True,Robert Kern,Denise Merrifield,,aye,aye,aye,aye,aye
"October 21, 2025",31,2025-892,Pays Bills,ADOPTED [UNANIMOUS],True,Denise Merrifield,Joann Waski,,aye,aye,aye,aye,aye
"October 21, 2025",32,2025-893,"Grants Chapter 229 Permit for Sandy Pond Links, LLC CLubhouse, Trade Shops, Managers Residence (1521 Roanoke Avenue, Riverhead SCTM No. 600-82- 1-12.1)",ADOPTED [UNANIMOUS],True,Joann Waski,Kenneth Rothwell,,aye,aye,aye,aye,aye
"October 21, 2025",33,2025-894,Approves Pre-Possession And Lease Agreement And Authorizes Supervisor To Execute Same,ADOPTED [UNANIMOUS],True,Kenneth Rothwell,Robert Kern,,aye,aye,aye,aye,aye
"October 7, 2025",1,2025-807,Water District Capital Project #82516 Budget Adoption for Washville – 1535 Old Country Road,ADOPTED [UNANIMOUS],True,Kenneth Rothwell,Robert Kern,,aye,aye,aye,aye,aye
"October 7, 2025",2,2025-808,"Ratifies Budget Adjustment for the Removal of Unsafe Structure — Chapter 217, Article IV – 40 17th Street, Wading River, New York",ADOPTED [UNANIMOUS],True,Robert Kern,Denise Merrifield,,aye,aye,aye,aye,aye
"October 7, 2025",3,2025-809,"Ratifies Budget Adjustment for the Removal of Unsafe Structure - Chapter 217, Article IV - 39 Pye Lane, Jamesport, New York",ADOPTED [UNANIMOUS],True,Denise Merrifield,Joann Waski,,aye,aye,aye,aye,aye
"October 7, 2025",4,2025-810,Amends Town Board Resolution 2021-274,ADOPTED [UNANIMOUS],True,Joann Waski,Kenneth Rothwell,,aye,aye,aye,aye,aye
"October 7, 2025",5,2025-811,"Reversal of Budget Adoption for the Removal of Weeds, Yard Waste, Litter, Garbage/Refuse, Rubbish Upon the Premises Known as 262 Hulse Ave, Wading River, New York",ADOPTED [UNANIMOUS],True,Kenneth Rothwell,Robert Kern,,aye,aye,aye,aye,aye
"October 7, 2025",6,2025-812,Authorizes Removal of Fixed Assets,ADOPTED [UNANIMOUS],True,Robert Kern,Denise Merrifield,,aye,aye,aye,aye,aye
"October 7, 2025",7,2025-813,Authorizes Removal of Fixed Assets,ADOPTED [UNANIMOUS],True,Denise Merrifield,Joann Waski,,aye,aye,aye,aye,aye
"October 7, 2025",8,2025-814,Amends Fire Prevention Fee for Burn Permit,ADOPTED [UNANIMOUS],True,Joann Waski,Kenneth Rothwell,,aye,aye,aye,aye,aye
"October 7, 2025",9,2025-815,Ratifies the Authorization for One Police Department Employee to Attend a Seminar,ADOPTED [UNANIMOUS],True,Kenneth Rothwell,Robert Kern,,aye,aye,aye,aye,aye
"October 7, 2025",10,2025-816,Authorizes One Police Department Employee to Attend a Training,ADOPTED [UNANIMOUS],True,Robert Kern,Denise Merrifield,,aye,aye,aye,aye,aye
"October 7, 2025",11,2025-817,Authorizes Fire Marshal To Attend Fire/Arson Investigation Seminar,ADOPTED [UNANIMOUS],True,Denise Merrifield,Joann Waski,,aye,aye,aye,aye,aye
"October 7, 2025",12,2025-818,Appoints a Building Plans Examiner,ADOPTED [UNANIMOUS],True,Joann Waski,Kenneth Rothwell,,aye,aye,aye,aye,aye
"October 7, 2025",13,2025-819,Appoints Maintenance Mechanic II's,ADOPTED [UNANIMOUS],True,Robert Kern,Denise Merrifield,,aye,aye,aye,aye,aye
"October 7, 2025",14,2025-820,Ratifies the Appointment of a Call-In Park Attendant to the Recreation Department,ADOPTED [UNANIMOUS],True,Robert Kern,Denise Merrifield,,aye,aye,aye,aye,aye
"October 7, 2025",15,2025-821,Ratifies the Reclassification of a Heavy Equipment Operator to Construction Equipment Operator,ADOPTED [UNANIMOUS],True,Denise Merrifield,Joann Waski,,aye,aye,aye,aye,aye
"October 7, 2025",16,2025-822,Ratifies the Reclassification of an Automotive Equipment Operator to Heavy Equipment Operator,ADOPTED [UNANIMOUS],True,Joann Waski,Kenneth Rothwell,,aye,aye,aye,aye,aye
"October 7, 2025",17,2025-823,Ratifies the Resignation of a Network & Systems Specialist II,ADOPTED [UNANIMOUS],True,Kenneth Rothwell,Robert Kern,,aye,aye,aye,aye,aye
"October 7, 2025",18,2025-824,Ratifies the Resignation of a Groundskeeper II,ADOPTED [UNANIMOUS],True,Denise Merrifield,Joann Waski,,aye,aye,aye,aye,aye
"October 7, 2025",19,2025-825,Ratifies and Accepts the Resignation of a Traffic Control Specialist,ADOPTED [UNANIMOUS],True,Joann Waski,Kenneth Rothwell,,aye,aye,aye,aye,aye
"October 7, 2025",20,2025-826,Approve Special Event Chapter 255 Application for Bold Broadcasting LLC (Riverhead Holiday Light Show),ADOPTED [UNANIMOUS],True,Kenneth Rothwell,Robert Kern,,aye,aye,aye,aye,aye
"October 7, 2025",21,2025-827,"Approves Special Event Chapter 255 Application for Main Street Agency & Associates, LLC (Halloween Fest)",ADOPTED [UNANIMOUS],True,Robert Kern,Denise Merrifield,,aye,aye,aye,aye,aye
"October 7, 2025",22,2025-828,Authorizes Designated Alcohol Service Vendors To Serve Alcohol At The Town Of Riverhead’s 2025 “Halloween Fest”,ADOPTED [UNANIMOUS],True,Denise Merrifield,Joann Waski,,aye,aye,aye,aye,aye
"October 7, 2025",23,2025-829,"Designates Alcohol Service Vendors to Serve Alcohol at the ""2025 Riverhead Country Fair"" Street Festival and Authorizes the Supervisor to Execute a License Agreement with Designated Alcohol Service Vendors and Riverhead Townscape Incorporated",ADOPTED [UNANIMOUS],True,Joann Waski,Kenneth Rothwell,,aye,aye,aye,aye,aye
"October 7, 2025",24,2025-830,"Ratifies the Authorization for the Supervisor to Execute a Stipulation with Local 1000, AFSCME, AFL_CIO Riverhead Unit of the Suffolk Local 3852",ADOPTED [UNANIMOUS],True,Kenneth Rothwell,Robert Kern,,aye,aye,aye,aye,aye
"October 7, 2025",25,2025-831,Authorize Supervisor to Execute Agreement with Interpreter for Justice Court (Alvarez),ADOPTED [UNANIMOUS],True,Robert Kern,Denise Merrifield,,aye,aye,aye,aye,aye
"October 7, 2025",26,2025-832,Ratifies the Authorization for the Supervisor to Execute a License Agreement with Riverhead Chamber of Commerce to Utilize a Portion of the Riverhead Town Hall,ADOPTED [UNANIMOUS],True,Denise Merrifield,Joann Waski,,aye,aye,aye,aye,aye
"October 7, 2025",27,2025-833,Authorizes The Supervisor to Execute an Extension of License Agreement with Ademco Inc.,ADOPTED [UNANIMOUS],True,Joann Waski,Kenneth Rothwell,,aye,aye,aye,aye,aye
"October 7, 2025",28,2025-834,Ratifies Authorization For The Supervisor To Sign An Agreement With The Riverhead Chamber Of Commerce For Use Of The Town Square For A Movie And Ice Cream Event,ADOPTED [UNANIMOUS],True,Kenneth Rothwell,Robert Kern,,aye,aye,aye,aye,aye
"October 7, 2025",29,2025-835,Ratifies the Authorization for the Supervisor to Execute a License Agreement with Riverhead Business Improvement District Management Association (BIDMA),ADOPTED [UNANIMOUS],True,Robert Kern,Denise Merrifield,,aye,aye,aye,aye,aye
"October 7, 2025",30,2025-836,"Ratifies the Authorization for the Supervisor to Execute an Agreement with Goodman-Marks Associates, Inc. to Conduct an Appraisal",ADOPTED [UNANIMOUS],True,Denise Merrifield,Joann Waski,,aye,aye,aye,aye,aye
"October 7, 2025",31,2025-837,Authorizes the Supervisor to Execute a Letter of Intent for the Redevelopment of 246 Griffing Avenue,ADOPTED [UNANIMOUS],True,Joann Waski,Kenneth Rothwell,,aye,aye,aye,aye,aye
"October 7, 2025",32,2025-838,Authorizes Town Attorney To Retain Special Counsel For Perfection Of An Appeal,ADOPTED [UNANIMOUS],True,Kenneth Rothwell,Robert Kern,,aye,aye,aye,aye,aye
"October 7, 2025",33,2025-839,Authorizes the Application for Funding to Empire State Development through the Long Island Forward Housing Project to Conduct a Market Study,ADOPTED [UNANIMOUS],True,Robert Kern,Denise Merrifield,,aye,aye,aye,aye,aye
"October 7, 2025",34,2025-840,Acceptance of Bulletproof Vest Grant,ADOPTED [UNANIMOUS],True,Denise Merrifield,Joann Waski,,aye,aye,aye,aye,aye
"October 7, 2025",35,2025-841,"Adopts a Local Law to Amend Chapter 289 of the Riverhead Town Code Titled “Vehicles, Traffic and Parking Regulations”, Article IV “Parking, Standing and Stopping”",ADOPTED [UNANIMOUS],True,Joann Waski,Kenneth Rothwell,,aye,aye,aye,aye,aye
"October 7, 2025",36,2025-842,"Adopts a Local Law to Amend Chapter 289 of the Riverhead Town Code Titled “Vehicles, Traffic and Parking Regulations”, Article I “Terminology”",ADOPTED [UNANIMOUS],True,Kenneth Rothwell,Robert Kern,,aye,aye,aye,aye,aye
"October 7, 2025",37,2025-843,"Adopts a Local Law to Amend Chapter 213 of the Riverhead Town Code Titled “Bicycles and Electric Scooters”, Article I “Bicycles”",TABLED [UNANIMOUS],False,Robert Kern,Kenneth Rothwell,,aye,aye,aye,aye,aye
"October 7, 2025",38,2025-844,"Adopts a Local Law to Amend Chapter 213 of the Riverhead Town Code Titled “Bicycles and Electric Scooters”, Article II “Electric Scooters”",TABLED [UNANIMOUS],False,Denise Merrifield,Robert Kern,,aye,aye,aye,aye,aye
"October 7, 2025",39,2025-845,"Authorizes the Town Clerk to Publish and Post Notice for Public Hearing Regarding US HUD Community Development Block Grant (""CDBG"") 2026 Funds",ADOPTED [UNANIMOUS],True,Joann Waski,Kenneth Rothwell,,aye,aye,aye,aye,aye
"October 7, 2025",40,2025-846,Authorizes the Town Clerk to Publish and Post Notice to Bidders for Construction of Pre-fabricated Building for the Highway Department,ADOPTED [UNANIMOUS],True,Kenneth Rothwell,Robert Kern,,aye,aye,aye,aye,aye
"October 7, 2025",41,2025-847,Awards Bid for Street Lighting Materials for the Riverfront,ADOPTED [UNANIMOUS],True,Robert Kern,Denise Merrifield,,aye,aye,aye,aye,aye
"October 7, 2025",42,2025-848,Awards Bid for Disposal of Town Generated Construction and Demolition Material,ADOPTED [UNANIMOUS],True,Denise Merrifield,Joann Waski,,aye,aye,aye,aye,aye
"October 7, 2025",43,2025-849,Awards Bid for Dowflake Extra 83-87% Calcium Chloride or Equal,ADOPTED [UNANIMOUS],True,Joann Waski,Kenneth Rothwell,,aye,aye,aye,aye,aye
"October 7, 2025",44,2025-850,Awards Bid for Polymer Mixing System for the Riverhead Sewer District,ADOPTED [UNANIMOUS],True,Kenneth Rothwell,Robert Kern,,aye,aye,aye,aye,aye
"October 7, 2025",45,2025-851,Awards Bid for Replacement of Large Meters for the Riverhead Water District,ADOPTED [UNANIMOUS],True,Robert Kern,Denise Merrifield,,aye,aye,aye,aye,aye
"October 7, 2025",46,2025-852,Rescinds Award and Awards Bid for Award #17 Annual Construction Contract,ADOPTED [UNANIMOUS],True,Denise Merrifield,Joann Waski,,aye,aye,aye,aye,aye
"October 7, 2025",47,2025-853,Authorizes Purchase of Dump Truck for Highway Department,ADOPTED [UNANIMOUS],True,Joann Waski,Kenneth Rothwell,,aye,aye,aye,aye,aye
"October 7, 2025",48,2025-854,Standardizes Vactor Vacuum Truck and Authorizes Purchase for Town of Riverhead Highway Department,ADOPTED [UNANIMOUS],True,Kenneth Rothwell,Robert Kern,,aye,aye,aye,aye,aye
"October 7, 2025",49,2025-855,Authorizes Reduction of Performance Security for Overlook Homes Major Subdivision,ADOPTED [UNANIMOUS],True,Robert Kern,Denise Merrifield,,aye,aye,aye,aye,aye
"October 7, 2025",50,2025-856,"Bond Resolution of the Town of Riverhead, New York, Adopted October 7, 2025, Authorizing the Issuance of Bonds and Appropriating $6,500,000",ADOPTED [UNANIMOUS],True,Denise Merrifield,Joann Waski,,aye,aye,aye,aye,aye
"October 7, 2025",51,2025-857,"Authorizes The Demolition Of 30 McDermott Avenue, Riverhead, NY",ADOPTED [UNANIMOUS],True,Joann Waski,Kenneth Rothwell,,aye,aye,aye,aye,aye
"October 7, 2025",52,2025-858,Amends Conditions of Resolution 2023-751 - Kar-McVeigh Special Permit,ADOPTED [UNANIMOUS],True,Joann Waski,Kenneth Rothwell,,aye,aye,aye,aye,aye
"October 7, 2025",53,2025-859,Pays Bills,ADOPTED [UNANIMOUS],True,Kenneth Rothwell,Robert Kern,,aye,aye,aye,aye,aye
"October 7, 2025",54,2025-860,"Determines, as Host Community, That Upon Consideration and Application of the Monroe Balancing Test, the Suffolk County Water Authority Project Known and Referred to as “The North Fork Transmission Line (NFTL) Shall Not be Immune from Riverhead Town Zoning and Land Use Laws, Codes and/or Regulations",ADOPTED [UNANIMOUS],True,Robert Kern,Denise Merrifield,,aye,aye,aye,aye,aye
"October 7, 2025",55,2025-861,Authorizes Town Clerk To Publish And Post A Public Notice To Consider Adopting A Local Law To Override The Tax Levy Limit Established By And Set Forth In Article Two Section 3-C Of The General Municipal Law & To Consider Adoption Of The 2026 Preliminary Budget For The Town Of Riverhead,ADOPTED [UNANIMOUS],True,Denise Merrifield,Joann Waski,,aye,aye,aye,aye,aye
"September 29, 2025",1,2025-806,"Schedules a Public Hearing by the Town of Riverhead, as Legislative Body for the Town of Riverhead and Governing Body of the Community Development Agency to Consider the Designation of The Jazz Loft, Inc., as a Qualified and Eligible Sponsor for the Purchase and Redevelopment of Town-Owned Property Described as SCTM# 0600-128.00-6.00-080.00 Located at 18 Peconic Avenue, Riverhead, New York 11901",ADOPTED [4 - 1],True,Kenneth Rothwell,Robert Kern,,,,,,
"September 16, 2025",1,2025-778,Budget Adjustment for Settlement Offer to Tenant of 127 East Main Street (SNR Bar 25 Corp.),ADOPTED [UNANIMOUS],True,Kenneth Rothwell,Robert Kern,,aye,aye,aye,aye,aye
"September 16, 2025",2,2025-779,"Budget Adoption for the Removal of Weeds, Yard Waste, Litter, Garbage/Refuse, Rubbish Upon the Premises Known as 219 Hubbard Ave, Riverhead, New York",ADOPTED [UNANIMOUS],True,Robert Kern,Denise Merrifield,,aye,aye,aye,aye,aye
"September 16, 2025",3,2025-780,Changes the status of current seasonal employees to Call-In employees in the Recreation Department,ADOPTED [UNANIMOUS],True,Denise Merrifield,Joann Waski,,aye,aye,aye,aye,aye
"September 16, 2025",4,2025-781,Appoints a Chief Accountant (Financial Administrator),ADOPTED [UNANIMOUS],True,Joann Waski,Kenneth Rothwell,,aye,aye,aye,aye,aye
"September 16, 2025",5,2025-782,Appoints Part-time Police Officers and Places them on a Leave of Absence,ADOPTED [UNANIMOUS],True,Kenneth Rothwell,Robert Kern,,aye,aye,aye,aye,aye
"September 16, 2025",6,2025-783,Reappoints Jeanne Hogan to the Board of Assessment Review,ADOPTED [UNANIMOUS],True,Robert Kern,Denise Merrifield,,aye,aye,aye,aye,aye
"September 16, 2025",7,2025-784,Ratifies the Approval for a Leave of Absence,WITHDRAWN [UNANIMOUS],False,Denise Merrifield,Joann Waski,,aye,aye,aye,aye,aye
"September 16, 2025",8,2025-785,Chapter 229 Application for Export of Materials from 61 Main Road for Self Storage Facility,ADOPTED [UNANIMOUS],True,Joann Waski,Kenneth Rothwell,,aye,aye,aye,aye,aye
"September 16, 2025",9,2025-786,Chapter 229 Application for Export of Materials from 1105 Old Country Road for New Medical Office,ADOPTED [UNANIMOUS],True,Kenneth Rothwell,Robert Kern,,aye,aye,aye,aye,aye
"September 16, 2025",10,2025-787,Chapter 229 Application for Export of Materials from 1125 Old Country Road for Site Improvements,ADOPTED [UNANIMOUS],True,Robert Kern,Denise Merrifield,,aye,aye,aye,aye,aye
"September 16, 2025",11,2025-788,Appoints Hearing Officer and Authorizes Suspension of Employee,ADOPTED [UNANIMOUS],True,Denise Merrifield,Joann Waski,,aye,aye,aye,aye,aye
"September 16, 2025",12,2025-789,"Authorizes Supervisor to Execute Stipulation of Settlement with Kar- McVeigh, LLC and Matthew Kar",ADOPTED [UNANIMOUS],True,Joann Waski,Kenneth Rothwell,,aye,aye,aye,aye,aye
"September 16, 2025",13,2025-790,Approves The Submission of a Grant Application to the State of New York Unified Court System for 2025-2026 JCAP Grant,ADOPTED [UNANIMOUS],True,Kenneth Rothwell,Robert Kern,,aye,aye,aye,aye,aye
"September 16, 2025",14,2025-791,Authorizes Amendment #8 Of Agreement With U.S. Department Of The Interior-U.S. Geological Survey,ADOPTED [UNANIMOUS],True,Robert Kern,Denise Merrifield,,aye,aye,aye,aye,aye
"September 16, 2025",15,2025-792,"Authorizes the Supervisor to Execute a License Agreement with Darkside Productions, Inc.",ADOPTED [UNANIMOUS],True,Denise Merrifield,Joann Waski,,aye,aye,aye,aye,aye
"September 16, 2025",16,2025-793,Authorizes a Fire Marshal to Attend AFFIRM Seminar,ADOPTED [UNANIMOUS],True,Joann Waski,Kenneth Rothwell,,aye,aye,aye,aye,aye
"September 16, 2025",17,2025-794,"Designates Alcohol Service Vendors To Serve Alcohol At The ""Riverhead Country Fair"" 2025 Street Festival And Authorizes The Supervisor To Execute A License Agreement With Designated Alcohol Service Vendors And Riverhead Townscape Incorporated",ADOPTED [UNANIMOUS],True,Kenneth Rothwell,Robert Kern,,aye,aye,aye,aye,aye
"September 16, 2025",18,2025-795,"Adopts a Local Law to Amend Chapter 301 of the Riverhead Town Code Titled “Zoning and Land Development”, Article LVI “Site Plan Review”",ADOPTED [UNANIMOUS],True,Robert Kern,Denise Merrifield,,aye,aye,aye,aye,aye
"September 16, 2025",19,2025-796,Authorizes the Town Clerk to Publish and Post Notice to Bidders for Removal and Disposal of Household Hazardous Waste,ADOPTED [UNANIMOUS],True,Denise Merrifield,Joann Waski,,aye,aye,aye,aye,aye
"September 16, 2025",20,2025-797,Ratifies Authorization for Superintendent to Execute Change Orders for Wellhead Treatment for Removal of Manganese at Plant No. 5,ADOPTED [UNANIMOUS],True,Joann Waski,Kenneth Rothwell,,aye,aye,aye,aye,aye
"September 16, 2025",21,2025-798,Rejects Bids for Truck Parts and Authorizes Town Clerk to Publish and Post Notice to Bidders for Re-Bid for Truck Parts,ADOPTED [UNANIMOUS],True,Kenneth Rothwell,Robert Kern,,aye,aye,aye,aye,aye
"September 16, 2025",22,2025-799,Awards Bid for Auto Parts,ADOPTED [UNANIMOUS],True,Robert Kern,Denise Merrifield,,aye,aye,aye,aye,aye
"September 16, 2025",23,2025-800,Awards Bid for Ford Auto Parts,ADOPTED [UNANIMOUS],True,Denise Merrifield,Joann Waski,,aye,aye,aye,aye,aye
"September 16, 2025",24,2025-801,Resolution And Consent Approving the Dedication of Highway Known As Cedar Cove Court,ADOPTED [UNANIMOUS],True,Joann Waski,Kenneth Rothwell,,aye,aye,aye,aye,aye
"September 16, 2025",25,2025-802,Pays Bills,ADOPTED [UNANIMOUS],True,Kenneth Rothwell,Robert Kern,,aye,aye,aye,aye,aye
"September 16, 2025",26,2025-803,"Classifies Zenith Building Addition as a Type 1 Action Pursuant to SEQRA, Requests Lead Agency Status for the Purpose of Coordinated SEQRA Review",ADOPTED [UNANIMOUS],True,Kenneth Rothwell,Robert Kern,,aye,aye,aye,aye,aye
"September 16, 2025",27,2025-804,Schedules Public Hearing for the Zenith Building Addition Site Plan Application,ADOPTED [UNANIMOUS],True,Kenneth Rothwell,Robert Kern,,aye,aye,aye,aye,aye
"September 16, 2025",28,2025-805,Accepts the Resignation of Town Board Coordinator,ADOPTED [UNANIMOUS],True,Kenneth Rothwell,Robert Kern,,aye,aye,aye,aye,aye
"September 3, 2025",1,2025-749,Budget Adoption for Capital Project #72515 Improvements at Two Bears Park,ADOPTED [UNANIMOUS],True,Kenneth Rothwell,Robert Kern,,aye,aye,aye,aye,aye
"September 3, 2025",2,2025-750,Authorizes The Removal of Fixed Assets,ADOPTED [UNANIMOUS],True,Robert Kern,Denise Merrifield,,aye,aye,aye,aye,aye
"September 3, 2025",3,2025-751,Authorization to Use RVAC Medical Billing Proceeds for Payment of Architectural Services for New Building for Ambulance District,ADOPTED [UNANIMOUS],True,Denise Merrifield,Joann Waski,,aye,aye,aye,aye,aye
"September 3, 2025",4,2025-752,Provisionally Appoints an Account Clerk,ADOPTED [UNANIMOUS],True,Joann Waski,Kenneth Rothwell,,aye,aye,aye,aye,aye
"September 3, 2025",5,2025-753,Approves a Salary Increase for a Maintenance Mechanic II,[UNANIMOUS],True,Kenneth Rothwell,Robert Kern,,aye,aye,aye,aye,aye
"September 3, 2025",6,2025-754,Ratifies the Promotion of a Building Inspector to Senior Building Inspector,ADOPTED [UNANIMOUS],True,Robert Kern,Denise Merrifield,,aye,aye,aye,aye,aye
"September 3, 2025",7,2025-755,Accepts the Resignation of a Maintenance Mechanic II,ADOPTED [UNANIMOUS],True,Denise Merrifield,Joann Waski,,aye,aye,aye,aye,aye
"September 3, 2025",8,2025-756,Ratifies the Resignation of an Automotive Equipment Operator,ADOPTED [UNANIMOUS],True,Joann Waski,Kenneth Rothwell,,aye,aye,aye,aye,aye
"September 3, 2025",9,2025-757,Appoints John Condzella to the Agricultural Advisory Committee,ADOPTED [4 - 1],True,Kenneth Rothwell,Robert Kern,,aye,aye,nay,aye,aye
"September 3, 2025",10,2025-758,Ratifies the Reappointment of Eve Kaplan to the Agricultural Advisory Committee,ADOPTED [UNANIMOUS],True,Robert Kern,Denise Merrifield,,aye,aye,aye,aye,aye
"September 3, 2025",11,2025-759,Ratifies the Reappointment of Jeff Rottkamp to the Agricultural Advisory Committee,ADOPTED [UNANIMOUS],True,Denise Merrifield,Joann Waski,,aye,aye,aye,aye,aye
"September 3, 2025",12,2025-760,Ratifies the Reappointment of Matthew Pendleton to the Agricultural Advisory Committee,ADOPTED [UNANIMOUS],True,Joann Waski,Kenneth Rothwell,,aye,aye,aye,aye,aye
"September 3, 2025",13,2025-761,Ratifies the Reappointment of Phil Schmitt to the Agricultural Advisory Committee,ADOPTED [UNANIMOUS],True,Kenneth Rothwell,Robert Kern,,aye,aye,aye,aye,aye
"September 3, 2025",14,2025-762,Authorizes The Supervisor To Sign A Consultant/Professional Services Agreement With Brad Hammond,ADOPTED [UNANIMOUS],True,Robert Kern,Denise Merrifield,,aye,aye,aye,aye,aye
"September 3, 2025",15,2025-763,Ratifies Authorization to Apply for a Grant Offered by the National Council on Aging,ADOPTED [UNANIMOUS],True,Denise Merrifield,Joann Waski,,aye,aye,aye,aye,aye
"September 3, 2025",16,2025-764,"Authorizes the Demolition, Removal, and/or Abatement of the Unsafe Structure or Condition Situated at 39 Pye Lane, Jamesport, NY, SCTM # 0600- 070.00-01.00-022.000 Pursuant to Chapter 217, Part 4, Article IV of the Riverhead Town Code",ADOPTED [UNANIMOUS],True,Joann Waski,Kenneth Rothwell,,aye,aye,aye,aye,aye
"September 3, 2025",17,2025-765,Authorizes the Town Clerk to Publish and Post Request for Proposals for Construction Manager for New Headquarters Building for Riverhead Volunteer Ambulance Corp,ADOPTED [UNANIMOUS],True,Kenneth Rothwell,Robert Kern,,aye,aye,aye,aye,aye
"September 3, 2025",18,2025-766,Authorizes the Town Clerk to Publish and Post Notice to Bidders for Food and Meat Products,ADOPTED [UNANIMOUS],True,Robert Kern,Denise Merrifield,,aye,aye,aye,aye,aye
"September 3, 2025",19,2025-767,Extends Bid Nunc Pro Tunc for Propane Fuel and Equipment Maintenance,ADOPTED [UNANIMOUS],True,Denise Merrifield,Joann Waski,,aye,aye,aye,aye,aye
"September 3, 2025",20,2025-768,"Extends Bid for Well and Pump Testing, Evaluation, Reporting, and Information Management for the Riverhead Water District",ADOPTED [UNANIMOUS],True,Joann Waski,Kenneth Rothwell,,aye,aye,aye,aye,aye
"September 3, 2025",21,2025-769,"Authorizes Supervisor to Execute a Stipulation with Local 1000, AFSCME, AFL_CIO Riverhead Unit of the Suffolk Local 3852",ADOPTED [UNANIMOUS],True,Kenneth Rothwell,Robert Kern,,aye,aye,aye,aye,aye
"September 3, 2025",22,2025-770,"Ratifies Authorization for the Town Attorney to Execute a Retainer Agreement with Certilman Balin Adler & Hyman, LLP",ADOPTED [UNANIMOUS],True,Robert Kern,Denise Merrifield,,aye,aye,aye,aye,aye
"September 3, 2025",23,2025-771,"Adopts a Local Law to Amend Chapter 231 of the Riverhead Town Code Titled “Fire Prevention”, Article XXIV “Penalties for Offenses”",ADOPTED [UNANIMOUS],True,Denise Merrifield,Joann Waski,,aye,aye,aye,aye,aye
"September 3, 2025",24,2025-772,"Adopts a Local Law to Amend Chapter 289 of the Riverhead Town Code Titled “Vehicles, Traffic and Parking Regulations”, Article VI “Penalties”",ADOPTED [UNANIMOUS],True,Joann Waski,Kenneth Rothwell,,aye,aye,aye,aye,aye
"September 3, 2025",25,2025-773,"Adopts a Local Law to Amend Chapter 251 of the Riverhead Town Code Titled “Noise, Public Nuisances and Property Maintenance”, Article I “Noise”",ADOPTED [UNANIMOUS],True,Kenneth Rothwell,Robert Kern,,aye,aye,aye,aye,aye
"September 3, 2025",26,2025-774,"Adopts Local Law to Amend Town Code Chapter 301, Article XVIIA entitled ""Community Benefit Zoning Use District (CBD)""",ADOPTED [UNANIMOUS],True,Robert Kern,Denise Merrifield,,aye,aye,aye,aye,aye
"September 3, 2025",27,2025-775,Schedules Public Hearing for Kar-McVeigh Special Permit Amendment,ADOPTED [UNANIMOUS],True,Denise Merrifield,Joann Waski,,aye,aye,aye,aye,aye
"September 3, 2025",28,2025-776,"Authorizes 2025 Bow Hunting For Deer On Town Property At Enterprise Park At Calverton (SCTM No. 600-135-1-7.33, Et Al.); 1751 Sound Avenue, Calverton (SCTM No. 600-60-1-2) And Middle Road, Riverhead (SCTM No. 600-80-2-10.1)",ADOPTED [UNANIMOUS],True,Joann Waski,Kenneth Rothwell,,aye,aye,aye,aye,aye
"September 3, 2025",29,2025-777,Pays Bills,ADOPTED [UNANIMOUS],True,Kenneth Rothwell,Robert Kern,,aye,aye,aye,aye,aye
"August 19, 2025",1,2025-699,Authorizes Sewer District Employees to Attend Seminar,[UNANIMOUS],True,Kenneth Rothwell,Robert Kern,,aye,aye,aye,aye,aye
"August 19, 2025",2,2025-700,Ratifies the Authorization of One Police Department Employee to attend a Governors Traffic Safety DRE Interview,[UNANIMOUS],True,Robert Kern,Denise Merrifield,,aye,aye,aye,aye,aye
"August 19, 2025",3,2025-701,Approves the Attendance of One Police Dept. Employee to Attend the DCJS Public Safety Symposium,[UNANIMOUS],True,Denise Merrifield,Joann Waski,,aye,aye,aye,aye,aye
"August 19, 2025",4,2025-702,Authorizes the Removal of Fixed Assets,[UNANIMOUS],True,Joann Waski,Kenneth Rothwell,,aye,aye,aye,aye,aye
"August 19, 2025",5,2025-703,Ratifies Authorization Of The Acceptance Of Donations From Peconic Hockey Foundation,[UNANIMOUS],True,Kenneth Rothwell,Robert Kern,,aye,aye,aye,aye,aye
"August 19, 2025",6,2025-704,Accepts Donation from Joseph C. Dibenedetto for the Recreation Department,[UNANIMOUS],True,Robert Kern,Denise Merrifield,,aye,aye,aye,aye,aye
"August 19, 2025",7,2025-705,Budget Transfer for Capital Project #12101 Town Square Properties,[UNANIMOUS],True,Denise Merrifield,Joann Waski,,aye,aye,aye,aye,aye
"August 19, 2025",8,2025-706,Ratifies Budget Adjustment for Grant Allocation for East End Arts Council Relocation,[UNANIMOUS],True,Joann Waski,Kenneth Rothwell,,aye,aye,aye,aye,aye
"August 19, 2025",9,2025-707,EWR 2025-2026 Road Resurfacing Grant Budget,[UNANIMOUS],True,Kenneth Rothwell,Robert Kern,,aye,aye,aye,aye,aye
"August 19, 2025",10,2025-708,CHIPS 2025-2026 Road Resurfacing Grant Budget,[UNANIMOUS],True,Robert Kern,Denise Merrifield,,aye,aye,aye,aye,aye
"August 19, 2025",11,2025-709,PAVE NY 2025-2026 Road Resurfacing Grant Budget,[UNANIMOUS],True,Denise Merrifield,Joann Waski,,aye,aye,aye,aye,aye
"August 19, 2025",12,2025-710,POP NY 2025-2026 Road Resurfacing Grant Budget,[UNANIMOUS],True,Joann Waski,Kenneth Rothwell,,aye,aye,aye,aye,aye
"August 19, 2025",13,2025-711,Acceptance of Youth Mentoring Sports Grant,[UNANIMOUS],True,Kenneth Rothwell,Robert Kern,,aye,aye,aye,aye,aye
"August 19, 2025",14,2025-712,Amends Resolution 2025-651,[UNANIMOUS],True,Robert Kern,Denise Merrifield,,aye,aye,aye,aye,aye
"August 19, 2025",15,2025-713,Amends Resolution 2025-653,[UNANIMOUS],True,Denise Merrifield,Joann Waski,,aye,aye,aye,aye,aye
"August 19, 2025",16,2025-714,Appoints a Homemaker,[UNANIMOUS],True,Joann Waski,Kenneth Rothwell,,aye,aye,aye,aye,aye
"August 19, 2025",17,2025-715,Appoints a Part-time Harbormaster,[UNANIMOUS],True,Kenneth Rothwell,Robert Kern,,aye,aye,aye,aye,aye
"August 19, 2025",18,2025-716,Accepts the Resignation of the Chief Building Inspector,[UNANIMOUS],True,Robert Kern,Denise Merrifield,,aye,aye,aye,aye,aye
"August 19, 2025",19,2025-717,Ratifies the Resignation of a Public Safety Dispatcher I,[UNANIMOUS],True,Denise Merrifield,Joann Waski,,aye,aye,aye,aye,aye
"August 19, 2025",20,2025-718,Accepts the Resignation of a Maintenance Mechanic II,[UNANIMOUS],True,Joann Waski,Kenneth Rothwell,,aye,aye,aye,aye,aye
"August 19, 2025",21,2025-719,Ratifies a Leave of Absence,[UNANIMOUS],True,Kenneth Rothwell,Robert Kern,,aye,aye,aye,aye,aye
"August 19, 2025",22,2025-720,"Ratifies Authorization For The Supervisor To Execute Stipulation with The CSEA, Local 1000, AFSCME, AFL-CIO, Riverhead Unit of the Suffolk Local #852",[UNANIMOUS],True,Robert Kern,Denise Merrifield,,aye,aye,aye,aye,aye
"August 19, 2025",23,2025-721,Authorizes License Agreement With Riverhead Volunteer Ambulance Corps. For The Use Of Riverhead Town Hall Basement For EMT Course Instruction 2025-2026,[UNANIMOUS],True,Denise Merrifield,Joann Waski,,aye,aye,aye,aye,aye
"August 19, 2025",24,2025-722,"Authorizes Supervisor to execute an agreement with Riverhead Youth Sports, Inc for the referee/umpire services for Town of Riverhead Police Athletic League Football Program for 2025 Calendar Year",[UNANIMOUS],True,Joann Waski,Kenneth Rothwell,,aye,aye,aye,aye,aye
"August 19, 2025",25,2025-723,"Authorizes the Town Attorney to Execute an Agreement with Certified Environmental Professional, Jeffrey Seeman",[UNANIMOUS],True,Kenneth Rothwell,Robert Kern,,aye,aye,aye,aye,aye
"August 19, 2025",26,2025-724,"Accepts Performance Bond from Kathy Lane, LLC",[UNANIMOUS],True,Robert Kern,Denise Merrifield,,aye,aye,aye,aye,aye
"August 19, 2025",27,2025-725,"Authorize, Nunc Pro Tunc, Town Attorney to Commence Supreme Court Action Against 1099 Royal, LLC.",[UNANIMOUS],True,Denise Merrifield,Joann Waski,,aye,aye,aye,aye,aye
"August 19, 2025",28,2025-726,"Ratifies the Settlement of Legal Action in the Matter of Town of Riverhead Against Robert William Kraemer (510 Twomey Avenue, Riverhead, New York)",[UNANIMOUS],True,Joann Waski,Kenneth Rothwell,,aye,aye,aye,aye,aye
"August 19, 2025",29,2025-727,"Authorizes Town Clerk to Publish and Post Public Notice to Consider a Local Law to Amend Chapter 289 of the Riverhead Town Code Titled “Vehicles, Traffic and Parking Regulations”, Article IV “Parking, Standing and Stopping”",[UNANIMOUS],True,Kenneth Rothwell,Robert Kern,,aye,aye,aye,aye,aye
"August 19, 2025",30,2025-728,"Authorizes Town Clerk to Publish and Post Public Notice to Consider a Local Law to Amend Chapter 213 of the Riverhead Town Code Titled “Bicycles and Electric Scooters”, Article I “Bicycles”",[UNANIMOUS],True,Robert Kern,Denise Merrifield,,aye,aye,aye,aye,aye
"August 19, 2025",31,2025-729,"Authorizes Town Clerk to Publish and Post Public Notice to Consider a Local Law to Amend Chapter 213 of the Riverhead Town Code Titled “Bicycles and Electric Scooters”, Article II “Electric Scooters”",[UNANIMOUS],True,Denise Merrifield,Joann Waski,,aye,aye,aye,aye,aye
"August 19, 2025",32,2025-730,"Authorizes Town Clerk to Publish and Post Public Notice to Consider a Local Law to Amend Chapter 289 of the Riverhead Town Code Titled “Vehicles, Traffic and Parking Regulations”, Article I “Terminology”",[UNANIMOUS],True,Joann Waski,Kenneth Rothwell,,aye,aye,aye,aye,aye
"August 19, 2025",33,2025-731,Authorizes the Town Clerk to Publish and Post Notice to Bidders for Polymer Mixing System for the Riverhead Sewer District,[UNANIMOUS],True,Kenneth Rothwell,Robert Kern,,aye,aye,aye,aye,aye
"August 19, 2025",34,2025-732,Authorizes the Town Clerk to Publish and Post Notice to Bidders for Replacement of Large Meters for the Riverhead Water District,[UNANIMOUS],True,Robert Kern,Denise Merrifield,,aye,aye,aye,aye,aye
"August 19, 2025",35,2025-733,Authorizes the Town Clerk to Publish and Post Notice to Bidders for CVE US NY Riverhead 215 LLC Riverhead Landfill Water Main Extension,[UNANIMOUS],True,Denise Merrifield,Joann Waski,,aye,aye,aye,aye,aye
"August 19, 2025",36,2025-734,Authorizes the Town Clerk to Publish and Post Notice to Bidders for Disposal of Town Generated Construction and Demolition Material,[UNANIMOUS],True,Joann Waski,Kenneth Rothwell,,aye,aye,aye,aye,aye
"August 19, 2025",37,2025-735,Authorizes the Town Clerk to Publish and Post Notice to Bidders for Dowflake Extra 83-87% Calcium Chloride or Equal,[UNANIMOUS],True,Kenneth Rothwell,Robert Kern,,aye,aye,aye,aye,aye
"August 19, 2025",38,2025-736,Awards Bid for Sludge Cake Removal and Disposal,[UNANIMOUS],True,Robert Kern,Denise Merrifield,,aye,aye,aye,aye,aye
"August 19, 2025",39,2025-737,Awards Bid for Police Uniform Items,[UNANIMOUS],True,Denise Merrifield,Joann Waski,,aye,aye,aye,aye,aye
"August 19, 2025",40,2025-738,Awards Bid for Fertilizer and Lawn Chemicals,[UNANIMOUS],True,Joann Waski,Kenneth Rothwell,,aye,aye,aye,aye,aye
"August 19, 2025",41,2025-739,Awards Bid for Grit Screen Waste Removal and Disposal,[UNANIMOUS],True,Kenneth Rothwell,Robert Kern,,aye,aye,aye,aye,aye
"August 19, 2025",42,2025-740,Awards Bid for Liquid Sludge Removal and Disposal,[UNANIMOUS],True,Robert Kern,Denise Merrifield,,aye,aye,aye,aye,aye
"August 19, 2025",43,2025-741,Awards Bid for 2025 Annual Construction Contract,[UNANIMOUS],True,Denise Merrifield,Joann Waski,,aye,aye,aye,aye,aye
"August 19, 2025",44,2025-742,Awards Re-Bid for 2025 Annual Procurement Contract,[UNANIMOUS],True,Joann Waski,Kenneth Rothwell,,aye,aye,aye,aye,aye
"August 19, 2025",45,2025-743,Ratifies Extension of Bid for Replacement of Large Meters,[UNANIMOUS],True,Kenneth Rothwell,Robert Kern,,aye,aye,aye,aye,aye
"August 19, 2025",46,2025-744,Ratifies Designation Of Alcohol Service Vendor To Service Alcohol At The “Polish Hall Festival 2025”,[UNANIMOUS],True,Robert Kern,Denise Merrifield,,aye,aye,aye,aye,aye
"August 19, 2025",47,2025-745,Approves Special Event Chapter 255 Application for Riverhead Athletic Club (Riverhead Athletic Club 5K Race),[UNANIMOUS],True,Denise Merrifield,Joann Waski,,aye,aye,aye,aye,aye
"August 19, 2025",48,2025-746,Approves Special Event Chapter 255 Application for Fine Fare Supermarket (Customer Appreciation Day),[UNANIMOUS],True,Joann Waski,Kenneth Rothwell,,aye,aye,aye,aye,aye
"August 19, 2025",49,2025-747,Pays Bills,[UNANIMOUS],True,Kenneth Rothwell,Robert Kern,,aye,aye,aye,aye,aye
"August 19, 2025",50,2025-748,"Authorize Supervisor to Execute Stipulation with Riverhead Town Superior Officers Association, Inc.",[UNANIMOUS],True,Robert Kern,Denise Merrifield,,aye,aye,aye,aye,aye
"August 5, 2025",1,2025-644,Accepts Donation to the Riverhead Police Department for the Purchase of Jerseys for Police Athletic League,APPROVE ADOPTED [UNANIMOUS],True,Kenneth Rothwell,Robert Kern,,aye,aye,aye,aye,aye
"August 5, 2025",2,2025-645,Water District Capital Project #82126 Budget Adjustment,APPROVE ADOPTED [UNANIMOUS],True,Robert Kern,Denise Merrifield,,aye,aye,aye,aye,aye
"August 5, 2025",3,2025-646,Budget Amendment for Capital Project #72306- Veteran’s Memorial Park Bike Path Restoration,APPROVE ADOPTED [UNANIMOUS],True,Denise Merrifield,Joann Waski,,aye,aye,aye,aye,aye
"August 5, 2025",4,2025-647,Authorize Budget Adjustment for Settlement Offer to Tenant of 127 East Main Street (SNR Bar 25 Corp),APPROVE ADOPTED [UNANIMOUS],True,Joann Waski,Kenneth Rothwell,,aye,aye,aye,aye,aye
"August 5, 2025",5,2025-648,2024 Budget Transfers,APPROVE ADOPTED [UNANIMOUS],True,Kenneth Rothwell,Robert Kern,,aye,aye,aye,aye,aye
"August 5, 2025",6,2025-649,Authorizes the Removal of Fixed Assets,APPROVE ADOPTED [UNANIMOUS],True,Robert Kern,Denise Merrifield,,aye,aye,aye,aye,aye
"August 5, 2025",7,2025-650,Declares Certain Fire Marshal Vehicle Surplus Property and Authorizes Disposal,APPROVE ADOPTED [UNANIMOUS],True,Denise Merrifield,Joann Waski,,aye,aye,aye,aye,aye
"August 5, 2025",8,2025-651,Appoints a Maintenance Mechanic II,APPROVE ADOPTED [UNANIMOUS],True,Joann Waski,Kenneth Rothwell,,aye,aye,aye,aye,aye
"August 5, 2025",9,2025-652,Appoints a Harbormaster,APPROVE ADOPTED [UNANIMOUS],True,Kenneth Rothwell,Robert Kern,,aye,aye,aye,aye,aye
"August 5, 2025",10,2025-653,Appoints a Water Treatment Plant Operator Trainee,APPROVE ADOPTED [UNANIMOUS],True,Robert Kern,Denise Merrifield,,aye,aye,aye,aye,aye
"August 5, 2025",11,2025-654,Appoints a Call-In Park Attendant to the Recreation Department,APPROVE ADOPTED [UNANIMOUS],True,Denise Merrifield,Joann Waski,,aye,aye,aye,aye,aye
"August 5, 2025",12,2025-655,Ratifies the appointment of a Call-In Recreation Specialist to the Recreation Department,APPROVE ADOPTED [UNANIMOUS],True,Joann Waski,Kenneth Rothwell,,aye,aye,aye,aye,aye
"August 5, 2025",13,2025-656,Ratifies the appointment of a Seasonal Recreation Aide to the Recreation Department,APPROVE ADOPTED [UNANIMOUS],True,Kenneth Rothwell,Robert Kern,,aye,aye,aye,aye,aye
"August 5, 2025",14,2025-657,Ratifies the Resignation of a Senior Wastewater Treatment Plant Operator IIA,APPROVE ADOPTED [UNANIMOUS],True,Robert Kern,Denise Merrifield,,aye,aye,aye,aye,aye
"August 5, 2025",15,2025-658,Ratifies and Accepts the Resignation of a Traffic Control Specialist,APPROVE ADOPTED [UNANIMOUS],True,Denise Merrifield,Joann Waski,,aye,aye,aye,aye,aye
"August 5, 2025",16,2025-659,Ratifies and Accepts the Resignation of a Traffic Control Specialist,APPROVE ADOPTED [UNANIMOUS],True,Joann Waski,Kenneth Rothwell,,aye,aye,aye,aye,aye
"August 5, 2025",17,2025-660,Ratifies the Termination of a Maintenance Mechanic II,APPROVE ADOPTED [UNANIMOUS],True,Kenneth Rothwell,Robert Kern,,aye,aye,aye,aye,aye
"August 5, 2025",18,2025-661,"Authorizes the Demolition of a Dangerous and Unsafe Structure at 40 17th Street, Wading River, NY, SCTM # 0600-0052.00-02.00-023.100 Pursuant to Chapter 217, Article IV of the Riverhead Town Code",APPROVE ADOPTED [UNANIMOUS],True,Robert Kern,Denise Merrifield,,aye,aye,aye,aye,aye
"August 5, 2025",19,2025-662,Extending Blighted Property Registration Fee for 330 Baywood Drive (sctm #0600-040.00-6-1) Pursuant to §217-112(d) for the 2024-2025 Tax Year,APPROVE ADOPTED [UNANIMOUS],True,Denise Merrifield,Joann Waski,,aye,aye,aye,aye,aye
"August 5, 2025",20,2025-663,Adopts the Town of Riverhead Title VI Plan Related to Federal Funding Assistance to Local Government Entities,APPROVE ADOPTED [UNANIMOUS],True,Joann Waski,Kenneth Rothwell,,aye,aye,aye,aye,aye
"August 5, 2025",21,2025-664,Authorizes Funding Application to the Dormitory Authority of New York State for Capital Improvements to the George Young Community Center,APPROVE ADOPTED [UNANIMOUS],True,Kenneth Rothwell,Robert Kern,,aye,aye,aye,aye,aye
"August 5, 2025",22,2025-665,"Approves Fireworks Application for Riverhead Raceway (August 9, 2025/Rain Date August 16, 2025)",APPROVE ADOPTED [UNANIMOUS],True,Robert Kern,Denise Merrifield,,aye,aye,aye,aye,aye
"August 5, 2025",23,2025-666,"Approves Fireworks Application for Baiting Hollow Club (August 23, 2025)",APPROVE ADOPTED [UNANIMOUS],True,Denise Merrifield,Joann Waski,,aye,aye,aye,aye,aye
"August 5, 2025",24,2025-667,"Approves Fireworks Application for Lisa and Richard Baker- Annual Summer Celebration (August 16, 2025)",APPROVE ADOPTED [UNANIMOUS],True,Joann Waski,Kenneth Rothwell,,aye,aye,aye,aye,aye
"August 5, 2025",25,2025-668,"Approves Special Event Chapter 255 Application for Waterdrinker Farm Garlic Festival (September 13-14, 2025)",APPROVE ADOPTED [UNANIMOUS],True,Kenneth Rothwell,Robert Kern,,aye,aye,aye,aye,aye
"August 5, 2025",26,2025-669,Approves Special Event Chapter 255 Application for Kenneth Rothwell (Friends of Ken Rothwell Concert Event),APPROVE ADOPTED [4 - 0],True,Robert Kern,Denise Merrifield,,aye,aye,aye,absent,aye
"August 5, 2025",27,2025-670,Approves Special Event Chapter 255 Application for Riverhead Lions Club (Music for Meals),APPROVE ADOPTED [UNANIMOUS],True,Denise Merrifield,Joann Waski,,aye,aye,aye,aye,aye
"August 5, 2025",28,2025-671,Approves Special Event Chapter 255 Application for Riverhead Polish Hall (Polish Festival),APPROVE ADOPTED [UNANIMOUS],True,Joann Waski,Kenneth Rothwell,,aye,aye,aye,aye,aye
"August 5, 2025",29,2025-672,Designates Alcohol Service Vendor To Service Alcohol At The “Polish Town Street Fair And Festival 2025”,APPROVE ADOPTED [UNANIMOUS],True,Kenneth Rothwell,Robert Kern,,aye,aye,aye,aye,aye
"August 5, 2025",30,2025-673,Authorizes The Supervisor to Execute an Agreement Authorizing the Town to Accept Funds from Suffolk County Office for The Aging to Supplement the Town’s Expanded In-Home Services for the Elderly Program,APPROVE ADOPTED [UNANIMOUS],True,Robert Kern,Denise Merrifield,,aye,aye,aye,aye,aye
"August 5, 2025",31,2025-674,Ratifies Authorization For Supervisor To Execute An Agreement Between The Town Of Riverhead And The Riverhead Police Benevolent Association And Superior Officers Association,APPROVE ADOPTED [UNANIMOUS],True,Denise Merrifield,Joann Waski,,aye,aye,aye,aye,aye
"August 5, 2025",32,2025-675,Authorizes the Supervisor to Execute Short Term Runway Use Agreement for Race Track Not Street 2025 Summer Motorsports Racing Series,APPROVE ADOPTED [UNANIMOUS],True,Joann Waski,Kenneth Rothwell,,aye,aye,aye,aye,aye
"August 5, 2025",33,2025-676,Authorizes the Supervisor to Execute Short Term Runway Use Agreement for Race Track Not Street 2025 Fall Motorsports Racing Series,APPROVE ADOPTED [UNANIMOUS],True,Kenneth Rothwell,Robert Kern,,aye,aye,aye,aye,aye
"August 5, 2025",34,2025-677,Authorizes Agreement Nunc Pro Tunc with Queues Enforth Development Inc.,APPROVE ADOPTED [UNANIMOUS],True,Robert Kern,Denise Merrifield,,aye,aye,aye,aye,aye
"August 5, 2025",35,2025-678,"Authorizes Town Clerk To Publish And Post Public Notice To Amend Chapter 301 Titled ""Zoning and Land Development, Part 4. Subdivision and Land Development, Article LVI. Site Plan Review”",APPROVE ADOPTED [UNANIMOUS],True,Denise Merrifield,Joann Waski,,aye,aye,aye,aye,aye
"August 5, 2025",36,2025-679,Adopts a Local Law to Amend Chapter 269 of the Riverhead Town Code Titled “Shopping Carts”,APPROVE ADOPTED [UNANIMOUS],True,Joann Waski,Kenneth Rothwell,,aye,aye,aye,aye,aye
"August 5, 2025",37,2025-680,"Adopts a Local Law to Amend Chapter 217 of the Riverhead Town Code Titled “Buildings, Building Construction and Improvements and Housing Standards”, Part 1. Administration and Enforcement of Uniform Code, Article I. Administration and Enforcement""",APPROVE ADOPTED [UNANIMOUS],True,Kenneth Rothwell,Robert Kern,,aye,aye,aye,aye,aye
"August 5, 2025",38,2025-681,"Authorizes Town Clerk to Post and Publish Notice of Public Hearing to Amend Town Code Chapter 301, Article XXII: Shopping Center (SC) Zoning Use District",APPROVE ADOPTED [UNANIMOUS],True,Robert Kern,Denise Merrifield,,aye,aye,aye,aye,aye
"August 5, 2025",39,2025-682,"Authorizes Town Clerk to Publish and Post Public Notice to Consider a Local Law to Amend Chapter 289 of the Riverhead Town Code Titled “Vehicles, Traffic and Parking Regulations”, Article VI “Penalties”",APPROVE ADOPTED [UNANIMOUS],True,Denise Merrifield,Joann Waski,,aye,aye,aye,aye,aye
"August 5, 2025",40,2025-683,"Authorizes Town Clerk to Publish and Post Public Notice to Consider a Local Law to Amend Chapter 231 of the Riverhead Town Code Titled “Fire Prevention”, Article XXIV “Penalties for Offenses”",APPROVE ADOPTED [UNANIMOUS],True,Joann Waski,Kenneth Rothwell,,aye,aye,aye,aye,aye
"August 5, 2025",41,2025-684,"Schedules a Public Hearing Regarding the Unsafe Structure Located at 39 Pye Lane, Jamesport, New York, SCTM # 0600-070.00- 01.00-022.000 Pursuant to Chapter 217, Part 4, Article IV of the Riverhead Town Code",APPROVE ADOPTED [UNANIMOUS],True,Kenneth Rothwell,Robert Kern,,aye,aye,aye,aye,aye
"August 5, 2025",42,2025-685,Authorizes the Town Clerk to Publish and Post Notice to Bidders for Streetlighting Materials for the Riverfront,APPROVE ADOPTED [UNANIMOUS],True,Robert Kern,Denise Merrifield,,aye,aye,aye,aye,aye
"August 5, 2025",43,2025-686,"Authorizes Town Clerk to Post and Publish Notice of Public Hearing to Amend Town Code Chapter 301, Article XLV: Supplementary Use Regulations",APPROVE ADOPTED [UNANIMOUS],True,Denise Merrifield,Joann Waski,,aye,aye,aye,aye,aye
"August 5, 2025",44,2025-687,"Authorize Town Clerk to Publish and Post Public Notice to Consider a Local Law to Amend Chapter 251, Article I of the Riverhead Town Code Titled “Noise”",APPROVE ADOPTED [UNANIMOUS],True,Joann Waski,Kenneth Rothwell,,aye,aye,aye,aye,aye
"August 5, 2025",45,2025-688,Authorizes Town Clerk to Publish and Post Notice of Public Hearing to consider the Adoption of a Local Law to Amend Part III: Zoning and Land Development of the Town Code of the Town of Riverhead to Include Chapter 304: Moratorium on Cannabis Retail Establishments and Cannabis On-Site Consumption Establishments.,APPROVE ADOPTED [UNANIMOUS],True,Kenneth Rothwell,Robert Kern,,aye,aye,aye,aye,aye
"August 5, 2025",46,2025-689,"Authorizes Town Clerk to Post and Publish Notice of Public Hearing to Amend Town Code Chapter 301, Article XVIII: Business Center (BC) Zoning Use District",APPROVE ADOPTED [UNANIMOUS],True,Robert Kern,Denise Merrifield,,aye,aye,aye,aye,aye
"August 5, 2025",47,2025-690,"Ratifies Authorization for a Public Hearing For The Purpose Of Conducting The ""Monroe Balancing Test"" For The Suffolk County Water Authority’s Proposed North Fork Water Main Extension Project",APPROVE ADOPTED [UNANIMOUS],True,Denise Merrifield,Joann Waski,,aye,aye,aye,aye,aye
"August 5, 2025",48,2025-691,Awards Re-Bid for Installation of Water Main and Appurtances 205 Osborne Ave,APPROVE ADOPTED [UNANIMOUS],True,Joann Waski,Kenneth Rothwell,,aye,aye,aye,aye,aye
"August 5, 2025",49,2025-692,Awards Bid for Disposal and Recycling of Municipal Solid Waste,APPROVE ADOPTED [UNANIMOUS],True,Kenneth Rothwell,Robert Kern,,aye,aye,aye,aye,aye
"August 5, 2025",50,2025-693,Awards Re-Bid for Lubricants,APPROVE ADOPTED [UNANIMOUS],True,Robert Kern,Denise Merrifield,,aye,aye,aye,aye,aye
"August 5, 2025",51,2025-694,Pays Bills,APPROVE ADOPTED [UNANIMOUS],True,Denise Merrifield,Joann Waski,,aye,aye,aye,aye,aye
"August 5, 2025",52,2025-695,Authorizes Town Attorney To Retain Special Counsel For Perfection Of An Appeal,APPROVE ADOPTED [UNANIMOUS],True,Joann Waski,Kenneth Rothwell,,aye,aye,aye,aye,aye
"August 5, 2025",53,2025-696,"A Resolution Of The Town Of Riverhead, As Legislative Body For The Town Of Riverhead And Governing Body Of The Community Development Agency, Designating J. Petrocelli Riverhead Town Square, LLC. As A Qualified And Eligible Sponsor For The Purchase And Development Of Portions Of Town-Owned Property Described As SCTM #0600-129-1-Lots 13, 14 ,15 And SCTM #0600-128-6-86.1) Located On The South Side Of Main Street, Riverhead, New York",APPROVE ADOPTED [UNANIMOUS],True,Kenneth Rothwell,Robert Kern,,aye,aye,aye,aye,aye
"August 5, 2025",54,2025-697,"Authorizing Conveyance Of A Portion Of Property (Approximately 2,785 Sq. Ft.) Described As Sctm #0600-129-1-P/O23 From Riverhead Public Parking District #1 To The Town Of Riverhead",APPROVE ADOPTED [UNANIMOUS],True,Robert Kern,Denise Merrifield,,aye,aye,aye,aye,aye
"August 5, 2025",55,2025-698,"Budget Adoption for the Removal of Weeds, Yard Waste, Litter, Garbage/Refuse, Rubbish Upon the Premises Known as 262 Hulse Ave, Wading River, New York",APPROVE ADOPTED [UNANIMOUS],True,Denise Merrifield,Joann Waski,,aye,aye,aye,aye,aye
"July 15, 2025",1,2025-610,Capital Project # 72509 - Resurfacing of the Pickleball Courts at Veteran's Memorial Park,ADOPTED,True,Robert Kern,Denise Merrifield,,aye,aye,aye,,aye
"July 15, 2025",2,2025-611,Budget Adoption CP 72510 Federal HUD HOME Funds,ADOPTED,True,Robert Kern,Denise Merrifield,,aye,aye,aye,,aye
"July 15, 2025",3,2025-612,Ratifies the Acceptance of a Cargo Truck for use by the Police Department,ADOPTED,True,Denise Merrifield,Joann Waski,,aye,aye,aye,,aye
"July 15, 2025",4,2025-613,Appoints a Part-Time Court Officer,ADOPTED,True,Joann Waski,Tim Hubbard,,aye,aye,aye,,aye
"July 15, 2025",5,2025-614,Appoints a Part-Time Court Officer,ADOPTED,True,Tim Hubbard,Robert Kern,,aye,aye,aye,,aye
"July 15, 2025",6,2025-615,Appoints a Call-In Chaperone to the Recreation Department,ADOPTED,True,Robert Kern,Denise Merrifield,,aye,aye,aye,,aye
"July 15, 2025",7,2025-616,Ratifies the appointment of a Seasonal Recreation Aide to the Recreation Department,ADOPTED,True,Denise Merrifield,Joann Waski,,aye,aye,aye,,aye
"July 15, 2025",8,2025-617,Promotes an Employee to a Maintenance Mechanic IV,ADOPTED,True,Joann Waski,Tim Hubbard,,aye,aye,aye,,aye
"July 15, 2025",9,2025-618,Ratifies the Reclassification of a Maintenance Mechanic II to a Maintenance Mechanic III,ADOPTED,True,Tim Hubbard,Robert Kern,,aye,aye,aye,,aye
"July 15, 2025",10,2025-619,Ratifies the Resignation of A Call-In Food Service Worker,ADOPTED,True,Robert Kern,Denise Merrifield,,aye,aye,aye,,aye
"July 15, 2025",11,2025-620,Authorizes the Submission of a Youth Mentoring Grant,ADOPTED,True,Denise Merrifield,Joann Waski,,aye,aye,aye,,aye
"July 15, 2025",12,2025-621,Authorizes Funding Application to New York State for Consolidated Funding Application (CFA) 2025 - Riverfront Amphitheater,ADOPTED,True,Joann Waski,Tim Hubbard,,aye,aye,aye,,aye
"July 15, 2025",13,2025-622,Approves Special Event Chapter 255 Application of Iglesia Pentecostal Familia de Dias Prayer Walk,ADOPTED,True,Tim Hubbard,Robert Kern,,aye,aye,aye,,aye
"July 15, 2025",14,2025-623,Approves Special Event Chapter 255 Application for The Darkside Productions (The Darkside Haunted House),ADOPTED,True,Robert Kern,Denise Merrifield,,aye,aye,aye,,aye
"July 15, 2025",15,2025-624,Approves Special Event Chapter 255 Application for Wading River Chamber of Commerce (Fall Festival),ADOPTED,True,Denise Merrifield,Joann Waski,,aye,aye,aye,,aye
"July 15, 2025",16,2025-625,"Approves Special Event Chapter 255 Application for Foodie Fest Productions (Annual Summer Foodie Fest at Tanger Outlets August 30 and August 31, 2025)",ADOPTED,True,Joann Waski,Tim Hubbard,,aye,aye,aye,,aye
"July 15, 2025",17,2025-626,Approves Special Event Chapter 255 Application for Hallockville Museum Farm (Country Fair),ADOPTED,True,Tim Hubbard,Robert Kern,,aye,aye,aye,,aye
"July 15, 2025",18,2025-627,Approves Special Event Chapter 255 Application for Riverhead Police Department (National Night Out and BBQ),ADOPTED,True,Tim Hubbard,Robert Kern,,aye,aye,aye,,aye
"July 15, 2025",19,2025-628,Approves Special Event Chapter 255 Application for The Riverhead Railroad Museum (Riverhead Railroad Festival 2025),ADOPTED,True,Denise Merrifield,Joann Waski,,aye,aye,aye,,aye
"July 15, 2025",20,2025-629,"Schedules a Public Hearing Regarding the Unsafe Structure Located at 40 17th Street, Wading River, New York, SCTM # 0600- 0052.00-02.00-023.100 Pursuant to Chapter 217, Article IV of the Riverhead Town Code",ADOPTED,True,Joann Waski,Tim Hubbard,,aye,aye,aye,,aye
"July 15, 2025",21,2025-630,"Adopts a Local Law Amending Chapter 105 of the Riverhead Town Code Entitled “boards, commissions and councils”, article xviii, “traffic violations bureau: liability for failure to stop for school buses”",ADOPTED,True,Tim Hubbard,Robert Kern,,aye,aye,aye,,aye
"July 15, 2025",22,2025-631,Authorizes the Town Clerk to Publish and Post Notice to Bidders for Fertilizer and Lawn Chemicals,ADOPTED,True,Robert Kern,Denise Merrifield,,aye,aye,aye,,aye
"July 15, 2025",23,2025-632,Authorizes the Town Clerk to Publish and Post Notice to Bidders for Police Uniform Items,ADOPTED,True,Denise Merrifield,Joann Waski,,aye,aye,aye,,aye
"July 15, 2025",24,2025-633,Rejects Bids for Annual Procurement Contract and Authorizes the Town Clerk to Publish and Post Notice to Bidders for Re-Bid for Annual Procurement Contract,ADOPTED,True,Joann Waski,Tim Hubbard,,aye,aye,aye,,aye
"July 15, 2025",25,2025-634,Awards Bid for Street Lighting and Traffic Signal Maintenance Repair Parts,ADOPTED,True,Tim Hubbard,Robert Kern,,aye,aye,aye,,aye
"July 15, 2025",26,2025-635,Authorizes the Town of Riverhead Superintendent of Sewer/Waste Water to Make Application to State of Pennsylvania Regulatory Authority for Sludge Cake Disposal,ADOPTED,True,Robert Kern,Denise Merrifield,,aye,aye,aye,,aye
"July 15, 2025",27,2025-636,Extends Agreement for Youngs Avenue Landfill Maintenance and Monitoring,ADOPTED,True,Denise Merrifield,Joann Waski,,aye,aye,aye,,aye
"July 15, 2025",28,2025-637,Authorizes Supervisor to Execute Professional Services Agreement with H2M Architects and Engineers for a Class A Biosolids Upgrade Project,ADOPTED,True,Joann Waski,Tim Hubbard,,aye,aye,aye,,aye
"July 15, 2025",29,2025-638,Pays Bills 7/3/25,ADOPTED,True,Tim Hubbard,Joann Waski,,aye,aye,aye,,aye
"July 15, 2025",30,2025-639,Approves Riverhead Beach Advisory Committee Recommendation and Request for Live Music at Wading River Beach,ADOPTED,True,Robert Kern,Denise Merrifield,,aye,aye,aye,,aye
"July 15, 2025",31,2025-640,"Authorizes Town Clerk to Post and Publish Notice of Public Hearing to Amend Town Code Chapter 301, Article XVIIIA entitled ""Community Benefit Zoning Use District (CBD)""",ADOPTED,True,Denise Merrifield,Joann Waski,,aye,aye,aye,,aye
"July 15, 2025",32,2025-641,Approves License Agreement with East End Arts,ADOPTED,True,Joann Waski,Tim Hubbard,,aye,aye,aye,,aye
"July 15, 2025",33,2025-642,Approves Special Event Chapter 255 Application for Riverhead Police Department (National Night Out BBQ),ADOPTED,True,Tim Hubbard,Robert Kern,,aye,aye,aye,,aye
"July 1, 2025",1,2025-578,Water District Capital Project #82508 Budget Adoption for LICA Cauliflower Square,ADOPTED [UNANIMOUS],True,Kenneth Rothwell,Robert Kern,,aye,aye,aye,aye,aye
"July 1, 2025",2,2025-579,Approves Riverhead Beach Advisory Committee Recommendation and Request for Live Music at South Jamesport Beach,ADOPTED [UNANIMOUS],True,Robert Kern,Denise Merrifield,,aye,aye,aye,aye,aye
"July 1, 2025",3,2025-580,Appoints Public Safety Dispatchers to the Police Department,ADOPTED [UNANIMOUS],True,Denise Merrifield,Joann Waski,,aye,aye,aye,aye,aye
"July 1, 2025",4,2025-581,Appoints a Seasonal Park Attendant to the Recreation Department,ADOPTED [UNANIMOUS],True,Joann Waski,Kenneth Rothwell,,aye,aye,aye,aye,aye
"July 1, 2025",5,2025-582,Appoints a Seasonal Recreation Aide to the Recreation Department,ADOPTED [UNANIMOUS],True,Kenneth Rothwell,Robert Kern,,aye,aye,aye,aye,aye
"July 1, 2025",6,2025-583,Ratifies the Appointment of a Seasonal Recreation Aide to the Recreation Department,ADOPTED [UNANIMOUS],True,Robert Kern,Denise Merrifield,,aye,aye,aye,aye,aye
"July 1, 2025",7,2025-584,Ratifies the Appointment of a Call-In Chaperone to the Recreation Department,ADOPTED [UNANIMOUS],True,Denise Merrifield,Joann Waski,,aye,aye,aye,aye,aye
"July 1, 2025",8,2025-585,Accepts the Retirement of a Water Treatment Plant Operator IIB,ADOPTED [UNANIMOUS],True,Joann Waski,Kenneth Rothwell,,aye,aye,aye,aye,aye
"July 1, 2025",9,2025-586,Authorizes the Chief of Police to Execute an Agreement with Riverhead Community Awareness Program Inc.,ADOPTED [UNANIMOUS],True,Kenneth Rothwell,Robert Kern,,aye,aye,aye,aye,aye
"July 1, 2025",10,2025-587,Authorizes the Supervisor to Execute an Agreement Authorizing the Town to Accept Funds from Suffolk County Office for the Aging to Supplement the Town’s Shopping Assistance Program for the Elderly 2025,ADOPTED [UNANIMOUS],True,Robert Kern,Denise Merrifield,,aye,aye,aye,aye,aye
"July 1, 2025",11,2025-588,Authorizes Supervisor to Sign License Agreement with Manufacturers and Traders Trust Company for an Automated Teller Machine (ATM) in the Lobby of the Riverhead Justice Court,ADOPTED [UNANIMOUS],True,Denise Merrifield,Joann Waski,,aye,aye,aye,aye,aye
"July 1, 2025",12,2025-589,Ratifies Authorization for the Supervisor to Execute a Stipulation with an Employee,ADOPTED [UNANIMOUS],True,Joann Waski,Kenneth Rothwell,,aye,aye,aye,aye,aye
"July 1, 2025",13,2025-590,Ratifies Authorization for the Community Development Department to Apply for a Grant,ADOPTED [UNANIMOUS],True,Kenneth Rothwell,Robert Kern,,aye,aye,aye,aye,aye
"July 1, 2025",14,2025-591,"Acceptance of $1,400,000 NYS ESD CFA Grant for Town Square Riverfront Amphitheater",ADOPTED [UNANIMOUS],True,Robert Kern,Denise Merrifield,,aye,aye,aye,aye,aye
"July 1, 2025",15,2025-592,"Grants Special Permit, Preliminary & Final Site Plan Approval for The Site Plan and Special Permit Applications Entitled Calverton Satellite Earth Station 317-391 Burman Blvd, Calverton NY SCTM No. 600-135.20-1-16",ADOPTED [UNANIMOUS],True,Denise Merrifield,Joann Waski,,aye,aye,aye,aye,aye
"July 1, 2025",16,2025-593,Authorizes Town Clerk to Publish and Post Notice to Bidders for Ford Auto Parts,ADOPTED [UNANIMOUS],True,Joann Waski,Kenneth Rothwell,,aye,aye,aye,aye,aye
"July 1, 2025",17,2025-594,Authorizes Town Clerk to Publish and Post Notice to Bidders for Auto Parts,ADOPTED [UNANIMOUS],True,Kenneth Rothwell,Robert Kern,,aye,aye,aye,aye,aye
"July 1, 2025",18,2025-595,Authorizes Town Clerk to Publish and Post Notice to Bidders for Truck Parts,ADOPTED [UNANIMOUS],True,Robert Kern,Denise Merrifield,,aye,aye,aye,aye,aye
"July 1, 2025",19,2025-596,Authorizes the Town Clerk to Publish and Post for Request for Proposals #2 for the Sale of 214 Griffing Avenue,ADOPTED [UNANIMOUS],True,Denise Merrifield,Joann Waski,,aye,aye,aye,aye,aye
"July 1, 2025",20,2025-597,Awards Bid for Corrosion Control Chemical (PO4),ADOPTED [UNANIMOUS],True,Joann Waski,Kenneth Rothwell,,aye,aye,aye,aye,aye
"July 1, 2025",21,2025-598,Approves Fireworks Application for Jamesport Fire Department (7/19/2025),ADOPTED [UNANIMOUS],True,Robert Kern,Denise Merrifield,,aye,aye,aye,aye,aye
"July 1, 2025",22,2025-599,"Resolution Calling for a Public Hearing on the Town of Riverhead, as Legislative Body for the Town of Riverhead and Governing Body of the Community Development Agency, Designation of J. Petrocelli Riverhead Town Square, LLC. as a Qualified and Eligible Sponsor for the Purchase and Development of a Portion of Town-Owned Property Described as Sctm# 0600-129-1-Lots 13, 14 ,15 and Sctm# 0600-128-6-86.1) Located on the South Side of Main Street, Riverhead, New York",ADOPTED [UNANIMOUS],True,Joann Waski,Kenneth Rothwell,,aye,aye,aye,aye,aye
"July 1, 2025",23,2025-600,"Resolution Calling for a Public Hearing for the Town of Riverhead, as Legislative Body for the Town of Riverhead Parking District #1, to Convey a Portion of Property (Approximately 2,785 Sq. Ft) Described as SCTM# 0600-129-1-P/O 23 to the Town of Riverhead",ADOPTED [UNANIMOUS],True,Denise Merrifield,Joann Waski,,aye,aye,aye,aye,aye
"July 1, 2025",24,2025-601,"Adopts a Local Law to Amend Chapter 289 of the Riverhead Town Code Titled “Vehicles, Traffic and Parking Regulations” Section 10 Thereof “Parking Prohibited”",ADOPTED [UNANIMOUS],True,Kenneth Rothwell,Robert Kern,,aye,aye,aye,aye,aye
"July 1, 2025",25,2025-602,Pays Bills,ADOPTED [UNANIMOUS],True,Robert Kern,Denise Merrifield,,aye,aye,aye,aye,aye
"July 1, 2025",26,2025-603,Approves Fireworks Application for Island Water Park (7.5.2025),ADOPTED [4 TO 1],True,Robert Kern,Denise Merrifield,,aye,aye,nay,aye,aye
"July 1, 2025",27,2025-604,"Authorizes the Supervisor to Execute a Professional Services Agreement with Glass and Signs Etc, Inc.",ADOPTED [UNANIMOUS],True,Denise Merrifield,Joann Waski,,aye,aye,aye,aye,aye
"July 1, 2025",28,2025-605,"Adopts Local Law to Amend Chapter 301 Zoning and Land Development, Part 3 Supplementary Use Regulations, Article LIIC Cannabis, §301-283.20. Location and Number of Permitted Retail and On-Site Consumption Establishments and §301-283.25 When Effective",ADOPTED [UNANIMOUS],True,Joann Waski,Kenneth Rothwell,,aye,aye,aye,aye,aye
"July 1, 2025",29,2025-606,Ratifies Authorization for the Supervisor to Execute a Stipulation with an Employee,ADOPTED [UNANIMOUS],True,Kenneth Rothwell,Robert Kern,,aye,aye,aye,aye,aye
"July 1, 2025",30,2025-607,Approves Fireworks Application for Main Street Agency (7/18/25),ADOPTED [UNANIMOUS],True,Robert Kern,Denise Merrifield,,aye,aye,aye,aye,aye
"July 1, 2025",31,2025-608,"Amends Resolution #407 Adopted on May 5, 2009 to Reflect the Town Board of the Town of Riverhead Consent to Substitute the Dexus Project, Inc. as Development Partner with County with All Such Rights to Own, Lease or Improve Property Described as Sctm#0600-125- 1-5.2 Purchased by the County of Suffolk with Greenways Funding",TABLED [UNANIMOUS] Next: 11/6/2025 2:00 PM,False,Kenneth Rothwell,Joann Waski,,aye,aye,aye,aye,aye
"July 1, 2025",32,2025-609,Authorizes the Town Attorney to Execute a Retainer Agreement with Brewer Attorneys & Counselors,ADOPTED [UNANIMOUS],True,Joann Waski,Kenneth Rothwell,,aye,aye,aye,aye,aye
"June 17, 2025",1,2025-511,Ratifies Acceptance of Donation of Mulch from Delea Sod Farms,ADOPTED [UNANIMOUS],True,Kenneth Rothwell,Robert Kern,,aye,aye,aye,aye,aye
"June 17, 2025",2,2025-512,Ratifies Acceptance of Donation of Flowers from Gabrielsen Farms,ADOPTED [UNANIMOUS],True,Robert Kern,Denise Merrifield,,aye,aye,aye,aye,aye
"June 17, 2025",3,2025-513,Ratifies Acceptance of Donation of Flagpole from Bianchi- Davis Greenhouse,ADOPTED [UNANIMOUS],True,Denise Merrifield,Joann Waski,,aye,aye,aye,aye,aye
"June 17, 2025",4,2025-514,Capital Project #82002 Town of Riverhead Comprehensive Master Plan Closure,ADOPTED [UNANIMOUS],True,Joann Waski,Kenneth Rothwell,,aye,aye,aye,aye,aye
"June 17, 2025",5,2025-515,Capital Project #72325 Wading River Swing Set Closure,ADOPTED [UNANIMOUS],True,Kenneth Rothwell,Robert Kern,,aye,aye,aye,aye,aye
"June 17, 2025",6,2025-516,Capital Project #72220 Cupola at George Young Community Center Closure,ADOPTED [UNANIMOUS],True,Robert Kern,Denise Merrifield,,aye,aye,aye,aye,aye
"June 17, 2025",7,2025-517,Capital Project #71907 Weeping Willow Park Closure,ADOPTED [UNANIMOUS],True,Denise Merrifield,Joann Waski,,aye,aye,aye,aye,aye
"June 17, 2025",8,2025-518,Capital Project #44035 Downtown Revitalization Led Lighting Closure,ADOPTED [UNANIMOUS],True,Joann Waski,Kenneth Rothwell,,aye,aye,aye,aye,aye
"June 17, 2025",9,2025-519,Capital Project #44036 Downtown Revitalization Led Lighting Closure,ADOPTED [UNANIMOUS],True,Kenneth Rothwell,Robert Kern,,aye,aye,aye,aye,aye
"June 17, 2025",10,2025-520,Capital Project #31901 Security Cameras Closure,ADOPTED [UNANIMOUS],True,Robert Kern,Denise Merrifield,,aye,aye,aye,aye,aye
"June 17, 2025",11,2025-521,Sewer District Capital Project #82230 – Commercial Car Wash Closure,ADOPTED [UNANIMOUS],True,Denise Merrifield,Joann Waski,,aye,aye,aye,aye,aye
"June 17, 2025",12,2025-522,Sewer Capital Project #20017 – EPCAL Sewer Improvement Closure,ADOPTED [UNANIMOUS],True,Joann Waski,Kenneth Rothwell,,aye,aye,aye,aye,aye
"June 17, 2025",13,2025-523,Town Hall Improvements Project #12223 4-6 West Second Street Closure,ADOPTED [UNANIMOUS],True,Kenneth Rothwell,Robert Kern,,aye,aye,aye,aye,aye
"June 17, 2025",14,2025-524,Water Capital Project #82411 – East End Food Institute Closure,ADOPTED [UNANIMOUS],True,Robert Kern,Denise Merrifield,,aye,aye,aye,aye,aye
"June 17, 2025",15,2025-525,Water Capital Project #82327 – 105 Pier Ave Hydrant Closure,ADOPTED [UNANIMOUS],True,Denise Merrifield,Joann Waski,,aye,aye,aye,aye,aye
"June 17, 2025",16,2025-526,Water Capital Project #82224 – Holly Tree Subdivision Closure,ADOPTED [UNANIMOUS],True,Joann Waski,Kenneth Rothwell,,aye,aye,aye,aye,aye
"June 17, 2025",17,2025-527,Water Capital Project #60092 – Bolla Edwards Avenue Realty LLC Closure,ADOPTED [UNANIMOUS],True,Kenneth Rothwell,Robert Kern,,aye,aye,aye,aye,aye
"June 17, 2025",18,2025-528,Water District Capital Project #82408 – 1792 Middle Rd Calverton – Breezy Hill Industrial Closure,ADOPTED [UNANIMOUS],True,Robert Kern,Denise Merrifield,,aye,aye,aye,aye,aye
"June 17, 2025",19,2025-529,Water District Capital Project #82318 – 360 West Lane Closure,ADOPTED [UNANIMOUS],True,Denise Merrifield,Joann Waski,,aye,aye,aye,aye,aye
"June 17, 2025",20,2025-530,Water District Capital Project #82334 – 4195 Middle Country Rd Closure,ADOPTED [UNANIMOUS],True,Joann Waski,Kenneth Rothwell,,aye,aye,aye,aye,aye
"June 17, 2025",21,2025-531,Water District Capital Project #82336 – 992 E. Main St. Closure,ADOPTED [UNANIMOUS],True,Kenneth Rothwell,Robert Kern,,aye,aye,aye,aye,aye
"June 17, 2025",22,2025-532,Water District Capital Project #82319 – Merritts Creek Townhouses Closure,ADOPTED [UNANIMOUS],True,Robert Kern,Denise Merrifield,,aye,aye,aye,aye,aye
"June 17, 2025",23,2025-533,Water District Capital Project #82221 – Riverhead Dodge Closure,ADOPTED [UNANIMOUS],True,Denise Merrifield,Joann Waski,,aye,aye,aye,aye,aye
"June 17, 2025",24,2025-534,Water District Capital Project #82207 – U-Haul Facility Closure,ADOPTED [UNANIMOUS],True,Joann Waski,Kenneth Rothwell,,aye,aye,aye,aye,aye
"June 17, 2025",25,2025-535,Water District Capital Project #82205 – North Point Development Closure,ADOPTED [UNANIMOUS],True,Kenneth Rothwell,Robert Kern,,aye,aye,aye,aye,aye
"June 17, 2025",26,2025-536,Water District Capital Project #82202 – Purple Beech Realty LLC Closure,ADOPTED [UNANIMOUS],True,Robert Kern,Denise Merrifield,,aye,aye,aye,aye,aye
"June 17, 2025",27,2025-537,Water District Capital Project #82116 – Calverton Industrial Park Closure,ADOPTED [UNANIMOUS],True,Denise Merrifield,Joann Waski,,aye,aye,aye,aye,aye
"June 17, 2025",28,2025-538,Water District Capital Project #82051 – 4285 Middle Country Road Closure,ADOPTED [UNANIMOUS],True,Joann Waski,Kenneth Rothwell,,aye,aye,aye,aye,aye
"June 17, 2025",29,2025-539,Appoints an Intern to the Supervisor’s Office,ADOPTED [UNANIMOUS],True,Kenneth Rothwell,Robert Kern,,aye,aye,aye,aye,aye
"June 17, 2025",30,2025-540,Appoints New Seasonal Employees to the Recreation Department,ADOPTED [UNANIMOUS],True,Robert Kern,Denise Merrifield,,aye,aye,aye,aye,aye
"June 17, 2025",31,2025-541,Ratifies the Promotion of a Wastewater Treatment Plant Operator 3A to a Senior Wastewater Treatment Plant Operator 3A,ADOPTED [UNANIMOUS],True,Denise Merrifield,Joann Waski,,aye,aye,aye,aye,aye
"June 17, 2025",32,2025-542,Ratifies the Resignation of an Automotive Equipment Operator,ADOPTED [UNANIMOUS],True,Joann Waski,Kenneth Rothwell,,aye,aye,aye,aye,aye
"June 17, 2025",33,2025-543,Reappoints Brian Mills to Service as Chairman of the Board of Assessment Review,ADOPTED [UNANIMOUS],True,Kenneth Rothwell,Robert Kern,,aye,aye,aye,aye,aye
"June 17, 2025",34,2025-544,Approves Special Event Chapter 255 Application for New Beginnings Community Inc. (Harvest Fair),ADOPTED [UNANIMOUS],True,Robert Kern,Denise Merrifield,,aye,aye,aye,aye,aye
"June 17, 2025",35,2025-545,"Approves Fireworks Application for Baiting Hollow Club (July 19, 2025)",ADOPTED [UNANIMOUS],True,Denise Merrifield,Joann Waski,,aye,aye,aye,aye,aye
"June 17, 2025",36,2025-546,"Approves Fireworks Application for Riverhead Raceway (June 28, 2025)",ADOPTED [UNANIMOUS],True,Joann Waski,Kenneth Rothwell,,aye,aye,aye,aye,aye
"June 17, 2025",37,2025-547,"Designates a Parcel at 48 Willow Street Sctm# 600-87-1-14 Located in the Town of Riverhead as Open Space, Expends Community Preservation Funds Pursuant to Town Law 64-E in the Amount of $75,000.00 and Approves Budget Transfer to Restore Trust & Agency Funds Designated for Wetland Restoration and Remediation in the Amount of $75,000.00",ADOPTED [UNANIMOUS],True,Kenneth Rothwell,Robert Kern,,aye,aye,aye,aye,aye
"June 17, 2025",38,2025-548,Authorizes Purchase of Dump Truck for Highway Department,ADOPTED [UNANIMOUS],True,Robert Kern,Denise Merrifield,,aye,aye,aye,aye,aye
"June 17, 2025",39,2025-549,Awards Bid for Annual Fire and Security Alarm Contract,ADOPTED [UNANIMOUS],True,Denise Merrifield,Joann Waski,,aye,aye,aye,aye,aye
"June 17, 2025",40,2025-550,Rescinds Resolution #2025-487 ReBid 203-213 East Main Street Sewer Improvements,ADOPTED [UNANIMOUS],True,Joann Waski,Kenneth Rothwell,,aye,aye,aye,aye,aye
"June 17, 2025",41,2025-551,Rejects Bid for Lubricants and Authorizes Town Clerk to Publish and Post Notice to Bidders for Rebid for Lubricants,ADOPTED [UNANIMOUS],True,Kenneth Rothwell,Robert Kern,,aye,aye,aye,aye,aye
"June 17, 2025",42,2025-552,Authorizes the Town Clerk to Publish and Post Notice to Bidders for Liquid Sludge Removal and Disposal,ADOPTED [UNANIMOUS],True,Robert Kern,Denise Merrifield,,aye,aye,aye,aye,aye
"June 17, 2025",43,2025-553,Authorizes the Town Clerk to Publish and Post Notice to Bidders for Grit Screen Waste Removal and Disposal,ADOPTED [UNANIMOUS],True,Denise Merrifield,Joann Waski,,aye,aye,aye,aye,aye
"June 17, 2025",44,2025-554,Authorizes the Town Clerk to Publish and Post Notice to Bidders for Sludgecake Removal and Disposal,ADOPTED [UNANIMOUS],True,Joann Waski,Kenneth Rothwell,,aye,aye,aye,aye,aye
"June 17, 2025",45,2025-555,Authorizes the Town Clerk to Publish and Post Notice to Bidders for Disposal and Recycling of Municipal Solid Waste,ADOPTED [UNANIMOUS],True,Kenneth Rothwell,Robert Kern,,aye,aye,aye,aye,aye
"June 17, 2025",46,2025-556,"Adopts a Local Law to Amend Chapter 251, Article II of the Riverhead Town Code Titled “Public Nuisances”",ADOPTED [UNANIMOUS],True,Robert Kern,Denise Merrifield,,aye,aye,aye,aye,aye
"June 17, 2025",47,2025-557,Adopts a Local Law to Amend Chapter 301 of the Riverhead Town Code Titled “Zoning and Land Development” Section 3 Thereof Titled “Definitions; Word Usage”,ADOPTED [UNANIMOUS],True,Denise Merrifield,Joann Waski,,aye,aye,aye,aye,aye
"June 17, 2025",48,2025-558,Declares Emergency and Authorizes Purchasing Agent to Enter into Temporary Purchasing Agreement for Liquid Sludge Removal and Disposal Services for Sewer District,ADOPTED [UNANIMOUS],True,Joann Waski,Kenneth Rothwell,,aye,aye,aye,aye,aye
"June 17, 2025",49,2025-559,"Authorizes Supervisor to Execute Agreement with Riverhead Volunteer Ambulance Corps, Inc.",ADOPTED [UNANIMOUS],True,Kenneth Rothwell,Robert Kern,,aye,aye,aye,aye,aye
"June 17, 2025",50,2025-560,Authorizes the Supervisor to Execute an Agreement with Family Service League Regarding the Employee Assistance Program,ADOPTED [UNANIMOUS],True,Robert Kern,Denise Merrifield,,aye,aye,aye,aye,aye
"June 17, 2025",51,2025-561,Authorizes the Supervisor to Enter into an Agreement with the CSEA- Zebrowski,ADOPTED [UNANIMOUS],True,Denise Merrifield,Joann Waski,,aye,aye,aye,aye,aye
"June 17, 2025",52,2025-562,"Authorizes the Supervisor to Enter into an Agreement with the CSEA- Smith, J.",ADOPTED [UNANIMOUS],True,Joann Waski,Kenneth Rothwell,,aye,aye,aye,aye,aye
"June 17, 2025",53,2025-563,Authorizes the Supervisor to Enter into an Agreement with the CSEA- Merker,ADOPTED [UNANIMOUS],True,Kenneth Rothwell,Robert Kern,,aye,aye,aye,aye,aye
"June 17, 2025",54,2025-564,Authorizes the Community Development Division to Apply for Funding through U.S. Department of Justice,ADOPTED [UNANIMOUS],True,Robert Kern,Denise Merrifield,,aye,aye,aye,aye,aye
"June 17, 2025",55,2025-565,"Authorizes the Removal of All Weeds in Excess of 10 Inches, Yard Waste, Litter, Garbage/Refuse, Rubbish, Rubbish, Upon the Premises Known as 262 Hulse Avenue, Wading River, New York, Suffolk County Tax Map#: 0600-033.00-05.00-027.000 Pursuant to Riverhead Town Code Chapter 251",ADOPTED [UNANIMOUS],True,Denise Merrifield,Joann Waski,,aye,aye,aye,aye,aye
"June 17, 2025",56,2025-566,"Authorizes the Removal of All Weeds in Excess of 10 Inches, Yard Waste, Litter, Garbage/Refuse, Rubbish, Rubbish, Upon the Premises Known as 219 Hubbard Avenue, Riverhead, New York, Suffolk County Tax Map#: 0600-111.00-04.00-022.000 Pursuant to Riverhead Town Code Chapter 251",ADOPTED [UNANIMOUS],True,Joann Waski,Kenneth Rothwell,,aye,aye,aye,aye,aye
"June 17, 2025",57,2025-567,Pays Bills,ADOPTED [UNANIMOUS],True,Kenneth Rothwell,Robert Kern,,aye,aye,aye,aye,aye
"June 17, 2025",58,2025-568,Sets Terms & Conditions of Employment for a Payroll Supervisor,ADOPTED [UNANIMOUS],True,Robert Kern,Denise Merrifield,,aye,aye,aye,aye,aye
"June 17, 2025",59,2025-569,"Ratifies Resolution for Home Rule Request in Support of Bill (Senate Bill #S.8378-B/Assembly Bill #A.8809-B) for “An Act to Amend Chapter 495 of the Laws of 2011 Relating to the Conveyance of Land Formerly Used as an Armory to the Town of Riverhead, County of Suffolk in Relation to the Use of Such Property”",ADOPTED [UNANIMOUS],True,Denise Merrifield,Joann Waski,,aye,aye,aye,aye,aye
"June 17, 2025",60,2025-570,"Authorizes Town Clerk to Publish and Post Public Notice to Consider an Amendment to Chapter 289-10 Entitled ""Parking Prohibited""",ADOPTED [UNANIMOUS],True,Joann Waski,Kenneth Rothwell,,aye,aye,aye,aye,aye
"June 17, 2025",61,2025-571,"Grants Final Site Plan Approval for the Site Plan Amendment Application of Island Water Park (D/B/A Scott's Pointe) 5835 Middle Country Road, Calverton, NY SCTM No. 600-135-1-7.34",ADOPTED [4 TO 1],True,Kenneth Rothwell,Robert Kern,,aye,aye,nay,aye,aye
"June 17, 2025",62,2025-572,Sewer District Capital Project 82317 Budget Adjustment,ADOPTED [UNANIMOUS],True,Robert Kern,Denise Merrifield,,aye,aye,aye,aye,aye
"June 17, 2025",63,2025-573,"Awards Rebid 203-213 East Main Street Sewer Improvements, Contract S - Sewers",ADOPTED [UNANIMOUS],True,Denise Merrifield,Joann Waski,,aye,aye,aye,aye,aye
"June 17, 2025",64,2025-574,Amends Town Board Resolution 2022-263,ADOPTED [UNANIMOUS],True,Joann Waski,Kenneth Rothwell,,aye,aye,aye,aye,aye
"June 17, 2025",65,2025-575,"Authorizes the Supervisor to Execute an Agreement with the Riverhead Business Improvement District Management Association, Inc. Regarding 2025 Calendar Year Events",ADOPTED [UNANIMOUS],True,Kenneth Rothwell,Robert Kern,,aye,aye,aye,aye,aye
"June 17, 2025",66,2025-576,Authorizes the Riverhead Police Department to Apply for Grant from USDOJ for Body Cameras Software for Language Translation,ADOPTED [UNANIMOUS],True,Joann Waski,Kenneth Rothwell,,aye,aye,aye,aye,aye
"June 17, 2025",67,2025-577,Authorizes the Riverhead Police Department to Apply for USDOJ Grant to Hire Police Officers,ADOPTED [UNANIMOUS],True,Kenneth Rothwell,Robert Kern,,aye,aye,aye,aye,aye
"June 3, 2025",1,2025-467,Water District Capital Project #82424 Budget Adoption for Electrical Upgrade at Plant No. 7,ADOPTED [UNANIMOUS],True,Kenneth Rothwell,Robert Kern,,aye,aye,aye,aye,aye
"June 3, 2025",2,2025-468,Authorizes the Supervisor to Execute an Agreement Authorizing the Town to Accept Funds from Suffolk County Office for the Aging to Supplement the Town’s 2025 Residential Repair Program for the Elderly,ADOPTED [UNANIMOUS],True,Robert Kern,Denise Merrifield,,aye,aye,aye,aye,aye
"June 3, 2025",3,2025-469,Ratifies Acceptance of Donation of Services from Peconic Monument Works,ADOPTED [UNANIMOUS],True,Denise Merrifield,Joann Waski,,aye,aye,aye,aye,aye
"June 3, 2025",4,2025-470,Authorizes Attendance at Seminar by Fire Marshall,ADOPTED [UNANIMOUS],True,Joann Waski,Kenneth Rothwell,,aye,aye,aye,aye,aye
"June 3, 2025",5,2025-471,Ratifies the Authorization for Two Police Officers to Attend a Training,ADOPTED [UNANIMOUS],True,Kenneth Rothwell,Robert Kern,,aye,aye,aye,aye,aye
"June 3, 2025",6,2025-472,Ratifies a Salary Increase for a GIS Technician III,ADOPTED [UNANIMOUS],True,Robert Kern,Denise Merrifield,,aye,aye,aye,aye,aye
"June 3, 2025",7,2025-473,Appoints Seasonal Traffic Control Specialists,ADOPTED [UNANIMOUS],True,Denise Merrifield,Joann Waski,,aye,aye,aye,aye,aye
"June 3, 2025",8,2025-474,Appoints Returning Seasonal Employees to the Recreation Department,ADOPTED [UNANIMOUS],True,Joann Waski,Kenneth Rothwell,,aye,aye,aye,aye,aye
"June 3, 2025",9,2025-475,Appoints New Seasonal Employees to the Recreation Department,ADOPTED [UNANIMOUS],True,Kenneth Rothwell,Robert Kern,,aye,aye,aye,aye,aye
"June 3, 2025",10,2025-476,Reappoints a Temporary Office Assistant to the Tax Receiver's Office,ADOPTED [UNANIMOUS],True,Robert Kern,Denise Merrifield,,aye,aye,aye,aye,aye
"June 3, 2025",11,2025-477,Ratifies the Provisional Appointment of a Junior Civil Engineer,ADOPTED [UNANIMOUS],True,Denise Merrifield,Joann Waski,,aye,aye,aye,aye,aye
"June 3, 2025",12,2025-478,Ratifies the Promotion of a Custodial Worker I to a Custodial Worker III,ADOPTED [UNANIMOUS],True,Joann Waski,Kenneth Rothwell,,aye,aye,aye,aye,aye
"June 3, 2025",13,2025-479,Ratifies the Promotion of a Custodial Worker I to a Custodial Worker II,ADOPTED [UNANIMOUS],True,Kenneth Rothwell,Robert Kern,,aye,aye,aye,aye,aye
"June 3, 2025",14,2025-480,"Ratifies the Reappointment of Members to the Riverhead Farmland Preservation Committee – Rottkamp,",ADOPTED [UNANIMOUS],True,Robert Kern,Denise Merrifield,,aye,aye,aye,aye,aye
"June 3, 2025",15,2025-481,Ratifies the Reappointment of a Member to the Riverhead Farmland Preservation Committee – Scheer,ADOPTED [UNANIMOUS],True,Denise Merrifield,Joann Waski,,aye,aye,aye,aye,aye
"June 3, 2025",16,2025-482,Ratifies the Reappointment of a Member to the Riverhead Farmland Preservation Committee – Schmitt,ADOPTED [UNANIMOUS],True,Joann Waski,Kenneth Rothwell,,aye,aye,aye,aye,aye
"June 3, 2025",17,2025-483,Ratifies the Reappointment of a Member of the Riverhead Farmland Preservation Committee – Wines,ADOPTED [UNANIMOUS],True,Kenneth Rothwell,Robert Kern,,aye,aye,aye,aye,aye
"June 3, 2025",18,2025-484,Ratifies Reappointment of Member to the Parking District Advisory Committee – Sendlewski,ADOPTED [UNANIMOUS],True,Robert Kern,Denise Merrifield,,aye,aye,aye,aye,aye
"June 3, 2025",19,2025-485,Authorizes Supervisor to Execute Agreement with SUSA Soccer Training LLC for Training and Referee Services for Town of Riverhead Police Athletic League Girls and Boys Soccer Program for the Fall 2025 Soccer Season,ADOPTED [UNANIMOUS],True,Denise Merrifield,Joann Waski,,aye,aye,aye,aye,aye
"June 3, 2025",20,2025-486,Awards Bid for Printing and Mailing of Recreation Brochures,ADOPTED [UNANIMOUS],True,Joann Waski,Kenneth Rothwell,,aye,aye,aye,aye,aye
"June 3, 2025",21,2025-487,"Awards Rebid 203-213 East Main Street Sewer Improvements, Contract S - Sewers",ADOPTED [UNANIMOUS],True,Kenneth Rothwell,Robert Kern,,aye,aye,aye,aye,aye
"June 3, 2025",22,2025-488,Authorizes Designated Alcohol Service Vendors to Serve Alcohol at the 2025 “Alive on 25” Street Festival,ADOPTED [UNANIMOUS],True,Robert Kern,Denise Merrifield,,aye,aye,aye,aye,aye
"June 3, 2025",23,2025-489,"Approves Special Event Chapter 255 Application for Foodie Fest Productions, Inc. (Annual Summer Foodie Fest)",ADOPTED [UNANIMOUS],True,Denise Merrifield,Joann Waski,,aye,aye,aye,aye,aye
"June 3, 2025",24,2025-490,Approves Special Event Chapter 255 Application for Rise Life Services (RISE Sensory Garden Ken-Ducky Derby Race),ADOPTED [UNANIMOUS],True,Joann Waski,Kenneth Rothwell,,aye,aye,aye,aye,aye
"June 3, 2025",25,2025-491,Approves Special Event Chapter 255 Application for Jamesport Fire Department (Annual Carnival),ADOPTED [UNANIMOUS],True,Kenneth Rothwell,Robert Kern,,aye,aye,aye,aye,aye
"June 3, 2025",26,2025-492,Approves Special Event Chapter 255 Application for Jamesport Fire Department (Sound to Bay 5K/10K),ADOPTED [UNANIMOUS],True,Robert Kern,Denise Merrifield,,aye,aye,aye,aye,aye
"June 3, 2025",27,2025-493,Approves Special Event Chapter 255 Application for Riverhead Chamber of Commerce (Cardboard Boat Race),ADOPTED [UNANIMOUS],True,Denise Merrifield,Joann Waski,,aye,aye,aye,aye,aye
"June 3, 2025",28,2025-494,Approves Special Event Chapter 255 Application for Northeast Stage (Othello-Shakespeare in the Park),ADOPTED [UNANIMOUS],True,Joann Waski,Kenneth Rothwell,,aye,aye,aye,aye,aye
"June 3, 2025",29,2025-495,Amends Special Event Chapter 255 Application for Our Future Generation (For Us by Us for All of Us Vendor Fair),ADOPTED [UNANIMOUS],True,Kenneth Rothwell,Robert Kern,,aye,aye,aye,aye,aye
"June 3, 2025",30,2025-496,"Approves Fireworks Permit for the Rock Golf Club (July 5, 2025)",ADOPTED [UNANIMOUS],True,Robert Kern,Denise Merrifield,,aye,aye,aye,aye,aye
"June 3, 2025",31,2025-497,Authorizes Designated Alcohol Service Vendors to Serve Alcohol at the 2025 “Duck Pond Day” Street Festival,ADOPTED [UNANIMOUS],True,Denise Merrifield,Joann Waski,,aye,aye,aye,aye,aye
"June 3, 2025",32,2025-498,Authorizes Town Clerk to Publish and Post Public Notice to Consider a Local Law to Amend Chapter 105,ADOPTED [UNANIMOUS],True,Joann Waski,Kenneth Rothwell,,aye,aye,aye,aye,aye
"June 3, 2025",33,2025-499,"Resolution Adopting Findings and Determination Pursuant to Article 2 of the Eminent Domain Procedure Law Regarding Acquisition of the Leasehold Interest to the Easterly Ground Floor Rental Unit Located at 127 East Main Street, Riverhead, New York, Suffolk County Tax Map #600-129-1-14, Reputed Lessee SNR Bar 25 Corp.",ADOPTED [4 TO 1],True,Kenneth Rothwell,Robert Kern,,aye,nay,aye,aye,aye
"June 3, 2025",34,2025-500,"Grants Special Permit for National Grid Facility Upgrades 8 Mill Road, Riverhead, NY SCTM No. 600-120-2-7",ADOPTED [UNANIMOUS],True,Robert Kern,Denise Merrifield,,aye,aye,aye,aye,aye
"June 3, 2025",35,2025-501,Ratifies Authorization for the Town Attorney to Execute an Agreement with Jeffrey Seeman for SEQRA Review,ADOPTED [UNANIMOUS],True,Denise Merrifield,Joann Waski,,aye,aye,aye,aye,aye
"June 3, 2025",36,2025-502,"Authorizes Supervisor to Execute License Agreement with Civil Air Patrol, 9Th Suffolk Cadet Squadron",ADOPTED [UNANIMOUS],True,Joann Waski,Kenneth Rothwell,,aye,aye,aye,aye,aye
"June 3, 2025",37,2025-503,Authorize Supervisor to Execute Agreement with Interpreter for Justice Court (Corella),ADOPTED [UNANIMOUS],True,Kenneth Rothwell,Robert Kern,,aye,aye,aye,aye,aye
"June 3, 2025",38,2025-504,Authorizes the Supervisor to Execute an Agreement with the County of Suffolk Office for the Aging (AAA Transportation Program 2025),ADOPTED [UNANIMOUS],True,Robert Kern,Denise Merrifield,,aye,aye,aye,aye,aye
"June 3, 2025",39,2025-505,Pays Bills,ADOPTED [UNANIMOUS],True,Denise Merrifield,Joann Waski,,aye,aye,aye,aye,aye
"June 3, 2025",40,2025-506,"Approves Fireworks Permit for Dreamland Amusements (June 28, 2025)",ADOPTED [UNANIMOUS],True,Joann Waski,Kenneth Rothwell,,aye,aye,aye,aye,aye
"June 3, 2025",41,2025-507,Appoints a Part-Time Bilingual Clerk,ADOPTED [UNANIMOUS],True,Kenneth Rothwell,Robert Kern,,aye,aye,aye,aye,aye
"June 3, 2025",42,2025-508,Sets Hours for Town Beach Parking Lots,ADOPTED [UNANIMOUS],True,Robert Kern,Denise Merrifield,,aye,aye,aye,aye,aye
"June 3, 2025",43,2025-509,"Classifies the Special Permit and Site Plan Applications of Duffy MX Motocross Track as a Type 1 Action Pursuant to SEQRA, Requests Lead Agency Status for the Purposes of Coordinated Review 2822 River Road, Calverton, NY SCTM No. 600-136-1-4",ADOPTED [UNANIMOUS],True,Denise Merrifield,Joann Waski,,aye,aye,aye,aye,aye
"June 3, 2025",44,2025-510,Ratifies Reappointment of Member to the Parking District Advisory Committee – Israel,ADOPTED [UNANIMOUS],True,Joann Waski,Kenneth Rothwell,,aye,aye,aye,aye,aye
"May 21, 2025",1,2025-421,Water District Capital Project 82507 Budget Adoption for Well 4-1 Capacity Increase,ADOPTED [UNANIMOUS],True,Kenneth Rothwell,Robert Kern,,aye,aye,aye,aye,aye
"May 21, 2025",2,2025-422,"Authorizes the Supervisor to Execute Agreement with Todd O’Connell Architect, P.C. for Ambulance District Building Renovations",ADOPTED [UNANIMOUS],True,Robert Kern,Denise Merrifield,,aye,aye,aye,aye,aye
"May 21, 2025",3,2025-423,Capital Project 12506 – Ambulance District New Building – Capital Reserve Fund Balance Transfer,ADOPTED [UNANIMOUS],True,Denise Merrifield,Joann Waski,,aye,aye,aye,aye,aye
"May 21, 2025",4,2025-424,Authorizes Highway Superintendent Expenditures 2025-2026,ADOPTED [UNANIMOUS],True,Joann Waski,Kenneth Rothwell,,aye,aye,aye,aye,aye
"May 21, 2025",5,2025-425,Sets Hours for Town Beaches,ADOPTED [UNANIMOUS],True,Kenneth Rothwell,Robert Kern,,aye,aye,aye,aye,aye
"May 21, 2025",6,2025-426,Sets Hours for Town Beach Parking Lots,ADOPTED [UNANIMOUS],True,Robert Kern,Denise Merrifield,,aye,aye,aye,aye,aye
"May 21, 2025",7,2025-427,Ratifies a Salary Increase for a Senior Office Assistant,ADOPTED [UNANIMOUS],True,Denise Merrifield,Joann Waski,,aye,aye,aye,aye,aye
"May 21, 2025",8,2025-428,Ratifies the Appointment of a Water Treatment Plant Operator IIB,ADOPTED [UNANIMOUS],True,Joann Waski,Kenneth Rothwell,,aye,aye,aye,aye,aye
"May 21, 2025",9,2025-429,Ratifies the Provisional Appointment of an Employee to Wastewater Treatment Plant Operator 4A,ADOPTED [UNANIMOUS],True,Kenneth Rothwell,Robert Kern,,aye,aye,aye,aye,aye
"May 21, 2025",10,2025-430,Setting Terms and Conditions of Employment for Deputy Sewer District Superintendent,ADOPTED [UNANIMOUS],True,Robert Kern,Denise Merrifield,,aye,aye,aye,aye,aye
"May 21, 2025",11,2025-431,Reappoints a Provisional Senior Wastewater Treatment Plant Operator 2,ADOPTED [UNANIMOUS],True,Denise Merrifield,Joann Waski,,aye,aye,aye,aye,aye
"May 21, 2025",12,2025-432,Appoints a Seasonal Water Treatment Plant Operator IIB,ADOPTED [UNANIMOUS],True,Joann Waski,Kenneth Rothwell,,aye,aye,aye,aye,aye
"May 21, 2025",13,2025-433,Appoints a Fire Marshal I,ADOPTED [UNANIMOUS],True,Kenneth Rothwell,Robert Kern,,aye,aye,aye,aye,aye
"May 21, 2025",14,2025-434,Appoints a Maintenance Mechanic II,ADOPTED [UNANIMOUS],True,Robert Kern,Kenneth Rothwell,,aye,aye,aye,aye,aye
"May 21, 2025",15,2025-435,Appoints a Maintenance Mechanic II,ADOPTED [UNANIMOUS],True,Denise Merrifield,Joann Waski,,aye,aye,aye,aye,aye
"May 21, 2025",16,2025-436,"Appoints Member to the Town of Riverhead Hispanic Development, Empowerment, and Education Committee",ADOPTED [UNANIMOUS],True,Joann Waski,Kenneth Rothwell,,aye,aye,aye,aye,aye
"May 21, 2025",17,2025-437,Ratifies the Resignation of an Automotive Equipment Operator,ADOPTED [UNANIMOUS],True,Kenneth Rothwell,Robert Kern,,aye,aye,aye,aye,aye
"May 21, 2025",18,2025-438,Accepts the Retirement of a Maintenance Mechanic III,ADOPTED [UNANIMOUS],True,Robert Kern,Denise Merrifield,,aye,aye,aye,aye,aye
"May 21, 2025",19,2025-439,Accepts the Retirement of a Maintenance Mechanic IV,ADOPTED [UNANIMOUS],True,Denise Merrifield,Joann Waski,,aye,aye,aye,aye,aye
"May 21, 2025",20,2025-440,"Extends the Bid for Electric Motor Repair and Replacement, Including Emergencies",ADOPTED [UNANIMOUS],True,Joann Waski,Kenneth Rothwell,,aye,aye,aye,aye,aye
"May 21, 2025",21,2025-441,Authorizes the Town Clerk to Publish and Post Notice to Bidders for 2025 Annual Construction Contract,ADOPTED [UNANIMOUS],True,Kenneth Rothwell,Robert Kern,,aye,aye,aye,aye,aye
"May 21, 2025",22,2025-442,Authorizes the Town Clerk to Publish and Post Notice to Bidders for Removal and Disposal of Sludge Cake and Grit Screen Waste,ADOPTED [UNANIMOUS],True,Robert Kern,Denise Merrifield,,aye,aye,aye,aye,aye
"May 21, 2025",23,2025-443,Authorizes the Town Clerk to Publish and Post Notice to Bidders for Corrosion Control Chemicals (PO4),ADOPTED [UNANIMOUS],True,Denise Merrifield,Joann Waski,,aye,aye,aye,aye,aye
"May 21, 2025",24,2025-444,Authorizes the Town Clerk to Publish and Post Notice to Bidders for 2025 Annual Procurement Contract,ADOPTED [UNANIMOUS],True,Joann Waski,Kenneth Rothwell,,aye,aye,aye,aye,aye
"May 21, 2025",25,2025-445,Approves Special Event Chapter 255 Application for Church of the Harvest (East End Church Unity Day),ADOPTED [UNANIMOUS],True,Kenneth Rothwell,Robert Kern,,aye,aye,aye,aye,aye
"May 21, 2025",26,2025-446,"Approves Special Event Chapter 255 Application for Mainstreet Agency & Associates, LLC (Alive on 25 July 18 & August 1, 2025)",ADOPTED [UNANIMOUS],True,Robert Kern,Denise Merrifield,,aye,aye,aye,aye,aye
"May 21, 2025",27,2025-447,Amends Resolution 934-2024 for Race Track Not Street (2025 Fall Motorsports Racing Series at EPCAL),ADOPTED [4 TO 0],True,Denise Merrifield,Joann Waski,,aye,aye,abstain,aye,aye
"May 21, 2025",28,2025-448,Amends Resolution 935-2024 Race Track Not Street (2025 Summer Motorsports Racing Series at Epcal),ADOPTED [4 TO 0],True,Joann Waski,Kenneth Rothwell,,aye,aye,abstain,aye,aye
"May 21, 2025",29,2025-449,Amends Resolution 969-2024 East End Arts Mosaic Festival (Addition to Location of Event),ADOPTED [UNANIMOUS],True,Kenneth Rothwell,Robert Kern,,aye,aye,aye,aye,aye
"May 21, 2025",30,2025-450,Authorizes Designated Alcohol Service Vendors to Serve Alcohol at the “Mosaic Community Street Painting Festival”,ADOPTED [UNANIMOUS],True,Robert Kern,Denise Merrifield,,aye,aye,aye,aye,aye
"May 21, 2025",31,2025-451,Adopts a Local Law to Amend Chapter 231 of the Riverhead Town Code Titled “Fire Prevention” Section 7 Thereof Titled “Definitions”,ADOPTED [UNANIMOUS],True,Denise Merrifield,Joann Waski,,aye,aye,aye,aye,aye
"May 21, 2025",32,2025-452,"Adopts a Local Law to Amend Chapter 231 of the Riverhead Town Code Titled “Fire Prevention” Section 24 Thereof Titled “Interference with Fire Department, Fire Marshal or CEO”",ADOPTED [UNANIMOUS],True,Joann Waski,Kenneth Rothwell,,aye,aye,aye,aye,aye
"May 21, 2025",33,2025-453,Adopts a Local Law to Amend Chapter 231 of the Riverhead Town Code Titled “Fire Prevention” Section 14 Thereof Titled “Assistance to Authorized Agencies; Reimbursement of Expenses”,ADOPTED [UNANIMOUS],True,Kenneth Rothwell,Robert Kern,,aye,aye,aye,aye,aye
"May 21, 2025",34,2025-454,Adopts a Local Law to Amend Chapter 231 of the Riverhead Town Code Titled “Fire Prevention” Article XIV “Flammable and Combustible Liquids”,ADOPTED [UNANIMOUS],True,Robert Kern,Denise Merrifield,,aye,aye,aye,aye,aye
"May 21, 2025",35,2025-455,Adopts a Local Law to Amend Chapter 231 of the Riverhead Town Code Titled “Fire Prevention” Section 25 Thereof Titled “Outdoor Fires”,ADOPTED [UNANIMOUS],True,Denise Merrifield,Joann Waski,,aye,aye,aye,aye,aye
"May 21, 2025",36,2025-456,Adopts a Local Law to Amend Chapter 231 of the Riverhead Town Code Titled “Fire Prevention” Section 66 Thereof Titled “Penalties for Offenses; Notice of Violation”,ADOPTED [UNANIMOUS],True,Joann Waski,Kenneth Rothwell,,aye,aye,aye,aye,aye
"May 21, 2025",37,2025-457,"Assesses Cost of Labor & Material for Previously Authorized Remedial Actions at Premises Known as 12 Longview Drive, Riverhead, New York SCTM #0600-014.00-02.00-012.000",ADOPTED [UNANIMOUS],True,Kenneth Rothwell,Robert Kern,,aye,aye,aye,aye,aye
"May 21, 2025",38,2025-458,"Riverhead Town Board Supports the Development of a YMCA Recreation Facility at the Former New York State Armory and Authorizes the Office of the Town Attorney to Seek Amendment of Original Bill S04404/A06825, Including Home Rule Request, to Authorize Lease or Sale to the YMCA of Long Island",ADOPTED [UNANIMOUS],True,Robert Kern,Denise Merrifield,,aye,aye,aye,aye,aye
"May 21, 2025",39,2025-459,"Issues Responses to Comments on Conditional Negative Declaration (CND) for the Site Plan Application of on Island Water Park (D/B/A Scott's Pointe) Site Plan Amendments 5835 Middle Country Road, Calverton, NY SCTM No. 600-135-1-7.34",ADOPTED [4 TO 1],True,Denise Merrifield,Joann Waski,,aye,aye,nay,aye,aye
"May 21, 2025",40,2025-460,"Grants Preliminary Approval for the Site Plan Amendment Application of Island Water Park (D/B/A Scott's Pointe) 5835 Middle Country Road, Calverton, NY SCTM No. 600-135-1-7.34",ADOPTED [4 TO 1],True,Joann Waski,Kenneth Rothwell,,aye,aye,nay,aye,aye
"May 21, 2025",41,2025-461,Pays Bills,ADOPTED [UNANIMOUS],True,Kenneth Rothwell,Robert Kern,,aye,aye,aye,aye,aye
"May 21, 2025",42,2025-462,"Authorizes Town Clerk to Publish and Post Notice to Amend Chapter 301 Zoning and Land Development, Part 3 Supplementary Use Regulations, Article LIIC Cannabis, § 301-283.20. Location and Number of Permitted Retail and On-Site Consumption Establishments and § 301- 283.25 When Effective",ADOPTED [UNANIMOUS],True,Robert Kern,Denise Merrifield,,aye,aye,aye,aye,aye
"May 21, 2025",43,2025-463,"Authorize Town Clerk to Publish and Post Public Notice to Consider a Local Law to Amend Chapter 217 of the Riverhead Town Code Titled “Buildings, Building Construction and Improvements and Housing Standards”, Section 8 Thereof Titled, “Demolition Permits”",ADOPTED [UNANIMOUS],True,Denise Merrifield,Joann Waski,,aye,aye,aye,aye,aye
"May 21, 2025",44,2025-464,Authorize Town Clerk to Publish and Post Public Notice to Consider a Local Law to Amend Chapter 269 of the Riverhead Town Code Titled “Shopping Carts”,ADOPTED [UNANIMOUS],True,Joann Waski,Kenneth Rothwell,,aye,aye,aye,aye,aye
"May 21, 2025",45,2025-465,"Authorizes the Town Attorney to Execute a Retainer Agreement with Smith, Finkelstein, Lundberg, Isler and Yakaboski, LLP",ADOPTED [UNANIMOUS],True,Kenneth Rothwell,Robert Kern,,aye,aye,aye,aye,aye
"May 21, 2025",46,2025-466,Authorize Supervisor to Execute a License Agreement with Antoine Maaiki to Utilize Concession Stand at South Jamesport Beach,ADOPTED [UNANIMOUS],True,Robert Kern,Denise Merrifield,,aye,aye,aye,aye,aye
"May 8, 2025",1,2025-418,"Classifies Special Permit Application for National Grid Facility Upgrades as an Unlisted Action, Issues Negative Declaration Pursuant to SEQRA 8 Mill Road, Riverhead, NY SCTM No. 600- 120-2-7",ADOPTED [UNANIMOUS],True,Kenneth Rothwell,Robert Kern,,aye,aye,aye,aye,aye
"May 8, 2025",2,2025-419,"Authorizes Town Clerk to Publish and Post Notice of Public Hearing on Special Permit Application for National Grid Facility Upgrades 8 Mill Road, Riverhead, NY SCTM No. 600-120-2-7",ADOPTED [UNANIMOUS],True,Robert Kern,Denise Merrifield,,aye,aye,aye,aye,aye
"May 8, 2025",3,2025-420,"Resolution for Home Rule Request to the State Legislature in Support of Bill Draft 04421-03-5 and Fiscal Note #2025-154 Issued May 5, 2025 for “An Act Granting Retroactive Tier II Membership in the New York State and Local Police and Fire Retirement System to Giuseppe T. Rosini”",ADOPTED [UNANIMOUS],True,Denise Merrifield,Joann Waski,,aye,aye,aye,aye,aye
"May 6, 2025",1,2025-376,Budget Adoption CP 72505 HUD HOME Funds,ADOPTED [UNANIMOUS],True,Kenneth Rothwell,Robert Kern,,aye,aye,aye,aye,aye
"May 6, 2025",2,2025-377,Water District Capital Project 82504 Naugles Barn - Hallockville,ADOPTED [UNANIMOUS],True,Robert Kern,Denise Merrifield,,aye,aye,aye,aye,aye
"May 6, 2025",3,2025-378,Authorizes the Removal of Fixed Assets,ADOPTED [UNANIMOUS],True,Denise Merrifield,Joann Waski,,aye,aye,aye,aye,aye
"May 6, 2025",4,2025-379,Approves Travel for Two Justice Court Employees to Attend DWI Seminar,ADOPTED [UNANIMOUS],True,Joann Waski,Kenneth Rothwell,,aye,aye,aye,aye,aye
"May 6, 2025",5,2025-380,Ratifies the Provisional Appointment of an Assistant Recreation Program Coordinator,ADOPTED [UNANIMOUS],True,Kenneth Rothwell,Robert Kern,,aye,aye,aye,aye,aye
"May 6, 2025",6,2025-381,Appoints an Accountant,ADOPTED [UNANIMOUS],True,Robert Kern,Denise Merrifield,,aye,aye,aye,aye,aye
"May 6, 2025",7,2025-382,Appoints a Senior Assessment Clerk,ADOPTED [UNANIMOUS],True,Denise Merrifield,Joann Waski,,aye,aye,aye,aye,aye
"May 6, 2025",8,2025-383,Appoints Returning Seasonal Employees to the Recreation Department,ADOPTED [UNANIMOUS],True,Joann Waski,Kenneth Rothwell,,aye,aye,aye,aye,aye
"May 6, 2025",9,2025-384,Appoints New Seasonal Employees to the Recreation Department,ADOPTED [UNANIMOUS],True,Kenneth Rothwell,Robert Kern,,aye,aye,aye,aye,aye
"May 6, 2025",10,2025-385,Appoints Member to the Riverhead Farmland Preservation Committee – Kaplan,ADOPTED [UNANIMOUS],True,Robert Kern,Denise Merrifield,,aye,aye,aye,aye,aye
"May 6, 2025",11,2025-386,Appoints Robert Myrick to the Town of Riverhead Emerging Technology Committee,ADOPTED [UNANIMOUS],True,Denise Merrifield,Joann Waski,,aye,aye,aye,aye,aye
"May 6, 2025",12,2025-387,Ratifies the Resignation of a Harbormaster,ADOPTED [UNANIMOUS],True,Joann Waski,Kenneth Rothwell,,aye,aye,aye,aye,aye
"May 6, 2025",13,2025-388,Ratifies the Resignation of a Building Permits Examiner,ADOPTED [UNANIMOUS],True,Kenneth Rothwell,Robert Kern,,aye,aye,aye,aye,aye
"May 6, 2025",14,2025-389,Terminates an Inactive Employee from the Police Department,ADOPTED [UNANIMOUS],True,Robert Kern,Denise Merrifield,,aye,aye,aye,aye,aye
"May 6, 2025",15,2025-390,"Classifies an Action as Unlisted Pursuant to SEQRA, Assumes Lead Agency, and Issues a Negative Declaration for the Site Plan and Special Permit Applications Entitled Calverton Satellite Earth Station 317-391 Burman Blvd, Calverton NY SCTM No. 600-135.20-1-16",ADOPTED [UNANIMOUS],True,Denise Merrifield,Joann Waski,,aye,aye,aye,aye,aye
"May 6, 2025",16,2025-391,"Grants Six-Month Extension of Preliminary Site Plan Approval for the Site Plan Application Of 38 McDermott Avenue 38 McDermott Avenue (FKA 38 E Main Street), Riverhead, NY (SCTM No. 600-129-4- 10.1)",ADOPTED [UNANIMOUS],True,Joann Waski,Kenneth Rothwell,,aye,aye,aye,aye,aye
"May 6, 2025",17,2025-392,"Amends Resolution No. 2025-189 - Sandy Pond Clubhouse, Manager's Residence, Trade Shops Special Permit 1521 Roanoke Avenue, Riverhead, NY SCTM No. 600-82-1-12.1",ADOPTED [UNANIMOUS],True,Kenneth Rothwell,Robert Kern,,aye,aye,aye,aye,aye
"May 6, 2025",18,2025-393,Authorizes Pursuit of Suffolk County Downtown Revitalization Round 23 Funding for Improvements to 3Rd Street Municipal Parking Lots,ADOPTED [UNANIMOUS],True,Robert Kern,Denise Merrifield,,aye,aye,aye,aye,aye
"May 6, 2025",19,2025-394,Ratifies Authorization for an Application for a NYS Consolidated Funding Application (CFA) Municipal Parks and Recreation Grant,ADOPTED [UNANIMOUS],True,Denise Merrifield,Joann Waski,,aye,aye,aye,aye,aye
"May 6, 2025",20,2025-395,Awards Bid for Dry Hydrated Lime,ADOPTED [UNANIMOUS],True,Joann Waski,Kenneth Rothwell,,aye,aye,aye,aye,aye
"May 6, 2025",21,2025-396,Authorizes the Town Clerk to Publish and Post for Request for Proposals for the Sale of 214 Griffing Avenue,ADOPTED [UNANIMOUS],True,Kenneth Rothwell,Robert Kern,,aye,aye,aye,aye,aye
"May 6, 2025",22,2025-397,Authorizes the Town Clerk to Publish and Post Bid for Annual Street Light & Traffic Signal Repair Parts,ADOPTED [UNANIMOUS],True,Robert Kern,Denise Merrifield,,aye,aye,aye,aye,aye
"May 6, 2025",23,2025-398,Authorizes the Town Clerk to Publish and Post Bid for Annual Fire and Security Alarm Contract,ADOPTED [UNANIMOUS],True,Denise Merrifield,Joann Waski,,aye,aye,aye,aye,aye
"May 6, 2025",24,2025-399,Authorizes the Town Clerk to Publish and Post Notice to Bidders for Lubricants,ADOPTED [UNANIMOUS],True,Joann Waski,Kenneth Rothwell,,aye,aye,aye,aye,aye
"May 6, 2025",25,2025-400,"Authorizes Town Clerk to Publish and Post Public Notice for Public Hearing to Designate a Parcel at 48 Willow Street Sctm# 600-87-1- 14 Located in the Town of Riverhead as Open Space, Expend Community Preservation Funds Pursuant to Town Law 64-E in the Amount of $75,000.00 and Approve Budget Transfer to Restore Trust & Agency Funds Designated for Wetland Restoration and Remediation in the Amount of $75,000.00",ADOPTED [UNANIMOUS],True,Kenneth Rothwell,Robert Kern,,aye,aye,aye,aye,aye
"May 6, 2025",26,2025-401,"Authorizes Town Clerk to Publish and Post Public Notice for Public Hearing for the Site Plan and Special Permit Applications Entitled Calverton Satellite Earth Station 317-391 Burman Blvd, Calverton NY SCTM No. 600-135.20-1-16",ADOPTED [UNANIMOUS],True,Robert Kern,Denise Merrifield,,aye,aye,aye,aye,aye
"May 6, 2025",27,2025-402,Authorize Town Clerk to Publish and Post Public Notice to Consider a Local Law to Amend Chapter 301 of the Riverhead Town Code Titled “Zoning and Land Development” Section 3 Thereof Titled “Definitions; Word Usage”,ADOPTED [UNANIMOUS],True,Denise Merrifield,Joann Waski,,aye,aye,aye,aye,aye
"May 6, 2025",28,2025-403,"Approves License Agreement Between Wadington Realty Corp. and the Town of Riverhead for Utilization of Town of Riverhead Parking Facilities, Nunc Pro Tunc",ADOPTED [UNANIMOUS],True,Joann Waski,Kenneth Rothwell,,aye,aye,aye,aye,aye
"May 6, 2025",29,2025-404,Ratifies Authorization for the Supervisor to Sign a Consultant/Professional Services Agreement with Kathleen Schroeher,ADOPTED [UNANIMOUS],True,Kenneth Rothwell,Robert Kern,,aye,aye,aye,aye,aye
"May 6, 2025",30,2025-405,Approves Agreement Between Town of Riverhead and Winship Media LLC (Utilize Parking Police Personnel and Police Cars - 2025 Jazz in the Vines),ADOPTED [UNANIMOUS],True,Robert Kern,Denise Merrifield,,aye,aye,aye,aye,aye
"May 6, 2025",31,2025-406,"Authorizes the Supervisor to Execute a License Agreement with Stein Seafoods, LLC to Allow the Operation of Floating Upweller Systems (FLUPSY) in East Creek, Nunc Pro Tunc",ADOPTED [UNANIMOUS],True,Denise Merrifield,Joann Waski,,aye,aye,aye,aye,aye
"May 6, 2025",32,2025-407,Approves Special Event Chapter 255 Application for Duck Pond Day,ADOPTED [UNANIMOUS],True,Joann Waski,Kenneth Rothwell,,aye,aye,aye,aye,aye
"May 6, 2025",33,2025-408,Approves Special Event Chapter 255 Application for Riverhead Country Fair,ADOPTED [UNANIMOUS],True,Kenneth Rothwell,Robert Kern,,aye,aye,aye,aye,aye
"May 6, 2025",34,2025-409,Approves Special Event Chapter 255 Application for Iglesia Familia De Dias (Riverhead for Christ),ADOPTED [UNANIMOUS],True,Robert Kern,Denise Merrifield,,aye,aye,aye,aye,aye
"May 6, 2025",35,2025-410,Approves Special Event Chapter 255 Application for Dreamland Amusements Inc.(East End Fair),ADOPTED [UNANIMOUS],True,Denise Merrifield,Joann Waski,,aye,aye,aye,aye,aye
"May 6, 2025",36,2025-411,"Approves Special Event Chapter 255 Application for Long Island Antique Power Association (Summer Show, Fall Show and Tractor Pulls)",ADOPTED [UNANIMOUS],True,Joann Waski,Kenneth Rothwell,,aye,aye,aye,aye,aye
"May 6, 2025",37,2025-412,Amends Resolution 2025-128 (East End Arts Mosaic Festival Rain Date Change),ADOPTED [UNANIMOUS],True,Kenneth Rothwell,Robert Kern,,aye,aye,aye,aye,aye
"May 6, 2025",38,2025-413,Pays Bills,ADOPTED [UNANIMOUS],True,Robert Kern,Denise Merrifield,,aye,aye,aye,aye,aye
"May 6, 2025",39,2025-414,Appoints an Office Assistant,ADOPTED [UNANIMOUS],True,Denise Merrifield,Joann Waski,,aye,aye,aye,aye,aye
"May 6, 2025",40,2025-415,Appoints an Office Assistant,ADOPTED [UNANIMOUS],True,Joann Waski,Kenneth Rothwell,,aye,aye,aye,aye,aye
"May 6, 2025",41,2025-416,"Authorize Town Clerk to Publish and Post Public Notice to Consider a Local Law to Amend Chapter 251, Article II of the Riverhead Town Code Titled “Public Nuisances”",ADOPTED [UNANIMOUS],True,Kenneth Rothwell,Robert Kern,,aye,aye,aye,aye,aye
"May 6, 2025",42,2025-417,Appoints Member to the Riverhead Farmland Preservation Committee – Wells,ADOPTED [UNANIMOUS],True,Robert Kern,Denise Merrifield,,aye,aye,aye,aye,aye
"April 15, 2025",1,2025-329,Budget Amendment for Capital Project #72306- Veteran’s Memorial Park Sanitation System,ADOPTED [UNANIMOUS],True,Kenneth Rothwell,Robert Kern,,aye,aye,aye,aye,aye
"April 15, 2025",2,2025-330,Accepts Donation for the Recreation Department,ADOPTED [UNANIMOUS],True,Robert Kern,Denise Merrifield,,aye,aye,aye,aye,aye
"April 15, 2025",3,2025-331,Ratifies the Setting of Fees for the Recreation Spring/Summer Brochure,ADOPTED [UNANIMOUS],True,Denise Merrifield,Joann Waski,,aye,aye,aye,aye,aye
"April 15, 2025",4,2025-332,Appoints New Seasonal Employees to the Recreation Department,ADOPTED [UNANIMOUS],True,Joann Waski,Kenneth Rothwell,,aye,aye,aye,aye,aye
"April 15, 2025",5,2025-333,Reappoints Seasonal Pump Out Boat Operators,ADOPTED [UNANIMOUS],True,Kenneth Rothwell,Robert Kern,,aye,aye,aye,aye,aye
"April 15, 2025",6,2025-334,Appoints a Senior Water Treatment Plant Operator IIB,ADOPTED [UNANIMOUS],True,Robert Kern,Denise Merrifield,,aye,aye,aye,aye,aye
"April 15, 2025",7,2025-335,Appoints a Senior Wastewater Treatment Plant Operator 3A,ADOPTED [UNANIMOUS],True,Denise Merrifield,Joann Waski,,aye,aye,aye,aye,aye
"April 15, 2025",8,2025-336,Appoints a Senior Water Treatment Plant Operator 1B,ADOPTED [UNANIMOUS],True,Joann Waski,Kenneth Rothwell,,aye,aye,aye,aye,aye
"April 15, 2025",9,2025-337,Provisionally Appoints a Principal Account Clerk,ADOPTED [UNANIMOUS],True,Kenneth Rothwell,Robert Kern,,aye,aye,aye,aye,aye
"April 15, 2025",10,2025-338,Accepts the Resignation of a Fire Marshal I,ADOPTED [UNANIMOUS],True,Robert Kern,Denise Merrifield,,aye,aye,aye,aye,aye
"April 15, 2025",11,2025-339,Ratifies the Resignation of a Homemaker,ADOPTED [UNANIMOUS],True,Denise Merrifield,Joann Waski,,aye,aye,aye,aye,aye
"April 15, 2025",12,2025-340,Ratifies the Resignation of a Code Enforcement Officer,ADOPTED [UNANIMOUS],True,Joann Waski,Kenneth Rothwell,,aye,aye,aye,aye,aye
"April 15, 2025",13,2025-341,Ratifies and Accepts the Resignation of a Traffic Control Specialist,ADOPTED [UNANIMOUS],True,Kenneth Rothwell,Robert Kern,,aye,aye,aye,aye,aye
"April 15, 2025",14,2025-342,Ratifies and Accepts the Resignation of a Traffic Control Specialist,ADOPTED [UNANIMOUS],True,Robert Kern,Denise Merrifield,,aye,aye,aye,aye,aye
"April 15, 2025",15,2025-343,Changes the Status of Part-Time Police Officers,ADOPTED [UNANIMOUS],True,Denise Merrifield,Joann Waski,,aye,aye,aye,aye,aye
"April 15, 2025",16,2025-344,Changes the Status of Part-Time Traffic Control Specialists And/Or Part-Time Traffic Control Officers,ADOPTED [4 TO 0],True,Joann Waski,Kenneth Rothwell,,aye,aye,aye,abstain,aye
"April 15, 2025",17,2025-345,Appoints the Captain to the Riverhead Police Department,ADOPTED [UNANIMOUS],True,Kenneth Rothwell,Robert Kern,,aye,aye,aye,aye,aye
"April 15, 2025",18,2025-346,Ratifies the Approval for a Leave of Absence,ADOPTED [UNANIMOUS],True,Robert Kern,Denise Merrifield,,aye,aye,aye,aye,aye
"April 15, 2025",19,2025-347,Authorizes Submission of Application to Apply for Reimbursement of New Motor for the Pumpout Boat to New York State Environmental Facilities Corporation (EFC),ADOPTED [UNANIMOUS],True,Denise Merrifield,Joann Waski,,aye,aye,aye,aye,aye
"April 15, 2025",20,2025-348,"Ratifies the Settlement of Legal Action in the Matter of Town of Riverhead Against Robert James Hartmann (1524 Osborne Avenue, Riverhead, New York)",ADOPTED [UNANIMOUS],True,Joann Waski,Kenneth Rothwell,,aye,aye,aye,aye,aye
"April 15, 2025",21,2025-349,Authorizes the Senior Citizen Program Director to Execute a Memorandum of Understanding with NYS Commodity Supplemental Food Program for 2025,ADOPTED [UNANIMOUS],True,Kenneth Rothwell,Robert Kern,,aye,aye,aye,aye,aye
"April 15, 2025",22,2025-350,Authorizes the Supervisor to Execute an Agreement Authorizing the Town to Accept Funds from Suffolk County Office for the Aging for the Purpose of Supplementing the Town’s Nutrition Program for the Elderly 2025,ADOPTED [UNANIMOUS],True,Robert Kern,Denise Merrifield,,aye,aye,aye,aye,aye
"April 15, 2025",23,2025-351,"Authorizes the Town Attorney to Execute an Agreement with Jeffrey L. Seeman, CEP and Acknowledges an Agreement by Peter Scalzo",ADOPTED [UNANIMOUS],True,Denise Merrifield,Joann Waski,,aye,aye,aye,aye,aye
"April 15, 2025",24,2025-352,"Authorizes the Supervisor to Execute an Agreement with Seatuck Environmental Association, Inc. and Rotary Club of Riverhead",ADOPTED [UNANIMOUS],True,Joann Waski,Kenneth Rothwell,,aye,aye,aye,aye,aye
"April 15, 2025",25,2025-353,"Authorizes Supervisor to Execute a Stipulation with Local 1000, AFSCME, AFL-CIO Riverhead Unit of the Suffolk Local 852",ADOPTED [UNANIMOUS],True,Kenneth Rothwell,Robert Kern,,aye,aye,aye,aye,aye
"April 15, 2025",26,2025-354,Authorizes the Supervisor to Execute a License Agreement With Celtic Quest Inc. 2025,ADOPTED [UNANIMOUS],True,Robert Kern,Denise Merrifield,,aye,aye,aye,aye,aye
"April 15, 2025",27,2025-355,Authorizes the Supervisor to Execute a Professional Services Agreement with H2M Architects and Engineers for the Meetinghouse Creek Stormwater Wetland and Habitat Restoration Project,ADOPTED [UNANIMOUS],True,Denise Merrifield,Joann Waski,,aye,aye,aye,aye,aye
"April 15, 2025",28,2025-356,"Authorizes the Supervisor to Execute a Professional Services Agreement with Land Use Ecological Services, Inc. for the Meetinghouse Creek Stormwater Wetland and Habitat Restoration Project",ADOPTED [UNANIMOUS],True,Joann Waski,Kenneth Rothwell,,aye,aye,aye,aye,aye
"April 15, 2025",29,2025-357,"Ratifies Agreement with Riverhead Town Superior Officers Association, Inc. (Insurance Buy Out)",ADOPTED [UNANIMOUS],True,Kenneth Rothwell,Robert Kern,,aye,aye,aye,aye,aye
"April 15, 2025",30,2025-358,"Ratifies Agreement with Riverhead Town Superior Officers Association, Inc. (3/2025)",ADOPTED [UNANIMOUS],True,Robert Kern,Denise Merrifield,,aye,aye,aye,aye,aye
"April 15, 2025",31,2025-359,"Ratifies Authorization for the Town Attorney to Execute a Retainer Agreement with Siegel & Sitler, Pllc",ADOPTED [UNANIMOUS],True,Denise Merrifield,Joann Waski,,aye,aye,aye,aye,aye
"April 15, 2025",32,2025-360,"Resolution of the Town of Riverhead Opposing State Legislation Assembly Bill A2586/Senate Bill S00188 Introduced in the 2025-2026 Legislative Session Titled ""Limits the Authority of Cities, Villages and Towns to Impose Certain Zoning Requirements”",ADOPTED [UNANIMOUS],True,Joann Waski,Kenneth Rothwell,,aye,aye,aye,aye,aye
"April 15, 2025",33,2025-361,Acceptance of 2024 Justice Court Audit,ADOPTED [UNANIMOUS],True,Kenneth Rothwell,Robert Kern,,aye,aye,aye,aye,aye
"April 15, 2025",34,2025-362,Approves Special Event Chapter 255 Application for Our Future Generation (For Us by Us for All of Us Vendor Fair),ADOPTED [UNANIMOUS],True,Robert Kern,Denise Merrifield,,aye,aye,aye,aye,aye
"April 15, 2025",35,2025-363,Approves Special Event Chapter 255 Application for African American Educational & Cultural Festival (AAECF Inc. Concert Series),ADOPTED [UNANIMOUS],True,Denise Merrifield,Joann Waski,,aye,aye,aye,aye,aye
"April 15, 2025",36,2025-364,Approves Special Event Chapter 255 Application for Polish Town Civic Association (Polish Town Street Fair),ADOPTED [UNANIMOUS],True,Joann Waski,Kenneth Rothwell,,aye,aye,aye,aye,aye
"April 15, 2025",37,2025-365,Approves Special Event Chapter 255 Application for Race Awesome (11Th Annual Jamesport Triathlon),ADOPTED [UNANIMOUS],True,Kenneth Rothwell,Robert Kern,,aye,aye,aye,aye,aye
"April 15, 2025",38,2025-366,Approves Special Event Chapter 255 Application for Island Water Park Sports and Music Festival,TABLED [UNANIMOUS] Next: 9/3/2025 2:00 PM,False,Kenneth Rothwell,Robert Kern,,aye,aye,aye,aye,aye
"April 15, 2025",39,2025-367,Authorizes the Town Clerk to Publish and Post Notice to Bidders for Printing and Mailing of Recreation Brochures,ADOPTED [UNANIMOUS],True,Denise Merrifield,Joann Waski,,aye,aye,aye,aye,aye
"April 15, 2025",40,2025-368,Awards Re-Bid #2 for Meetinghouse Creek Stormwater Wetland and Habitat Restoration Project,ADOPTED [UNANIMOUS],True,Joann Waski,Kenneth Rothwell,,aye,aye,aye,aye,aye
"April 15, 2025",41,2025-369,Extends Bid Nunc Pro Tunc for Charter Buses,ADOPTED [UNANIMOUS],True,Kenneth Rothwell,Robert Kern,,aye,aye,aye,aye,aye
"April 15, 2025",42,2025-370,Ratifies Application for Congressional Funding for RWD Proposed Exts 95/96,ADOPTED [UNANIMOUS],True,Robert Kern,Denise Merrifield,,aye,aye,aye,aye,aye
"April 15, 2025",43,2025-371,"Ratifies the Application for Community Project Funding, A/K/A Congressionally Directed Spending, by the Community Development Department for Riverfront Amphitheater",ADOPTED [UNANIMOUS],True,Denise Merrifield,Joann Waski,,aye,aye,aye,aye,aye
"April 15, 2025",44,2025-372,Pays Bills,ADOPTED [UNANIMOUS],True,Joann Waski,Kenneth Rothwell,,aye,aye,aye,aye,aye
"April 15, 2025",45,2025-373,Authorizes the Supervisor to Execute a Professional Services Agreement with Main Street Agency,ADOPTED [4 TO 1],True,Kenneth Rothwell,Robert Kern,,aye,nay,aye,aye,aye
"April 15, 2025",46,2025-374,"Authorization for the Town Attorney’s Office to Negotiate Contract of Sale of Real Property Located at 18 Peconic Avenue, Rivherhead, New York, Suffolk County Tax Map # 128.-6-80 Councilman Rothwell made motion to table, seconded by Councilman Kern, Motion defeated 3-2",ADOPTED [3 TO 2],True,Denise Merrifield,Joann Waski,,aye,nay,aye,nay,aye
"April 15, 2025",47,2025-375,"Authorize the Town Attorney to Execute Agreement with PKF O'connor Davies, LLP for Audit Services for Riverhead Business Improvement District Management Association (BIDMA)",ADOPTED [UNANIMOUS],True,Denise Merrifield,Joann Waski,,aye,aye,aye,aye,aye
"April 1, 2025",1,2025-280,Water District Capital Project #82222 Printed Places Subdivision Budget Adoption,ADOPTED [UNANIMOUS],True,Kenneth Rothwell,Robert Kern,,aye,aye,aye,aye,aye
"April 1, 2025",2,2025-281,Authorizes the Removal of Fixed Asset,ADOPTED [UNANIMOUS],True,Robert Kern,Denise Merrifield,,aye,aye,aye,aye,aye
"April 1, 2025",3,2025-282,Ratifies Acceptance of Donation of Flagpole from East End Emerald Society,ADOPTED [UNANIMOUS],True,Denise Merrifield,Joann Waski,,aye,aye,aye,aye,aye
"April 1, 2025",4,2025-283,Sets Salaries for 2025 Seasonal Recreation Staff,ADOPTED [UNANIMOUS],True,Joann Waski,Kenneth Rothwell,,aye,aye,aye,aye,aye
"April 1, 2025",5,2025-284,Appoints Returning Seasonal Employees to the Recreation Department,ADOPTED [UNANIMOUS],True,Kenneth Rothwell,Robert Kern,,aye,aye,aye,aye,aye
"April 1, 2025",6,2025-285,Changes the Status of Current Employees to Seasonal Employees in the Recreation Department,ADOPTED [UNANIMOUS],True,Robert Kern,Denise Merrifield,,aye,aye,aye,aye,aye
"April 1, 2025",7,2025-286,Appoints Traffic Control Specialists,ADOPTED [UNANIMOUS],True,Denise Merrifield,Joann Waski,,aye,aye,aye,aye,aye
"April 1, 2025",8,2025-287,Ratifies the Salary Adjustment of Part-Time Senior Office Assistant,ADOPTED [UNANIMOUS],True,Joann Waski,Kenneth Rothwell,,aye,aye,aye,aye,aye
"April 1, 2025",9,2025-288,Terminates LOA and Ratifies the Reappointment of Part-Time Police Officers,ADOPTED [UNANIMOUS],True,Robert Kern,Denise Merrifield,,aye,aye,aye,aye,aye
"April 1, 2025",10,2025-289,Appoints an Intern to the Police Department,ADOPTED [UNANIMOUS],True,Denise Merrifield,Joann Waski,,aye,aye,aye,aye,aye
"April 1, 2025",11,2025-290,Appoints an Account Clerk,ADOPTED [UNANIMOUS],True,Joann Waski,Kenneth Rothwell,,aye,aye,aye,aye,aye
"April 1, 2025",12,2025-291,Appoints an Automotive Equipment Operator,ADOPTED [UNANIMOUS],True,Kenneth Rothwell,Robert Kern,,aye,aye,aye,aye,aye
"April 1, 2025",13,2025-292,Appoints a Community Development Program Analyst,ADOPTED [UNANIMOUS],True,Robert Kern,Denise Merrifield,,aye,aye,aye,aye,aye
"April 1, 2025",14,2025-293,Ratifies Promotion of Employee to Provisional Title of Senior Wastewater Treatment Plant Operator 4A,ADOPTED [UNANIMOUS],True,Kenneth Rothwell,Robert Kern,,aye,aye,aye,aye,aye
"April 1, 2025",15,2025-294,"Ratifies Setting Terms and Conditions of Employment for Sewer District Superintendent, Tim Allen",ADOPTED [UNANIMOUS],True,Denise Merrifield,Joann Waski,,aye,aye,aye,aye,aye
"April 1, 2025",16,2025-295,Appoints Tracy Stark-James as a Member of the Emerging Technology Committee,ADOPTED [UNANIMOUS],True,Joann Waski,Kenneth Rothwell,,aye,aye,aye,aye,aye
"April 1, 2025",17,2025-296,Appoints Grace Swift to the Senior Citizen Advisory Council,ADOPTED [UNANIMOUS],True,Kenneth Rothwell,Robert Kern,,aye,aye,aye,aye,aye
"April 1, 2025",18,2025-297,Appoints Salim Massoud to the Anti-Bias Task Force,ADOPTED [UNANIMOUS],True,Robert Kern,Denise Merrifield,,aye,aye,aye,aye,aye
"April 1, 2025",19,2025-298,Ratifies the Termination of Inactive Employees,ADOPTED [UNANIMOUS],True,Denise Merrifield,Joann Waski,,aye,aye,aye,aye,aye
"April 1, 2025",20,2025-299,Ratifies the Resignation of a Maintenance Mechanic II,ADOPTED [UNANIMOUS],True,Joann Waski,Kenneth Rothwell,,aye,aye,aye,aye,aye
"April 1, 2025",21,2025-300,Approves Special Event Chapter 255 Application for Hallockville Museum Farm (Fleece and Fiber Festival),ADOPTED [UNANIMOUS],True,Kenneth Rothwell,Robert Kern,,aye,aye,aye,aye,aye
"April 1, 2025",22,2025-301,Approves Special Event Chapter 255 Application for Familia De Dias (Exqusia Religious Service),ADOPTED [UNANIMOUS],True,Robert Kern,Denise Merrifield,,aye,aye,aye,aye,aye
"April 1, 2025",23,2025-302,Authorize Supervisor to Execute Early Voting Polling Place Agreement with Suffolk County Board of Elections for Riverhead Town Hall,ADOPTED [UNANIMOUS],True,Denise Merrifield,Joann Waski,,aye,aye,aye,aye,aye
"April 1, 2025",24,2025-303,"Authorizes Supervisor to Execute an Agreement with Goodman-Marks Associates, Inc. for Two Appraisal Reports",ADOPTED [UNANIMOUS],True,Joann Waski,Kenneth Rothwell,,aye,aye,aye,aye,aye
"April 1, 2025",25,2025-304,Ratifies Authorization for the Supervisor to Execute a License Agreement with the Riverhead Industrial Development Agency,ADOPTED [UNANIMOUS],True,Kenneth Rothwell,Robert Kern,,aye,aye,aye,aye,aye
"April 1, 2025",26,2025-305,Authorizes Supervisor to Sign Authorization Agreement with Long Island Power Authority (LIPA) For 2024-2025 PILOTS,ADOPTED [UNANIMOUS],True,Robert Kern,Denise Merrifield,,aye,aye,aye,aye,aye
"April 1, 2025",27,2025-306,"Authorizes Extension of Agreement with Urban Design Associates, LTD",ADOPTED [UNANIMOUS],True,Denise Merrifield,Joann Waski,,aye,aye,aye,aye,aye
"April 1, 2025",28,2025-307,"Authorizes the Supervisor to Execute an Addendum to an Agreement with LVF Landscape Architects, PLLC",ADOPTED [UNANIMOUS],True,Joann Waski,Kenneth Rothwell,,aye,aye,aye,aye,aye
"April 1, 2025",29,2025-308,Authorizes Special Counsel to Resolve Pending Litigation with Agreement to Pursue Administrative Remedies and Tolling Certain Claims,ADOPTED [UNANIMOUS],True,Kenneth Rothwell,Robert Kern,,aye,aye,aye,aye,aye
"April 1, 2025",30,2025-309,"Approves Staging License Agreement with 203 E Main LLC, in Connection with Town Square Project",ADOPTED [UNANIMOUS],True,Robert Kern,Denise Merrifield,,aye,aye,aye,aye,aye
"April 1, 2025",31,2025-310,Reject Bids and Authorizes the Town Clerk to Publish and Post Notice to Bidders for Rebid 203-213 East Main Street Sewer Design Contract S - Sewers,ADOPTED [UNANIMOUS],True,Denise Merrifield,Joann Waski,,aye,aye,aye,aye,aye
"April 1, 2025",32,2025-311,"Authorize Town Clerk to Publish and Post Public Notice to Consider a Local Law to Amend Chapter 231 of the Riverhead Town Code Titled “Fire Prevention” Section 24 Thereof Titled “Interference with Fire Department, Fire Marshal or CEO”",ADOPTED [UNANIMOUS],True,Denise Merrifield,Joann Waski,,aye,aye,aye,aye,aye
"April 1, 2025",33,2025-312,Authorize Town Clerk to Publish and Post Public Notice to Consider a Local Law to Amend Chapter 231 of the Riverhead Town Code Titled “Fire Prevention” Section 25 Thereof Titled “Outdoor Fires”,ADOPTED [UNANIMOUS],True,Kenneth Rothwell,Robert Kern,,aye,aye,aye,aye,aye
"April 1, 2025",34,2025-313,Authorize Town Clerk to Publish and Post Public Notice to Consider a Local Law to Amend Chapter 231 of the Riverhead Town Code Titled “Fire Prevention” Article XIV “Flammable and Combustible Liquids”,ADOPTED [UNANIMOUS],True,Robert Kern,Denise Merrifield,,aye,aye,aye,aye,aye
"April 1, 2025",35,2025-314,Authorize Town Clerk to Publish and Post Public Notice to Consider a Local Law to Amend Chapter 231 of the Riverhead Town Code Titled “Fire Prevention” Section 14 Thereof Titled “Assistance to Authorized Agencies; Reimbursement of Expenses”,ADOPTED [UNANIMOUS],True,Denise Merrifield,Joann Waski,,aye,aye,aye,aye,aye
"April 1, 2025",36,2025-315,Authorize Town Clerk to Publish and Post Public Notice to Consider a Local Law to Amend Chapter 231 of the Riverhead Town Code Titled “Fire Prevention” Section 7 Thereof Titled “Definitions”,ADOPTED [UNANIMOUS],True,Joann Waski,Kenneth Rothwell,,aye,aye,aye,aye,aye
"April 1, 2025",37,2025-316,"Authorizes Town Clerk to Publish and Post Public Notice Setting a Public Hearing for the Acquisition of SNR Bar 25 Corp. the Leasehold Interest to the Easterly Ground Floor Rental Unit for General Municipal Purposes Located at 127 East Main Street, Riverhead, New York, Suffolk County Tax Map #0600-129-1-14",ADOPTED [UNANIMOUS],True,Kenneth Rothwell,Robert Kern,,aye,aye,aye,aye,aye
"April 1, 2025",38,2025-317,"Authorizes Town Clerk to Publish and Post Public Notice Setting a Public Hearing for the Condemnation of a Parcel for General Municipal Purposes Located at 111 East Main Street, Riverhead, New York, Suffolk County Tax Map # 129-1-11",ADOPTED [UNANIMOUS],True,Robert Kern,Denise Merrifield,,aye,aye,aye,aye,aye
"April 1, 2025",39,2025-318,Authorize Town Clerk to Publish and Post Public Notice to Consider a Local Law to Amend Chapter 231 of the Riverhead Town Code Titled “Fire Prevention” Section 66 Thereof Titled “Penalties for Offenses”,ADOPTED [UNANIMOUS],True,Denise Merrifield,Joann Waski,,aye,aye,aye,aye,aye
"April 1, 2025",40,2025-319,"Adopts Local Law to Publish and Post Notice to Amend Chapter 301 Zoning and Land Development, Part 3 Supplementary Use Regulations , Article XLVIII Signs, §301-254 H. Zoning Use Districts, Pursuant to the Recommendations of the 2024 Comprehensive Plan Update",ADOPTED [UNANIMOUS],True,Joann Waski,Kenneth Rothwell,,aye,aye,aye,aye,aye
"April 1, 2025",41,2025-320,"Adopts Local Law to Amend Chapter 301 Zoning and Land Development, Part 3 Supplementary Use Regulations, Article LII Commercial Solar Energy Production Systems, §301-281 Purpose; Permitted Districts; Definitions Pursuant to the Recommendations of the 2024 Comprehensive Plan Update",ADOPTED [UNANIMOUS],True,Kenneth Rothwell,Robert Kern,,aye,aye,aye,aye,aye
"April 1, 2025",42,2025-321,"Adopts Local Law to Amend Chapter 301 Zoning and Land Development, Part 3 Supplementary Use Regulations, Article LI Wireless Communications Towers, Antennas and Satellite Earth Stations, §301- 274 Permit Required; Applicability, Pursuant to the Recommendations of the 2024 Comprehensive Plan Update",ADOPTED [UNANIMOUS],True,Robert Kern,Denise Merrifield,,aye,aye,aye,aye,aye
"April 1, 2025",43,2025-322,Adopts Local Law to Amend Town Code Article XLVIII: Signs,ADOPTED [UNANIMOUS],True,Denise Merrifield,Joann Waski,,aye,aye,aye,aye,aye
"April 1, 2025",44,2025-323,"Adopts Local Law to Amend Chapter 301 Zoning and Land Development, Part 3 Supplementary Use Regulations, Article LIID Battery Energy Storage Systems , §301-283.31 Requirements for Tier 2 Battery Energy Storage Systems Pursuant to the Recommendations of the 2024 Comprehensive Plan Update",ADOPTED [UNANIMOUS],True,Joann Waski,Kenneth Rothwell,,aye,aye,aye,aye,aye
"April 1, 2025",45,2025-324,"Adopts Local Law to Amend Chapter 301 Zoning and Land Development, Part 2 Districts, Article XLI Pine Barrens Overlay District, § 301-197 A. (8) (A) Clearing and Open Space Standards, Pursuant to the Recommendations of the 2024 Comprehensive Plan Update",ADOPTED [UNANIMOUS],True,Kenneth Rothwell,Robert Kern,,aye,aye,aye,aye,aye
"April 1, 2025",46,2025-325,Adopts Local Law to Amend Town Code Article LVI: Site Plan Review,ADOPTED [UNANIMOUS],True,Robert Kern,Denise Merrifield,,aye,aye,aye,aye,aye
"April 1, 2025",47,2025-326,"Grants Special Permit for the Riverhead Charter School Portable Trailer Application 5117 Sound Ave, Riverhead, NY SCTM No. 600-20-4-3",ADOPTED [3 TO 2],True,Denise Merrifield,Joann Waski,,aye,aye,aye,nay,nay
"April 1, 2025",48,2025-327,Pays Bills,ADOPTED [UNANIMOUS],True,Joann Waski,Kenneth Rothwell,,aye,aye,aye,aye,aye
"April 1, 2025",49,2025-328,"Authorize, Nunc Pro Tunc, Legal Actions Against the Owner, Continental Industrial Center, LLC and All Tenants and Occupants of Premises Located at 28 Lincoln Street, Riverhead, New York",ADOPTED [UNANIMOUS],True,Kenneth Rothwell,Robert Kern,,aye,aye,aye,aye,aye
"March 18, 2025",1,2025-242,Highway Department Budget Transfer,ADOPTED [UNANIMOUS],True,Kenneth Rothwell,Robert Kern,,aye,aye,aye,aye,aye
"March 18, 2025",2,2025-243,Capital Project 12503 - Wading River Highway Building - Fund Balance Transfer,ADOPTED [UNANIMOUS],True,Robert Kern,Denise Merrifield,,aye,aye,aye,aye,aye
"March 18, 2025",3,2025-244,Authorizes Transfer of Fixed Assets,ADOPTED [UNANIMOUS],True,Denise Merrifield,Joann Waski,,aye,aye,aye,aye,aye
"March 18, 2025",4,2025-245,Public Interest Order Approving a Capital Improvement for the Proposed Electrical Upgrades at Plant No. 7 Riverhead Water District Project No. 16,ADOPTED [UNANIMOUS],True,Joann Waski,Kenneth Rothwell,,aye,aye,aye,aye,aye
"March 18, 2025",5,2025-246,Authorizes Employee Attendance at Fire Investigator Class,ADOPTED [UNANIMOUS],True,Kenneth Rothwell,Robert Kern,,aye,aye,aye,aye,aye
"March 18, 2025",6,2025-247,Authorizes Attendance at Seminar,ADOPTED [UNANIMOUS],True,Robert Kern,Denise Merrifield,,aye,aye,aye,aye,aye
"March 18, 2025",7,2025-248,Ratifies the Amendment of a Portion of Resolution #2025-17 Adopted on 1.7.25 to Correct the Rate of a Call-In Rec Aide,ADOPTED [UNANIMOUS],True,Denise Merrifield,Joann Waski,,aye,aye,aye,aye,aye
"March 18, 2025",8,2025-249,Ratifies and Accepts the Resignation of a Part-Time Police Officer,ADOPTED [UNANIMOUS],True,Joann Waski,Kenneth Rothwell,,aye,aye,aye,aye,aye
"March 18, 2025",9,2025-250,Adopts a Local Law to Amend Chapter 229 of the Riverhead Town Code Titled “Excavation and Grading” Section 9 Thereof “Fees”,ADOPTED [UNANIMOUS],True,Kenneth Rothwell,Robert Kern,,aye,aye,aye,aye,aye
"March 18, 2025",10,2025-251,"Sets Fees for Yard Sales, Attic Sales, Garage Sales and Auction Sales",ADOPTED [UNANIMOUS],True,Robert Kern,Denise Merrifield,,aye,aye,aye,aye,aye
"March 18, 2025",11,2025-252,Sets Peddling and Soliciting Fees,ADOPTED [UNANIMOUS],True,Denise Merrifield,Joann Waski,,aye,aye,aye,aye,aye
"March 18, 2025",12,2025-253,Sets Animal Fees,ADOPTED [UNANIMOUS],True,Joann Waski,Kenneth Rothwell,,aye,aye,aye,aye,aye
"March 18, 2025",13,2025-254,Authorizes the Supervisor to Execute Agreement with Raynor Group for Highway Building Project,ADOPTED [UNANIMOUS],True,Kenneth Rothwell,Robert Kern,,aye,aye,aye,aye,aye
"March 18, 2025",14,2025-255,Authorizes the Supervisor to Execute a License Agreement with Suffolk County Council of Boy Scouts of America to Utilize Runway at Epcal,ADOPTED [UNANIMOUS],True,Robert Kern,Denise Merrifield,,aye,aye,aye,aye,aye
"March 18, 2025",15,2025-256,"Authorization for the Supervisor to Execute an Agreement with Encore Holdings, LLC, Nunc Pro Tunc",ADOPTED [UNANIMOUS],True,Denise Merrifield,Joann Waski,,aye,aye,aye,aye,aye
"March 18, 2025",16,2025-257,"Authorizes the Supervisor to Execute an Addendum to an Agreement with VHB Engineering, Surveying, Landscape Architecture and Geology, P.C.",ADOPTED [UNANIMOUS],True,Joann Waski,Kenneth Rothwell,,aye,aye,aye,aye,aye
"March 18, 2025",17,2025-258,Authorizes Supervisor to Execute Agreement with Riverhead Lacrosse Club Inc. for Referee/Umpire Services for Town of Riverhead Police Athletic League Girls Grades K-8 Lacrosse Program for 2025 Calendar Year,ADOPTED [UNANIMOUS],True,Kenneth Rothwell,Robert Kern,,aye,aye,aye,aye,aye
"March 18, 2025",18,2025-259,Authorizes the Supervisor to Sign Engagement Letter of Whiteman Osterman & Hanna LLP to Act as Special Counsel Regarding Tax Certiorari and Related Real Property Tax Assessment Matters,ADOPTED [UNANIMOUS],True,Robert Kern,Denise Merrifield,,aye,aye,aye,aye,aye
"March 18, 2025",19,2025-260,Authorizes the Chief of Police to Execute a Student Intern Agreement,ADOPTED [UNANIMOUS],True,Denise Merrifield,Joann Waski,,aye,aye,aye,aye,aye
"March 18, 2025",20,2025-261,Ratifies the Police Department's Application for Grant from NYS Homeland Security Program,ADOPTED [UNANIMOUS],True,Joann Waski,Kenneth Rothwell,,aye,aye,aye,aye,aye
"March 18, 2025",21,2025-262,Ratifies the Settlement of Legal Action Against Riverhead NY Properties LLC,ADOPTED [UNANIMOUS],True,Kenneth Rothwell,Robert Kern,,aye,aye,aye,aye,aye
"March 18, 2025",22,2025-263,Assumes Lead Agency and Issues Negative Declaration Pursuant to SEQRA for Town OF Riverhead Downtown Revitalization Projects,ADOPTED [UNANIMOUS],True,Robert Kern,Denise Merrifield,,aye,aye,aye,aye,aye
"March 18, 2025",23,2025-264,Grants Chapter 229 Excavation/Exportation Permit for Fisher Organization LLC 836 E Main Street Riverhead NY SCTM No. 600-127-6- 07.1,ADOPTED [UNANIMOUS],True,Denise Merrifield,Joann Waski,,aye,aye,aye,aye,aye
"March 18, 2025",24,2025-265,Authorizes Town Clerk to Publish and Post Notice to Bidders for Dry Hydrated Lime (Calcium Hydroxide),ADOPTED [UNANIMOUS],True,Joann Waski,Kenneth Rothwell,,aye,aye,aye,aye,aye
"March 18, 2025",25,2025-266,Extends Bid Nunc Pro Tunc for Printing Recreation Brochure,ADOPTED [UNANIMOUS],True,Kenneth Rothwell,Robert Kern,,aye,aye,aye,aye,aye
"March 18, 2025",26,2025-267,Extends Bid Nunc Pro Tunc for Traffic Signal Emergency Repair and Additional Work as Authorized,ADOPTED [UNANIMOUS],True,Robert Kern,Denise Merrifield,,aye,aye,aye,aye,aye
"March 18, 2025",27,2025-268,Extends Bid Nunc Pro Tunc for Generator Maintenance,ADOPTED [UNANIMOUS],True,Denise Merrifield,Joann Waski,,aye,aye,aye,aye,aye
"March 18, 2025",28,2025-269,Extends Bid Nunc Pro Tunc for Dowflake XTRA 83-87% Calcium Chloride or Equal,ADOPTED [UNANIMOUS],True,Joann Waski,Kenneth Rothwell,,aye,aye,aye,aye,aye
"March 18, 2025",29,2025-270,Extends Additional Bid for Chemicals for Sewer District,ADOPTED [UNANIMOUS],True,Kenneth Rothwell,Robert Kern,,aye,aye,aye,aye,aye
"March 18, 2025",30,2025-271,Awards Bid for Two-Way Radio Service for Highway Department,ADOPTED [UNANIMOUS],True,Robert Kern,Denise Merrifield,,aye,aye,aye,aye,aye
"March 18, 2025",31,2025-272,Awards Bid for Water Service Materials,ADOPTED [UNANIMOUS],True,Denise Merrifield,Joann Waski,,aye,aye,aye,aye,aye
"March 18, 2025",32,2025-273,"Bond Resolution of the Town of Riverhead, New York, Adopted March 18, 2025, Appropriating $2,350,000",ADOPTED [UNANIMOUS],True,Joann Waski,Kenneth Rothwell,,aye,aye,aye,aye,aye
"March 18, 2025",33,2025-274,Resolution Granting the State of New York Authority to Perform the Adjustment for the Owner and Agreeing to Maintain Facilities Adjusted Via State-Let Contract,ADOPTED [UNANIMOUS],True,Kenneth Rothwell,Robert Kern,,aye,aye,aye,aye,aye
"March 18, 2025",34,2025-275,Approves Special Event Chapter 255 Application for Slow Food East End (Earth Day Celebration),ADOPTED [UNANIMOUS],True,Robert Kern,Denise Merrifield,,aye,aye,aye,aye,aye
"March 18, 2025",35,2025-276,Approves Special Event Chapter 255 Application for Riverhead Rotary Charity Plant Sale,ADOPTED [UNANIMOUS],True,Denise Merrifield,Joann Waski,,aye,aye,aye,aye,aye
"March 18, 2025",36,2025-277,Approves Special Event Chapter 255 Application for the American Cancer Society (Making Strides Against Cancer of Eastern Long Island Walk),ADOPTED [UNANIMOUS],True,Joann Waski,Kenneth Rothwell,,aye,aye,aye,aye,aye
"March 18, 2025",37,2025-278,"Approves Special Event Chapter 255 Application for Chicken Kidz, LLC (Consignment Event)",ADOPTED [UNANIMOUS],True,Kenneth Rothwell,Robert Kern,,aye,aye,aye,aye,aye
"March 18, 2025",38,2025-279,Pays Bills,ADOPTED [UNANIMOUS],True,Robert Kern,Denise Merrifield,,aye,aye,aye,aye,aye
"March 4, 2025",1,2025-210,"Budget Adoption for the Removal of All Litter, Garbage/Refuse, Rubbish, Upon the Premises Known as 12 Longview Drive, Riverhead, Suffolk County, New York, SCTM # 0600.-0014.00- 02.00-012.000",ADOPTED [UNANIMOUS],True,Kenneth Rothwell,Robert Kern,,absent,aye,aye,aye,aye
"March 4, 2025",2,2025-211,EPCAL Emergency Access Road Capital Project 52311 Budget Adoption,ADOPTED [UNANIMOUS],True,Robert Kern,Denise Merrifield,,absent,aye,aye,aye,aye
"March 4, 2025",3,2025-212,Water District Capital Project #82050 Budget Adoption,ADOPTED [UNANIMOUS],True,Denise Merrifield,Joann Waski,,absent,aye,aye,aye,aye
"March 4, 2025",4,2025-213,Accepts Donation of Roses for the Senior Center,ADOPTED [UNANIMOUS],True,Joann Waski,Kenneth Rothwell,,absent,aye,aye,aye,aye
"March 4, 2025",5,2025-214,Accepts Donation from Tuthill-Mangano Funeral Home for the Senior Center,ADOPTED [UNANIMOUS],True,Kenneth Rothwell,Robert Kern,,absent,aye,aye,aye,aye
"March 4, 2025",6,2025-215,Authorizes Sewer District Employee to Attend Seminar,ADOPTED [UNANIMOUS],True,Robert Kern,Denise Merrifield,,absent,aye,aye,aye,aye
"March 4, 2025",7,2025-216,Reappoints Members and Appoints One Member to the Small Business Advisory Committee,ADOPTED [UNANIMOUS],True,Denise Merrifield,Joann Waski,,absent,aye,aye,aye,aye
"March 4, 2025",8,2025-217,Appoints Ken Zilnicki as a Member to the Riverhead Farmland Preservation Committee,ADOPTED [UNANIMOUS],True,Joann Waski,Kenneth Rothwell,,absent,aye,aye,aye,aye
"March 4, 2025",9,2025-218,Appoints a Wastewater Treatment Plant Operator Trainee,ADOPTED [UNANIMOUS],True,Kenneth Rothwell,Robert Kern,,absent,aye,aye,aye,aye
"March 4, 2025",10,2025-219,Appoints an Automotive Mechanic II,ADOPTED [UNANIMOUS],True,Robert Kern,Denise Merrifield,,absent,aye,aye,aye,aye
"March 4, 2025",11,2025-220,Ratifies the Transfer of an Employee into a Provisional Appointment of a Community Development Program Analyst,ADOPTED [3 TO 1],True,Denise Merrifield,Joann Waski,,absent,nay,aye,aye,aye
"March 4, 2025",12,2025-221,Ratifies the Appointment of Wastewater Treatment Plant Operator Trainees,ADOPTED [UNANIMOUS],True,Joann Waski,Kenneth Rothwell,,absent,aye,aye,aye,aye
"March 4, 2025",13,2025-222,Ratifies the Appointment of an Automotive Equipment Operator,ADOPTED [UNANIMOUS],True,Kenneth Rothwell,Robert Kern,,absent,aye,aye,aye,aye
"March 4, 2025",14,2025-223,Ratifies the Promotion of an Employee to Assistant Recreation Superintendent I,ADOPTED [UNANIMOUS],True,Robert Kern,Denise Merrifield,,absent,aye,aye,aye,aye
"March 4, 2025",15,2025-224,Ratifies the Promotion of a Public Safety Dispatcher I to a Public Safety Dispatcher II,ADOPTED [UNANIMOUS],True,Denise Merrifield,Joann Waski,,absent,aye,aye,aye,aye
"March 4, 2025",16,2025-225,Approves Salary Adjustments for Municipal Garage Mechanics,ADOPTED [UNANIMOUS],True,Joann Waski,Kenneth Rothwell,,absent,aye,aye,aye,aye
"March 4, 2025",17,2025-226,Terminates an Inactive Employee from the Police Department,ADOPTED [UNANIMOUS],True,Kenneth Rothwell,Robert Kern,,absent,aye,aye,aye,aye
"March 4, 2025",18,2025-227,"Authorizes the Supervisor to Execute a License Agreement with Broadcast Music, Inc. (BMI)",ADOPTED [UNANIMOUS],True,Robert Kern,Denise Merrifield,,absent,aye,aye,aye,aye
"March 4, 2025",19,2025-228,"Authorizes the Supervisor to Execute Lease Renewal Agreement Authorizing the Town to Lease a Vehicle from Suffolk County Office for the Aging for Transportation Services for Elderly Residents, Nunc Pro Tunc",ADOPTED [UNANIMOUS],True,Denise Merrifield,Joann Waski,,absent,aye,aye,aye,aye
"March 4, 2025",20,2025-229,Ratifies Authorization to Purchase CalRes 2109 for the Water District,ADOPTED [UNANIMOUS],True,Joann Waski,Kenneth Rothwell,,absent,aye,aye,aye,aye
"March 4, 2025",21,2025-230,Amends Adopted Rules and Procedures for Town Board of the Town of Riverhead,ADOPTED [UNANIMOUS],True,Kenneth Rothwell,Robert Kern,,absent,aye,aye,aye,aye
"March 4, 2025",22,2025-231,Approves Special Event Chapter 255 Application for St. John the Baptist Ukrainian Church (Blessing of the Cars Car Show),ADOPTED [UNANIMOUS],True,Robert Kern,Denise Merrifield,,absent,aye,aye,aye,aye
"March 4, 2025",23,2025-232,Approves Special Event Chapter 255 Application for Cystic Fibrosis Foundation (CF Cycle for Life),ADOPTED [UNANIMOUS],True,Denise Merrifield,Joann Waski,,absent,aye,aye,aye,aye
"March 4, 2025",24,2025-233,Awards Request for Qualifications for Engineering Services During Construction for Class a Biosolids Upgrade Project for Riverhead Sewer District,ADOPTED [UNANIMOUS],True,Joann Waski,Kenneth Rothwell,,absent,aye,aye,aye,aye
"March 4, 2025",25,2025-234,"Assumes Lead Agency, Issues Conditional Negative Declaration for the Site Plan Application of Island Water Park (D/B/A Scott's Pointe) 5835 Middle Country Road, Calverton, NY SCTM No. 600- 135-1-7.34",ADOPTED [3 TO 1],True,Kenneth Rothwell,Robert Kern,,absent,aye,nay,aye,aye
"March 4, 2025",26,2025-235,"Adopts a Local Law Amending Chapter 207 of the Riverhead Town Code Titled, “Animals”",ADOPTED [UNANIMOUS],True,Robert Kern,Denise Merrifield,,absent,aye,aye,aye,aye
"March 4, 2025",27,2025-236,"Adopts a Local Law Amending Chapter 257 of the Riverhead Town Code Titled, “Peddling and Soliciting”",ADOPTED [UNANIMOUS],True,Denise Merrifield,Joann Waski,,absent,aye,aye,aye,aye
"March 4, 2025",28,2025-237,"Adopts a Local Law Amending Chapter 301 of the Riverhead Town Code Titled, “Zoning and Land Development §301-229. Yard Sales, Attic Sales, Garage Sales and Auction Sales”",ADOPTED [UNANIMOUS],True,Joann Waski,Kenneth Rothwell,,absent,aye,aye,aye,aye
"March 4, 2025",29,2025-238,Ratifies Authorization for the Supervisor to Execute an Agreement with the Riverhead Town Police Benevolent Association,ADOPTED [UNANIMOUS],True,Kenneth Rothwell,Robert Kern,,absent,aye,aye,aye,aye
"March 4, 2025",30,2025-239,Authorizes Submission of Application for Body Armor Vests for Code Enforcement Officers,ADOPTED [UNANIMOUS],True,Robert Kern,Denise Merrifield,,absent,aye,aye,aye,aye
"March 4, 2025",31,2025-240,Ratify the Rescinding of Town Board Resolution 2022-181 and Town Board Resolution 2022-723,ADOPTED [UNANIMOUS],True,Denise Merrifield,Joann Waski,,absent,aye,aye,aye,aye
"March 4, 2025",32,2025-241,Pays Bills,ADOPTED [UNANIMOUS],True,Joann Waski,Kenneth Rothwell,,absent,aye,aye,aye,aye
"February 19, 2025",1,2025-170,"Order Establishing Extension No. 97 of Boundaries and Facilities of the Riverhead Water District for Forge Road, Calverton, New York, at the Properties Known as Sctm District 0600, Section 118, Block 5, Lots 1.1, 1.2, 2 through 11 and 12.1; Section 119, Block 2, Lots 59 through 62; and Section 139, Block 01, Lots 1 through 4",ADOPTED [UNANIMOUS],True,Kenneth Rothwell,Robert Kern,,aye,aye,aye,aye,aye
"February 19, 2025",2,2025-171,Water District Capital Project 82422 Forge Road Extension 97,ADOPTED [UNANIMOUS],True,Robert Kern,Denise Merrifield,,aye,aye,aye,aye,aye
"February 19, 2025",3,2025-172,Water District Capital Project #82335 437-483 Youngs Ave Landfill Solar Project,ADOPTED [UNANIMOUS],True,Denise Merrifield,Joann Waski,,aye,aye,aye,aye,aye
"February 19, 2025",4,2025-173,"Water District Capital Project 82501 Kent Animal Shelter - 2259 River Rd, Calverton",ADOPTED [UNANIMOUS],True,Joann Waski,Kenneth Rothwell,,aye,aye,aye,aye,aye
"February 19, 2025",5,2025-174,Budget Transfer for Water District Capital Project #81951,ADOPTED [UNANIMOUS],True,Kenneth Rothwell,Robert Kern,,aye,aye,aye,aye,aye
"February 19, 2025",6,2025-175,Capital Project 12418 Budget Adjustment,ADOPTED [UNANIMOUS],True,Robert Kern,Denise Merrifield,,aye,aye,aye,aye,aye
"February 19, 2025",7,2025-176,Authorizes Free Beach Stickers to Veterans and Volunteer Fire and Ambulance Departments,ADOPTED [UNANIMOUS],True,Denise Merrifield,Joann Waski,,aye,aye,aye,aye,aye
"February 19, 2025",8,2025-177,Authorize Attendance at GFOA Annual Conference,ADOPTED [UNANIMOUS],True,Joann Waski,Kenneth Rothwell,,aye,aye,aye,aye,aye
"February 19, 2025",9,2025-178,Fund Balance Budget Transfer for Ambulance District - Replacement Radios,ADOPTED [UNANIMOUS],True,Kenneth Rothwell,Robert Kern,,aye,aye,aye,aye,aye
"February 19, 2025",10,2025-179,Authorizes the Supervisor to Execute an Agreement with the Nassau County Police Activity League - Lacrosse Unit for Referee/Umpire Services and Team Fees for Town of Riverhead Police Athletic League Boys Lacrosse Program Grades K-8 for 2025 Calendar Year,ADOPTED [UNANIMOUS],True,Robert Kern,Denise Merrifield,,aye,aye,aye,aye,aye
"February 19, 2025",11,2025-180,Appoints a Call-In Park Attendant to the Recreation Department,ADOPTED [UNANIMOUS],True,Denise Merrifield,Joann Waski,,aye,aye,aye,aye,aye
"February 19, 2025",12,2025-181,Appoints a Traffic Control Specialist,ADOPTED [UNANIMOUS],True,Joann Waski,Kenneth Rothwell,,aye,aye,aye,aye,aye
"February 19, 2025",13,2025-182,Appoints a Fire Marshal I,ADOPTED [UNANIMOUS],True,Kenneth Rothwell,Robert Kern,,aye,aye,aye,aye,aye
"February 19, 2025",14,2025-183,Ratifies the Appointment of a Temporary Part-Time Principal Account Clerk,ADOPTED [UNANIMOUS],True,Robert Kern,Denise Merrifield,,aye,aye,aye,aye,aye
"February 19, 2025",15,2025-184,Ratifies Salary Adjustment for Pump Out Boat Operator,ADOPTED [UNANIMOUS],True,Denise Merrifield,Joann Waski,,aye,aye,aye,aye,aye
"February 19, 2025",16,2025-185,Ratifies the Promotion of a Code Enforcement Officer (Spanish Speaking) to an Ordinance Inspector (Spanish Speaking),ADOPTED [UNANIMOUS],True,Joann Waski,Kenneth Rothwell,,aye,aye,aye,aye,aye
"February 19, 2025",17,2025-186,Ratifies the Promotion of a Public Safety Dispatcher II to a Public Safety Dispatcher III,ADOPTED [UNANIMOUS],True,Kenneth Rothwell,Robert Kern,,aye,aye,aye,aye,aye
"February 19, 2025",18,2025-187,Accepts the Retirement of Wastewater District Superintendent,ADOPTED [UNANIMOUS],True,Robert Kern,Denise Merrifield,,aye,aye,aye,aye,aye
"February 19, 2025",19,2025-188,Accepts the Retirement of a Town Building and Planning Administrator,ADOPTED [UNANIMOUS],True,Denise Merrifield,Joann Waski,,aye,aye,aye,aye,aye
"February 19, 2025",20,2025-189,"Grants Special Permit for Sandy Pond Links Clubhouse, Manager's Residence, Trade Shops 1495 Roanoke Avenue, Riverhead, NY SCTM No. 600-82-1-12.1",ADOPTED [UNANIMOUS],True,Joann Waski,Kenneth Rothwell,,aye,aye,aye,aye,aye
"February 19, 2025",21,2025-190,Extends Bid for Chemicals for Riverhead Sewer District,ADOPTED [UNANIMOUS],True,Kenneth Rothwell,Robert Kern,,aye,aye,aye,aye,aye
"February 19, 2025",22,2025-191,Authorizes the Town Clerk to Publish and Post Bid for Water Service Materials,ADOPTED [UNANIMOUS],True,Robert Kern,Denise Merrifield,,aye,aye,aye,aye,aye
"February 19, 2025",23,2025-192,"Authorizes Town Clerk to Publish and Post Notice to Amend Chapter 301 Zoning and Land Development, Part 3 Supplementary Use Regulations, Article LIID Battery Energy Storage Systems , §301-283.31 Requirements for Tier 2 Battery Energy Storage Systems Pursuant to the Recommendations of the 2024 Comprehensive Plan Update",ADOPTED [UNANIMOUS],True,Denise Merrifield,Joann Waski,,aye,aye,aye,aye,aye
"February 19, 2025",24,2025-193,"Authorizes Town Clerk to Publish and Post Notice to Amend Chapter 301 Zoning and Land Development, Part 3 Supplementary Use Regulations, Article LII Commercial Solar Energy Production Systems, §301-281 Purpose; Permitted Districts; Definitions Pursuant to the Recommendations of the 2024 Comprehensive Plan Update",ADOPTED [UNANIMOUS],True,Joann Waski,Kenneth Rothwell,,aye,aye,aye,aye,aye
"February 19, 2025",25,2025-194,"Authorizes Town Clerk to Publish and Post Notice to Amend Chapter 301 Zoning and Land Development, Part 3 Supplementary Use Regulations, Article LI Wireless Communications Towers, Antennas and Satellite Earth Stations, §301-274 Permit Required; Applicability, Pursuant to the Recommendations of the 2024 Comprehensive Plan Update",ADOPTED [UNANIMOUS],True,Kenneth Rothwell,Robert Kern,,aye,aye,aye,aye,aye
"February 19, 2025",26,2025-195,"Authorizes Town Clerk to Publish and Post Notice to Amend Chapter 301 Zoning and Land Development, Part 3 Supplementary Use Regulations , Article XLVIII Signs, §301-254 H. Zoning Use Districts, Pursuant to the Recommendations of the 2024 Comprehensive Plan Update",ADOPTED [UNANIMOUS],True,Robert Kern,Denise Merrifield,,aye,aye,aye,aye,aye
"February 19, 2025",27,2025-196,"Authorizes Town Clerk to Publish and Post Notice to Amend Chapter 301 Zoning and Land Development, Part 2 Districts, Article XLI Pine Barrens Overlay District, § 301-197 A. (8) (A) Clearing and Open Space Standards, Pursuant to the Recommendations of the 2024 Comprehensive Plan Update",ADOPTED [UNANIMOUS],True,Denise Merrifield,Joann Waski,,aye,aye,aye,aye,aye
"February 19, 2025",28,2025-197,"Schedules Public Hearing for Code Amendment to Town Code Chapter 301, Article LVI; Site Plan Review",ADOPTED [UNANIMOUS],True,Joann Waski,Kenneth Rothwell,,aye,aye,aye,aye,aye
"February 19, 2025",29,2025-198,"Schedules Public Hearing for Amendment to Town Code Chapter 301, Article XLVIII: Signs",ADOPTED [UNANIMOUS],True,Kenneth Rothwell,Robert Kern,,aye,aye,aye,aye,aye
"February 19, 2025",30,2025-199,Approves the Special Event Chapter 255 Application for the Dashan J. Briggs Memorial Foundation Inc. (Run for Briggs 5K),ADOPTED [UNANIMOUS],True,Robert Kern,Denise Merrifield,,aye,aye,aye,aye,aye
"February 19, 2025",31,2025-200,Amends Town Board Resolution 2025-110,ADOPTED [UNANIMOUS],True,Denise Merrifield,Joann Waski,,aye,aye,aye,aye,aye
"February 19, 2025",32,2025-201,"Authorizes the Supervisor to Execute a Professional Services Agreement with the Raynor Group, P.E. & L.S., PLLC",ADOPTED [UNANIMOUS],True,Joann Waski,Kenneth Rothwell,,aye,aye,aye,aye,aye
"February 19, 2025",33,2025-202,Authorizes the Supervisor to Execute an Agreement with HonkMobile USA LTD,ADOPTED [UNANIMOUS],True,Kenneth Rothwell,Robert Kern,,aye,aye,aye,aye,aye
"February 19, 2025",34,2025-203,"Authorizes the Town Supervisor to Execute a Retainer Agreement with Volz & Vigliotta, PLLC",ADOPTED [UNANIMOUS],True,Robert Kern,Denise Merrifield,,aye,aye,aye,aye,aye
"February 19, 2025",35,2025-204,Authorizes Submission of Application to Apply for Reimbursement of New Pump for the Pumpout Boat to New York State Environmental Facilities Corporation (EFC),ADOPTED [UNANIMOUS],True,Denise Merrifield,Joann Waski,,aye,aye,aye,aye,aye
"February 19, 2025",36,2025-205,Amends Town Board Resolution 2025-1,ADOPTED [UNANIMOUS],True,Joann Waski,Kenneth Rothwell,,aye,aye,aye,aye,aye
"February 19, 2025",37,2025-206,Pays Bills,ADOPTED [UNANIMOUS],True,Kenneth Rothwell,Robert Kern,,aye,aye,aye,aye,aye
"February 19, 2025",38,2025-207,Budget Transfer for 2024 Legal Fees,ADOPTED [UNANIMOUS],True,Robert Kern,Denise Merrifield,,aye,aye,aye,aye,aye
"February 19, 2025",39,2025-208,"Ratifies the Settlement of Legal Action Against Carlos Rubio, Judith Rubio and Reyna Garcia",ADOPTED [UNANIMOUS],True,Denise Merrifield,Joann Waski,,aye,aye,aye,aye,aye
"February 19, 2025",40,2025-209,Amends Town Board Resolutions #2021-563 And #2024-438 for Building Department Fees,ADOPTED [UNANIMOUS],True,Joann Waski,Kenneth Rothwell,,aye,aye,aye,aye,aye
"February 4, 2025",1,2025-134,Ratifies Budget Transfer for Highway Equipment Purchases,ADOPTED [UNANIMOUS],True,Kenneth Rothwell,Robert Kern,,aye,aye,aye,aye,aye
"February 4, 2025",2,2025-135,Authorizes the Removal of Fixed Assets,ADOPTED [UNANIMOUS],True,Robert Kern,Denise Merrifield,,aye,aye,aye,aye,aye
"February 4, 2025",3,2025-136,Authorizes Employees to Attend IAAI Conference 2025,ADOPTED [UNANIMOUS],True,Denise Merrifield,Joann Waski,,aye,aye,aye,aye,aye
"February 4, 2025",4,2025-137,Amends Resolution 2025-94,ADOPTED [UNANIMOUS],True,Joann Waski,Kenneth Rothwell,,aye,aye,aye,aye,aye
"February 4, 2025",5,2025-138,Appoints a Call-In Park Attendant to the Recreation Department,ADOPTED [UNANIMOUS],True,Kenneth Rothwell,Robert Kern,,aye,aye,aye,aye,aye
"February 4, 2025",6,2025-139,Appoints a Call-In Assistant Recreation Leader to the Recreation Department,ADOPTED [UNANIMOUS],True,Robert Kern,Denise Merrifield,,aye,aye,aye,aye,aye
"February 4, 2025",7,2025-140,Appoints a Call-In Park Attendant to the Recreation Department,ADOPTED [UNANIMOUS],True,Denise Merrifield,Joann Waski,,aye,aye,aye,aye,aye
"February 4, 2025",8,2025-141,Ratifies the Rehire of Call-In Employees to the Recreation Department,ADOPTED [UNANIMOUS],True,Joann Waski,Kenneth Rothwell,,aye,aye,aye,aye,aye
"February 4, 2025",9,2025-142,Appoints a Part-Time Office Assistant to the Recreation Department,ADOPTED [UNANIMOUS],True,Kenneth Rothwell,Robert Kern,,aye,aye,aye,aye,aye
"February 4, 2025",10,2025-143,Reappoints Member to Recreation Advisory Committee (Savio),ADOPTED [UNANIMOUS],True,Robert Kern,Denise Merrifield,,aye,aye,aye,aye,aye
"February 4, 2025",11,2025-144,Terminate Inactive Employees from the Police Department,ADOPTED [UNANIMOUS],True,Denise Merrifield,Joann Waski,,aye,aye,aye,aye,aye
"February 4, 2025",12,2025-145,Accepts the Retirement of a Construction Equipment Operator,ADOPTED [UNANIMOUS],True,Joann Waski,Kenneth Rothwell,,aye,aye,aye,aye,aye
"February 4, 2025",13,2025-146,Accepts the Retirement of a Principal Account Clerk,ADOPTED [UNANIMOUS],True,Kenneth Rothwell,Robert Kern,,aye,aye,aye,aye,aye
"February 4, 2025",14,2025-147,Authorizes Submission of Letter of Intent and Execution of Contract by the Supervisor for Operation and Maintenance Grant Program to New York State Environmental Facilities Corporation (EFC),ADOPTED [UNANIMOUS],True,Robert Kern,Denise Merrifield,,aye,aye,aye,aye,aye
"February 4, 2025",15,2025-148,Authorizes Community Development Division to Seek Grant Funding for Wesley Dean Ackley Memorial Skate Park Project,ADOPTED [UNANIMOUS],True,Denise Merrifield,Joann Waski,,aye,aye,aye,aye,aye
"February 4, 2025",16,2025-149,"Extends Bid Nunc Pro Tunc for 2023 or Newer Chassis, 10' 304 Stainless Steel Dump Body, Custom Low Mount Hitch, 10' Stainless Steel Material Spreader, 11' Snow Plow and Central Hydraulics for the Highway Department",ADOPTED [UNANIMOUS],True,Joann Waski,Kenneth Rothwell,,aye,aye,aye,aye,aye
"February 4, 2025",17,2025-150,"Awards Bid for Sensus Water Meters & Accessory Equipment, or Reasonable Equivalent, and Repair to Meter Reading Equipment",ADOPTED [UNANIMOUS],True,Kenneth Rothwell,Robert Kern,,aye,aye,aye,aye,aye
"February 4, 2025",18,2025-151,Resolution Calling Public Hearing Regarding a Capital Improvement for the Proposed Electrical Upgrades at Plant No. 7 Riverhead Water District Project No. 16,ADOPTED [UNANIMOUS],True,Robert Kern,Denise Merrifield,,aye,aye,aye,aye,aye
"February 4, 2025",19,2025-152,Authorize Town Clerk to Publish and Post Public Notice to Consider a Local Law to Amend Chapter 229 of the Riverhead Town Code Titled “Excavation and Grading” Section 9 Thereof “Fees”,ADOPTED [UNANIMOUS],True,Denise Merrifield,Joann Waski,,aye,aye,aye,aye,aye
"February 4, 2025",20,2025-153,Authorizes Supervisor to Execute Polling Place Agreement with Suffolk County Board of Elections for the Use of the George Young Community Center and the Riverhead Senior Center for 2025 and 2026 Primary and General Elections,ADOPTED [UNANIMOUS],True,Joann Waski,Kenneth Rothwell,,aye,aye,aye,aye,aye
"February 4, 2025",21,2025-154,Approves Special Event Chapter 255 Application for Home Depot Plant Sale,ADOPTED [UNANIMOUS],True,Kenneth Rothwell,Robert Kern,,aye,aye,aye,aye,aye
"February 4, 2025",22,2025-155,Ratifies the Resignation of an Accountant,ADOPTED [UNANIMOUS],True,Robert Kern,Denise Merrifield,,aye,aye,aye,aye,aye
"February 4, 2025",23,2025-156,"Authorizes Continued Service with Municipal CMS, LLC for Website Maintenance",ADOPTED [UNANIMOUS],True,Denise Merrifield,Joann Waski,,aye,aye,aye,aye,aye
"February 4, 2025",24,2025-157,Authorizes Reduction of Performance Security for Overlook Homes Major Subdivision,ADOPTED [UNANIMOUS],True,Joann Waski,Kenneth Rothwell,,aye,aye,aye,aye,aye
"February 4, 2025",25,2025-158,"Grants Chapter 229 Excavation/Exportation Permit for Cauliflower Square LLC N/W Corner of Old Country Road Mill Road, Riverhead, NY SCTM No. 600-101-1-11",ADOPTED [UNANIMOUS],True,Kenneth Rothwell,Robert Kern,,aye,aye,aye,aye,aye
"February 4, 2025",26,2025-159,Ratifies Acceptance of Donation of Temporary Use of Freezer Trailer for Senior Center,ADOPTED [UNANIMOUS],True,Robert Kern,Denise Merrifield,,aye,aye,aye,aye,aye
"February 4, 2025",27,2025-160,"Ratifies the Settlement of Legal Action Against Canal House, LLC D/B/A “Victorville by the Sea” and Victor Ozeri",ADOPTED [UNANIMOUS],True,Denise Merrifield,Joann Waski,,aye,aye,aye,aye,aye
"February 4, 2025",28,2025-161,Authorize Supervisor to Execute Agreement with Interpreter for Justice Court (Avelar-Gonzalez),ADOPTED [UNANIMOUS],True,Joann Waski,Kenneth Rothwell,,aye,aye,aye,aye,aye
"February 4, 2025",29,2025-162,Authorize Supervisor to Execute Agreement with Interpreter for Justice Court (Rosalia),ADOPTED [UNANIMOUS],True,Kenneth Rothwell,Robert Kern,,aye,aye,aye,aye,aye
"February 4, 2025",30,2025-163,Authorize Supervisor to Execute Agreement with Interpreter for Justice Court (Castro-Taboada),ADOPTED [UNANIMOUS],True,Robert Kern,Denise Merrifield,,aye,aye,aye,aye,aye
"February 4, 2025",31,2025-164,Authorize Supervisor to Execute Agreement with Interpreter for Justice Court (Gulli),ADOPTED [UNANIMOUS],True,Denise Merrifield,Joann Waski,,aye,aye,aye,aye,aye
"February 4, 2025",32,2025-165,Authorize Supervisor to Execute Agreement with Interpreter for Justice Court (Espinoza),ADOPTED [UNANIMOUS],True,Joann Waski,Kenneth Rothwell,,aye,aye,aye,aye,aye
"February 4, 2025",33,2025-166,Sets Fire Prevention Fees for Energy Storage Facilities,ADOPTED [UNANIMOUS],True,Kenneth Rothwell,Robert Kern,,aye,aye,aye,aye,aye
"February 4, 2025",34,2025-167,Pays Bills,ADOPTED [UNANIMOUS],True,Denise Merrifield,Joann Waski,,aye,aye,aye,aye,aye
"February 4, 2025",35,2025-168,"Authorizing Legal Action Against the Owners, Tenants and Occupants of Premises Located at 1944 Wading River Manor Road, Wading River, New York",ADOPTED [UNANIMOUS],True,Joann Waski,Kenneth Rothwell,,aye,aye,aye,aye,aye
"February 4, 2025",36,2025-169,"Establishes the Town of Riverhead Hispanic Development, Empowerment and Education Committee and Appoints Members",ADOPTED [UNANIMOUS],True,Kenneth Rothwell,Robert Kern,,aye,aye,aye,aye,aye
"January 22, 2025",1,2025-89,Budget Adoption of Community Benefit Funds for Open Space Project,ADOPTED [UNANIMOUS],True,Kenneth Rothwell,Robert Kern,,aye,aye,aye,aye,aye
"January 22, 2025",2,2025-90,Fund Balance Budget Transfer for Code Enforcement Vehicle Purchase,ADOPTED [UNANIMOUS],True,Robert Kern,Denise Merrifield,,aye,aye,aye,aye,aye
"January 22, 2025",3,2025-91,Water District Capital Project 82301 Budget Amendment,ADOPTED [UNANIMOUS],True,Denise Merrifield,Joann Waski,,aye,aye,aye,aye,aye
"January 22, 2025",4,2025-92,Authorizes Sewer District Employees to Attend Nywea Meeting and Training Conference,ADOPTED [UNANIMOUS],True,Joann Waski,Kenneth Rothwell,,aye,aye,aye,aye,aye
"January 22, 2025",5,2025-93,Authorizes the Attendance by Deputy Town Attorney Ceru at the 2025 Annual Meeting & Training School Held by the Association of Towns,ADOPTED [UNANIMOUS],True,Kenneth Rothwell,Robert Kern,,aye,aye,aye,aye,aye
"January 22, 2025",6,2025-94,Authorizes Town Justice to Attend Training Conference,ADOPTED [UNANIMOUS],True,Robert Kern,Denise Merrifield,,aye,aye,aye,aye,aye
"January 22, 2025",7,2025-95,Appoints an Account Clerk,ADOPTED [UNANIMOUS],True,Denise Merrifield,Joann Waski,,aye,aye,aye,aye,aye
"January 22, 2025",8,2025-96,Appoints a Site Plan Reviewer,ADOPTED [UNANIMOUS],True,Joann Waski,Kenneth Rothwell,,aye,aye,aye,aye,aye
"January 22, 2025",9,2025-97,Appoints Alexander Escobar to the Anti-Bias Task Force,TABLED [UNANIMOUS] Next: 2/19/2025 6:00 PM,False,Tim Hubbard,Kenneth Rothwell,,aye,aye,aye,aye,aye
"January 22, 2025",10,2025-98,Appoints a Part-Time Traffic Control Specialist,ADOPTED [UNANIMOUS],True,Robert Kern,Denise Merrifield,,aye,aye,aye,aye,aye
"January 22, 2025",11,2025-99,Appoints a Call-In Recreation Aide to the Recreation Department,ADOPTED [UNANIMOUS],True,Denise Merrifield,Joann Waski,,aye,aye,aye,aye,aye
"January 22, 2025",12,2025-100,Ratifies the Appointment of a Temporary Part-Time Office Assistant,ADOPTED [UNANIMOUS],True,Joann Waski,Kenneth Rothwell,,aye,aye,aye,aye,aye
"January 22, 2025",13,2025-101,Ratifies the Reassignment of an Office Assistant,ADOPTED [UNANIMOUS],True,Kenneth Rothwell,Robert Kern,,aye,aye,aye,aye,aye
"January 22, 2025",14,2025-102,Ratifies the Resignation of a Part-Time Bi-Lingual Clerk,ADOPTED [UNANIMOUS],True,Robert Kern,Denise Merrifield,,aye,aye,aye,aye,aye
"January 22, 2025",15,2025-103,Ratifies the Reclassification of a Maintenance Mechanic II to Maintenance Mechanic III,ADOPTED [UNANIMOUS],True,Denise Merrifield,Joann Waski,,aye,aye,aye,aye,aye
"January 22, 2025",16,2025-104,Amends Resolution 2025-9,ADOPTED [UNANIMOUS],True,Joann Waski,Kenneth Rothwell,,aye,aye,aye,aye,aye
"January 22, 2025",17,2025-105,Amends Resolution 2025-69,ADOPTED [UNANIMOUS],True,Kenneth Rothwell,Robert Kern,,aye,aye,aye,aye,aye
"January 22, 2025",18,2025-106,Approves a Stipend for Pine Barrens Designee,ADOPTED [UNANIMOUS],True,Robert Kern,Denise Merrifield,,aye,aye,aye,aye,aye
"January 22, 2025",19,2025-107,"Authorizes the Filing of an Application for New York State Assistance from the Household Hazardous Waste (HHW) State Assistance Program and Signing of the Associated State Contract, Under the Appropriate Laws of New York State",ADOPTED [UNANIMOUS],True,Denise Merrifield,Joann Waski,,aye,aye,aye,aye,aye
"January 22, 2025",20,2025-108,"Authorizes Renewal of a Musical Works License Agreement with the American Society of Composers, Authors and Publishers (ASCAP) 2025",ADOPTED [UNANIMOUS],True,Joann Waski,Kenneth Rothwell,,aye,aye,aye,aye,aye
"January 22, 2025",21,2025-109,"Authorizes the Supervisor to Execute an Addendum to an Agreement with LVF Landscape Architects, PLLC (Streetscape)",ADOPTED [UNANIMOUS],True,Kenneth Rothwell,Robert Kern,,aye,aye,aye,aye,aye
"January 22, 2025",22,2025-110,"Authorizes the Supervisor to Execute an Addendum to an Agreement with LVF Landscape Architects, PLLC (Playground)",ADOPTED [UNANIMOUS],True,Robert Kern,Denise Merrifield,,aye,aye,aye,aye,aye
"January 22, 2025",23,2025-111,"Grants Chapter 229 Excavation/Exportation Permit for GR Riverhead Land LLC (Washville) 1535 Old Country Road, Riverhead, NY SCTM No. 600-101-2-12.6",ADOPTED [UNANIMOUS],True,Denise Merrifield,Joann Waski,,aye,aye,aye,aye,aye
"January 22, 2025",24,2025-112,Amends Resolution #86-2025 Setting Fees for Taxicabs and Vehicles for Hire Pursuant to Chapter 281 of the Riverhead Town Code,ADOPTED [UNANIMOUS],True,Joann Waski,Kenneth Rothwell,,aye,aye,aye,aye,aye
"January 22, 2025",25,2025-113,"Notice of Public Hearing Chapter 207 to Consider a Proposed Local Law Amending Chapter 207 of the Riverhead Town Code Titled, “Dogs and Domestic/ Farm Animals”",ADOPTED [UNANIMOUS],True,Kenneth Rothwell,Robert Kern,,aye,aye,aye,aye,aye
"January 22, 2025",26,2025-114,"Authorizes Town Clerk to Publish and Post Public Notice to Consider a Local Law to Amend Chapter 257, Titled “Peddling and Soliciting” of the Riverhead Town Code",ADOPTED [UNANIMOUS],True,Robert Kern,Denise Merrifield,,aye,aye,aye,aye,aye
"January 22, 2025",27,2025-115,"Authorizes Town Clerk to Publish and Post Public Notice to Consider a Local Law to Amend Chapter 301, Titled “Yard Sales” of the Riverhead Town Code",ADOPTED [UNANIMOUS],True,Denise Merrifield,Joann Waski,,aye,aye,aye,aye,aye
"January 22, 2025",28,2025-116,"Resolution Calling Public Hearing Regarding a Capital Improvement for the Extension (No. 97) of Boundaries and Facilities of the Riverhead Water District for Forge Road, Calverton, New York at the Properties Known as SCTM District 0600, Section 118, Block 5, Lots 1.1, 1.2, 2 through 11 and 12.1; Section 119, Block 2, Lots 59 through 62; and Section 139, Block 1, Lots 1 through 4",ADOPTED [UNANIMOUS],True,Joann Waski,Kenneth Rothwell,,aye,aye,aye,aye,aye
"January 22, 2025",29,2025-117,Authorizes the Town Clerk to Publish and Post Request for Qualifications for Engineering Services During Construction for Class a Biosolids Upgrade Project for Riverhead Sewer District,ADOPTED [UNANIMOUS],True,Kenneth Rothwell,Robert Kern,,aye,aye,aye,aye,aye
"January 22, 2025",30,2025-118,Authorizes the Town Clerk to Publish and Post New Notice to Bidders for Janitorial and Kitchen Supplies,ADOPTED [UNANIMOUS],True,Robert Kern,Denise Merrifield,,aye,aye,aye,aye,aye
"January 22, 2025",31,2025-119,Authorizes Town Clerk to Publish and Post Bid for Two Way Radio Service for Highway Department,ADOPTED [UNANIMOUS],True,Denise Merrifield,Joann Waski,,aye,aye,aye,aye,aye
"January 22, 2025",32,2025-120,Awards Bid for Highway Department Grinding of Town Yard Waste On-Site at South Side Young's Avenue Yard Waste Facility,ADOPTED [UNANIMOUS],True,Joann Waski,Kenneth Rothwell,,aye,aye,aye,aye,aye
"January 22, 2025",33,2025-121,"Awards Bid for Construction of Pump Station at East Wind Drive - Town Capital Project No. 19, Contracts P, G, and E",ADOPTED [UNANIMOUS],True,Kenneth Rothwell,Robert Kern,,aye,aye,aye,aye,aye
"January 22, 2025",34,2025-122,Extends Bid Nunc Pro Tunc for Electrical System Maintenance and Emergency Service Contract for Riverhead Water District,ADOPTED [UNANIMOUS],True,Robert Kern,Denise Merrifield,,aye,aye,aye,aye,aye
"January 22, 2025",35,2025-123,Extends Bid Nunc Pro Tunc for Hydraulic Control Valve Maintenance Services for Riverhead Water District,ADOPTED [UNANIMOUS],True,Denise Merrifield,Joann Waski,,aye,aye,aye,aye,aye
"January 22, 2025",36,2025-124,Extends Bid Nunc Pro Tunc for Directional Drilling Service for Riverhead Water District,ADOPTED [UNANIMOUS],True,Joann Waski,Kenneth Rothwell,,aye,aye,aye,aye,aye
"January 22, 2025",37,2025-125,Extends Bid Nunc Pro Tunc for Distribution System Maintenance and Emergency Services Contract - Riverhead Water District,ADOPTED [UNANIMOUS],True,Kenneth Rothwell,Robert Kern,,aye,aye,aye,aye,aye
"January 22, 2025",38,2025-126,Extends Bid Nunc Pro Tunc for Process Control System Maintenance and Emergency Services Contract Riverhead Water District,ADOPTED [UNANIMOUS],True,Robert Kern,Denise Merrifield,,aye,aye,aye,aye,aye
"January 22, 2025",39,2025-127,Extends Bid Nunc Pro Tunc for Mechanical Maintenance and Emergency Services Contract for Riverhead Water District,ADOPTED [UNANIMOUS],True,Denise Merrifield,Joann Waski,,aye,aye,aye,aye,aye
"January 22, 2025",40,2025-128,Amends Resolution #969-2024 (East End Arts Mosaic Festival Date Change),ADOPTED [UNANIMOUS],True,Joann Waski,Kenneth Rothwell,,aye,aye,aye,aye,aye
"January 22, 2025",41,2025-129,Approves Special Event Chapter 255 Application for NY Marine Rescue Center (Run for the Ridley 5K),ADOPTED [UNANIMOUS],True,Kenneth Rothwell,Robert Kern,,aye,aye,aye,aye,aye
"January 22, 2025",42,2025-130,Approves Special Event Chapter 255 Application for New York Marine Rescue Center (Paddle Battle Long Island),ADOPTED [UNANIMOUS],True,Robert Kern,Denise Merrifield,,aye,aye,aye,aye,aye
"January 22, 2025",43,2025-131,Pays Bills,ADOPTED [UNANIMOUS],True,Denise Merrifield,Joann Waski,,aye,aye,aye,aye,aye
"January 22, 2025",44,2025-132,Ratifies Authorization for the Town Attorney to Execute a Retainer Agreement with Sokoloff Stern LLP,ADOPTED [UNANIMOUS],True,Joann Waski,Kenneth Rothwell,,aye,aye,aye,aye,aye
"January 22, 2025",45,2025-133,"Ratifies Settlement of Legal Action Against the Owners of Premises Located at 250 Newton Ave, Riverhead, New York",ADOPTED [UNANIMOUS],True,Kenneth Rothwell,Robert Kern,,aye,aye,aye,aye,aye
"January 7, 2025",1,2025-1,Establishes Capital Project #12426 Meetinghouse Creek Restoration,ADOPTED [UNANIMOUS],True,Kenneth Rothwell,Robert Kern,,aye,aye,aye,aye,aye
"January 7, 2025",2,2025-2,Establishes Capital Project #12425 for Town Owned Alleyway Enhancements,ADOPTED [UNANIMOUS],True,Robert Kern,Denise Merrifield,,aye,aye,aye,aye,aye
"January 7, 2025",3,2025-3,Acceptance of 2023 Audited Financial Statements,ADOPTED [UNANIMOUS],True,Denise Merrifield,Joann Waski,,aye,aye,aye,aye,aye
"January 7, 2025",4,2025-4,"Ratifies Waiver of Building Department Fees for Habitat for Humanity, Nunc Pro Tunc.",ADOPTED [UNANIMOUS],True,Joann Waski,Kenneth Rothwell,,aye,aye,aye,aye,aye
"January 7, 2025",5,2025-5,Ratifies Authorization for Employee to Buy-Back Accrued Vacation Time,ADOPTED [UNANIMOUS],True,Kenneth Rothwell,Robert Kern,,aye,aye,aye,aye,aye
"January 7, 2025",6,2025-6,Sets Fees for the 2025 Recreation Winter Brochure,ADOPTED [UNANIMOUS],True,Robert Kern,Denise Merrifield,,aye,aye,aye,aye,aye
"January 7, 2025",7,2025-7,Authorization to Publish a Help Wanted Advertisement for Part- Time Police Officers,ADOPTED [UNANIMOUS],True,Denise Merrifield,Joann Waski,,aye,aye,aye,aye,aye
"January 7, 2025",8,2025-8,Sets Salaries of Elected Officials for 2025,ADOPTED [UNANIMOUS],True,Joann Waski,Kenneth Rothwell,,aye,aye,aye,aye,aye
"January 7, 2025",9,2025-9,Sets Salaries of General Town Employees for the Year 2025,ADOPTED [UNANIMOUS],True,Kenneth Rothwell,Robert Kern,,aye,aye,aye,aye,aye
"January 7, 2025",10,2025-10,Sets Salaries of Various Boards for the Year 2025,ADOPTED [UNANIMOUS],True,Robert Kern,Denise Merrifield,,aye,aye,aye,aye,aye
"January 7, 2025",11,2025-11,Sets Salaries of Police Officers for the Year 2025,ADOPTED [UNANIMOUS],True,Denise Merrifield,Joann Waski,,aye,aye,aye,aye,aye
"January 7, 2025",12,2025-12,Sets Salaries of Highway Department for the Year 2025,ADOPTED [UNANIMOUS],True,Joann Waski,Kenneth Rothwell,,aye,aye,aye,aye,aye
"January 7, 2025",13,2025-13,Sets Salaries of Sewer/Scavenger Waste District for the Year 2025,ADOPTED [UNANIMOUS],True,Kenneth Rothwell,Robert Kern,,aye,aye,aye,aye,aye
"January 7, 2025",14,2025-14,Sets Salaries of Street Lighting District for the Year 2025,ADOPTED [UNANIMOUS],True,Robert Kern,Denise Merrifield,,aye,aye,aye,aye,aye
"January 7, 2025",15,2025-15,Sets Salaries of Water District Employees for the Year 2025,ADOPTED [UNANIMOUS],True,Denise Merrifield,Joann Waski,,aye,aye,aye,aye,aye
"January 7, 2025",16,2025-16,Sets Salaries for 2025 Beach Personnel for the Riverhead Recreation Department,ADOPTED [UNANIMOUS],True,Joann Waski,Kenneth Rothwell,,aye,aye,aye,aye,aye
"January 7, 2025",17,2025-17,Sets Salaries for Various Call-In Recreation Personnel for 2025,ADOPTED [UNANIMOUS],True,Kenneth Rothwell,Robert Kern,,aye,aye,aye,aye,aye
"January 7, 2025",18,2025-18,Sets Salaries for 2025 Call-In Personnel,ADOPTED [UNANIMOUS],True,Robert Kern,Denise Merrifield,,aye,aye,aye,aye,aye
"January 7, 2025",19,2025-19,Appoints a Water Treatment Plant Operator Trainee,ADOPTED [UNANIMOUS],True,Denise Merrifield,Joann Waski,,aye,aye,aye,aye,aye
"January 7, 2025",20,2025-20,Appoints a Budget Assistant,ADOPTED [UNANIMOUS],True,Joann Waski,Kenneth Rothwell,,aye,aye,aye,aye,aye
"January 7, 2025",21,2025-21,Appoints Financial Advisor,ADOPTED [UNANIMOUS],True,Kenneth Rothwell,Robert Kern,,aye,aye,aye,aye,aye
"January 7, 2025",22,2025-22,Appoints Bond Counsel,ADOPTED [UNANIMOUS],True,Robert Kern,Denise Merrifield,,aye,aye,aye,aye,aye
"January 7, 2025",23,2025-23,Renews the Appointment of Legal Representation for the Planning Board,ADOPTED [UNANIMOUS],True,Denise Merrifield,Joann Waski,,aye,aye,aye,aye,aye
"January 7, 2025",24,2025-24,"Re-Appoints a Zoning Officer, Nunc Pro Tunc",ADOPTED [UNANIMOUS],True,Joann Waski,Kenneth Rothwell,,aye,aye,aye,aye,aye
"January 7, 2025",25,2025-25,Reappoints Members to the Anti-Bias Task Force,ADOPTED [UNANIMOUS],True,Kenneth Rothwell,Robert Kern,,aye,aye,aye,aye,aye
"January 7, 2025",26,2025-26,Reappoints Member to Recreation Advisory Committee (Winter),ADOPTED [UNANIMOUS],True,Robert Kern,Denise Merrifield,,aye,aye,aye,aye,aye
"January 7, 2025",27,2025-27,Reappoints Member to the Town of Riverhead Planning Board,ADOPTED [UNANIMOUS],True,Denise Merrifield,Joann Waski,,aye,aye,aye,aye,aye
"January 7, 2025",28,2025-28,Reappoints Legal Representation for the Zoning Board of Appeals,ADOPTED [UNANIMOUS],True,Joann Waski,Kenneth Rothwell,,aye,aye,aye,aye,aye
"January 7, 2025",29,2025-29,Ratifies the Reclassification of a Heavy Equipment Operator to Construction Equipment Operator,ADOPTED [UNANIMOUS],True,Kenneth Rothwell,Robert Kern,,aye,aye,aye,aye,aye
"January 7, 2025",30,2025-30,Ratifies the Reclassification of a Heavy Equipment Operator to Construction Equipment Operator,ADOPTED [UNANIMOUS],True,Robert Kern,Denise Merrifield,,aye,aye,aye,aye,aye
"January 7, 2025",31,2025-31,Ratifies the Reclassification of a Heavy Equipment Operator to Construction Equipment Operator,ADOPTED [UNANIMOUS],True,Denise Merrifield,Joann Waski,,aye,aye,aye,aye,aye
"January 7, 2025",32,2025-32,Ratifies the Reclassification of a Heavy Equipment Operator to Construction Equipment Operator,ADOPTED [UNANIMOUS],True,Joann Waski,Kenneth Rothwell,,aye,aye,aye,aye,aye
"January 7, 2025",33,2025-33,Ratifies the Reclassification of an Office Assistant to a Senior Office Assistant,ADOPTED [UNANIMOUS],True,Kenneth Rothwell,Robert Kern,,aye,aye,aye,aye,aye
"January 7, 2025",34,2025-34,Ratifies the Reclassification of a Groundskeeper to Maintenance Mechanic II,ADOPTED [UNANIMOUS],True,Robert Kern,Denise Merrifield,,aye,aye,aye,aye,aye
"January 7, 2025",35,2025-35,Ratifies the Reclassification of a Groundskeeper to Maintenance Mechanic II,ADOPTED [UNANIMOUS],True,Denise Merrifield,Joann Waski,,aye,aye,aye,aye,aye
"January 7, 2025",36,2025-36,Approves Salary Adjustment for a Legislative Secretary,ADOPTED [UNANIMOUS],True,Joann Waski,Kenneth Rothwell,,aye,aye,aye,aye,aye
"January 7, 2025",37,2025-37,Approves Salary Adjustments for Public Safety Dispatchers,ADOPTED [UNANIMOUS],True,Kenneth Rothwell,Robert Kern,,aye,aye,aye,aye,aye
"January 7, 2025",38,2025-38,Approves Salary Adjustments for Named Water District Employees,ADOPTED [UNANIMOUS],True,Robert Kern,Denise Merrifield,,aye,aye,aye,aye,aye
"January 7, 2025",39,2025-39,Approves Salary Increase for a Heavy Equipment Operator,ADOPTED [UNANIMOUS],True,Denise Merrifield,Joann Waski,,aye,aye,aye,aye,aye
"January 7, 2025",40,2025-40,Approves Salary Increase for a Water District Maintenance Crew Leader,ADOPTED [UNANIMOUS],True,Joann Waski,Kenneth Rothwell,,aye,aye,aye,aye,aye
"January 7, 2025",41,2025-41,Approves Salary Increase for a Senior Cook,ADOPTED [UNANIMOUS],True,Kenneth Rothwell,Robert Kern,,aye,aye,aye,aye,aye
"January 7, 2025",42,2025-42,Approves Salary Increase for a Cook,ADOPTED [UNANIMOUS],True,Robert Kern,Denise Merrifield,,aye,aye,aye,aye,aye
"January 7, 2025",43,2025-43,Approves Salary Increase for a Senior Citizens Program Supervisor,ADOPTED [UNANIMOUS],True,Denise Merrifield,Joann Waski,,aye,aye,aye,aye,aye
"January 7, 2025",44,2025-44,Approves Salary Increase for a Minibus Driver,ADOPTED [UNANIMOUS],True,Joann Waski,Kenneth Rothwell,,aye,aye,aye,aye,aye
"January 7, 2025",45,2025-45,Approves Salary Increase for a Community Relations Specialist,ADOPTED [UNANIMOUS],True,Kenneth Rothwell,Robert Kern,,aye,aye,aye,aye,aye
"January 7, 2025",46,2025-46,Approves Salary Increase for a Cultural Affairs Supervisor,ADOPTED [UNANIMOUS],True,Robert Kern,Denise Merrifield,,aye,aye,aye,aye,aye
"January 7, 2025",47,2025-47,Approves Salary Increase for a Recreation Leader,ADOPTED [UNANIMOUS],True,Denise Merrifield,Joann Waski,,aye,aye,aye,aye,aye
"January 7, 2025",48,2025-48,Approves Salary Increase for a Recreation Supervisor,ADOPTED [UNANIMOUS],True,Joann Waski,Kenneth Rothwell,,aye,aye,aye,aye,aye
"January 7, 2025",49,2025-49,Approves Salary Increase for a Planner,ADOPTED [UNANIMOUS],True,Kenneth Rothwell,Robert Kern,,aye,aye,aye,aye,aye
"January 7, 2025",50,2025-50,Approves Salary Increase for a Senior Planner-Charters,ADOPTED [UNANIMOUS],True,Robert Kern,Denise Merrifield,,aye,aye,aye,aye,aye
"January 7, 2025",51,2025-51,Approves Salary Increase for a Senior Planner-Bergman,ADOPTED [UNANIMOUS],True,Denise Merrifield,Joann Waski,,aye,aye,aye,aye,aye
"January 7, 2025",52,2025-52,Approves Salary Increase for an Associate Administrator,ADOPTED [UNANIMOUS],True,Joann Waski,Kenneth Rothwell,,aye,aye,aye,aye,aye
"January 7, 2025",53,2025-53,Approves Salary Increase for a Grants Analyst,ADOPTED [UNANIMOUS],True,Kenneth Rothwell,Robert Kern,,aye,aye,aye,aye,aye
"January 7, 2025",54,2025-54,Approves Salary Increase for Chief Building Inspector,ADOPTED [UNANIMOUS],True,Robert Kern,Denise Merrifield,,aye,aye,aye,aye,aye
"January 7, 2025",55,2025-55,Approves Salary Increase for Personnel Assistant,ADOPTED [UNANIMOUS],True,Denise Merrifield,Joann Waski,,aye,aye,aye,aye,aye
"January 7, 2025",56,2025-56,Approves Salary Increase for a Town Personnel Officer,ADOPTED [4 TO 0],True,Joann Waski,Kenneth Rothwell,,abstain,aye,aye,aye,aye
"January 7, 2025",57,2025-57,Approves Salary Increase for a Principal Office Assistant,ADOPTED [UNANIMOUS],True,Kenneth Rothwell,Robert Kern,,aye,aye,aye,aye,aye
"January 7, 2025",58,2025-58,Approves a Salary Increase for a Senior Justice Court Clerk,ADOPTED [UNANIMOUS],True,Robert Kern,Denise Merrifield,,aye,aye,aye,aye,aye
"January 7, 2025",59,2025-59,Approves a Salary Increase for a Youth Counselor,ADOPTED [UNANIMOUS],True,Denise Merrifield,Joann Waski,,aye,aye,aye,aye,aye
"January 7, 2025",60,2025-60,Approves a Salary Increase for a Network and Systems Specialist II,ADOPTED [UNANIMOUS],True,Joann Waski,Kenneth Rothwell,,aye,aye,aye,aye,aye
"January 7, 2025",61,2025-61,Approves a Salary Increase for a Maintenance Mechanic II,ADOPTED [UNANIMOUS],True,Kenneth Rothwell,Robert Kern,,aye,aye,aye,aye,aye
"January 7, 2025",62,2025-62,Approves a Salary Increase for a Maintenance Mechanic III,ADOPTED [UNANIMOUS],True,Robert Kern,Denise Merrifield,,aye,aye,aye,aye,aye
"January 7, 2025",63,2025-63,Approves Salary Increase for Deputy Tax Receiver Lisa Richards,ADOPTED [UNANIMOUS],True,Denise Merrifield,Joann Waski,,aye,aye,aye,aye,aye
"January 7, 2025",64,2025-64,Approves Salary Increase for Chief of Staff,ADOPTED [UNANIMOUS],True,Joann Waski,Kenneth Rothwell,,aye,aye,aye,aye,aye
"January 7, 2025",65,2025-65,Approves Salary Increase for Deputy Town Attorney- Prudenti,ADOPTED [UNANIMOUS],True,Kenneth Rothwell,Robert Kern,,aye,aye,aye,aye,aye
"January 7, 2025",66,2025-66,Approves Salary Increase for Deputy Town Attorney- Hurley,ADOPTED [UNANIMOUS],True,Robert Kern,Denise Merrifield,,aye,aye,aye,aye,aye
"January 7, 2025",67,2025-67,Approves Salary Increase for Town Attorney- Howard,ADOPTED [4 TO 0],True,Denise Merrifield,Joann Waski,,abstain,aye,aye,aye,aye
"January 7, 2025",68,2025-68,Approves Salary Increase for Town Engineer Drew Dillingham,ADOPTED [UNANIMOUS],True,Joann Waski,Kenneth Rothwell,,aye,aye,aye,aye,aye
"January 7, 2025",69,2025-69,Approves a Stipend for a Spanish Speaking Justice Court Clerk,ADOPTED [UNANIMOUS],True,Kenneth Rothwell,Robert Kern,,aye,aye,aye,aye,aye
"January 7, 2025",70,2025-70,Approves the Continuation of a Stipend for Two IT Employees,ADOPTED [UNANIMOUS],True,Robert Kern,Denise Merrifield,,aye,aye,aye,aye,aye
"January 7, 2025",71,2025-71,Renews a Stipend for the Oversight of the Department of Economic Development and Planning and the Town’s Planning and Building Department,ADOPTED [UNANIMOUS],True,Denise Merrifield,Joann Waski,,aye,aye,aye,aye,aye
"January 7, 2025",72,2025-72,Ratifies and Accepts the Resignation of a Public Safety Dispatcher,ADOPTED [UNANIMOUS],True,Joann Waski,Kenneth Rothwell,,aye,aye,aye,aye,aye
"January 7, 2025",73,2025-73,Authorizes the Community Development Department to Apply for the NYS ADU Plus One Program,ADOPTED [UNANIMOUS],True,Kenneth Rothwell,Robert Kern,,aye,aye,aye,aye,aye
"January 7, 2025",74,2025-74,"Authorizes the Release of Security for East End Disability Associates, Inc",ADOPTED [UNANIMOUS],True,Robert Kern,Denise Merrifield,,aye,aye,aye,aye,aye
"January 7, 2025",75,2025-75,Authorizes Supervisor to Execute Agreement with Seed Clam Administrator,ADOPTED [UNANIMOUS],True,Denise Merrifield,Joann Waski,,aye,aye,aye,aye,aye
"January 7, 2025",76,2025-76,Authorizes the Supervisor to Execute a 2025 Musical Works License Agreement with SESAC,ADOPTED [UNANIMOUS],True,Joann Waski,Kenneth Rothwell,,aye,aye,aye,aye,aye
"January 7, 2025",77,2025-77,"Authorizes the Supervisor to Execute a Stipulation with Local 1000, Afscme, AFL-CIO, Riverhead Unit of the Suffolk Local #852",ADOPTED [UNANIMOUS],True,Kenneth Rothwell,Robert Kern,,aye,aye,aye,aye,aye
"January 7, 2025",78,2025-78,Authorizes Execution of a License Agreement with Research Foundation of State University of New York for Installation of Fish Passage Camera at Grangebel Park,ADOPTED [UNANIMOUS],True,Robert Kern,Denise Merrifield,,aye,aye,aye,aye,aye
"January 7, 2025",79,2025-79,Authorizes the Chief of Police to Execute an Agreement with County of Suffolk,ADOPTED [UNANIMOUS],True,Denise Merrifield,Joann Waski,,aye,aye,aye,aye,aye
"January 7, 2025",80,2025-80,"Authorizes the Supervisor to Issue a Letter to the Suffolk County Department of Health Services Allowing the Use of Pine Barrens Credits Originated from Property Located in Riverhead (Expressway Plaza 1 Llc & Farmingville Associates Phase 1, LLC)",ADOPTED [UNANIMOUS],True,Joann Waski,Kenneth Rothwell,,aye,aye,aye,aye,aye
"January 7, 2025",81,2025-81,Adopts 2025 Investment Policy,ADOPTED [UNANIMOUS],True,Kenneth Rothwell,Robert Kern,,aye,aye,aye,aye,aye
"January 7, 2025",82,2025-82,"Adopts a Local Law Amending Chapter 103 of the Riverhead Town Code Titled, “Town Officers and Employees, Article VI. Term Limits” for Town Justices",ADOPTED [UNANIMOUS],True,Robert Kern,Denise Merrifield,,aye,aye,aye,aye,aye
"January 7, 2025",83,2025-83,Negative Declaration for a Unlisted Action (Type 1 Review) Under SEQRA For Clean Water State Revolving Fund Loan to Fund Updates to the Riverhead Water Resource Recovery Facility To Produce Class a Biosolids,ADOPTED [UNANIMOUS],True,Denise Merrifield,Joann Waski,,aye,aye,aye,aye,aye
"January 7, 2025",84,2025-84,Pays Bills,ADOPTED [UNANIMOUS],True,Joann Waski,Kenneth Rothwell,,aye,aye,aye,aye,aye
"January 7, 2025",85,2024-925,Awards Re-Bid for Meetinghouse Creek Stormwater Wetland and Habitat Restoration Project,NOT ADOPTED [0 TO 5],False,Kenneth Rothwell,Robert Kern,,nay,nay,nay,nay,nay
"January 7, 2025",86,2025-85,Ratifies the Provisional Appointment of a Senior Wastewater Treatment Plant Operator 2A,ADOPTED [UNANIMOUS],True,Robert Kern,Denise Merrifield,,aye,aye,aye,aye,aye
"January 7, 2025",87,2025-86,Resolution Setting Fees for Taxicabs and Vehicles for Hire Pursuant to Chapter 281 of the Riverhead Town Code,ADOPTED [UNANIMOUS],True,Denise Merrifield,Joann Waski,,aye,aye,aye,aye,aye
"January 7, 2025",88,2025-87,Rejects All Bids and Authorizes Town Clerk to Publish and Post Notice to Bidders for Re-Bid #2 for Meetinghouse Creek Stormwater Wetland and Habitat Restoration Project,ADOPTED [UNANIMOUS],True,Joann Waski,Kenneth Rothwell,,aye,aye,aye,aye,aye
"January 7, 2025",89,2025-88,"Ratifies Authorization for the Town Attorney's Office to Execute Settlement of Legal Action Against Island Water Park Corp., D/B/A Scott’s Pointe",ADOPTED [4 TO 1],True,Joann Waski,Kenneth Rothwell,,aye,aye,nay,aye,aye
"January 7, 2025",90,2024-1009,"Schedules Public Hearing for the Site Plan Amendment Application of Island Water Park 5835 Middle Country Road, Calverton, NY SCTM No. 600-135-1-7.34",ADOPTED [4 TO 1],True,Joann Waski,Kenneth Rothwell,,aye,aye,nay,aye,aye
